district,year,spei
Chadiza,1999,0.599624895
Chadiza,2000,0.6807551866666667
Chadiza,2001,0.7164113075
Chadiza,2002,0.3603770375
Chadiza,2003,0.23432596258333335
Chadiza,2004,0.16992486625
Chadiza,2005,-0.5562536058333333
Chadiza,2006,-0.38068662200000003
Chadiza,2007,0.19625012191666666
Chadiza,2008,0.4948355523333334
Chadiza,2009,0.7938063125
Chadiza,2010,1.915869925
Chadiza,2011,1.5210839083333332
Chadiza,2012,1.6944936583333332
Chadiza,2013,1.3196537525
Chadiza,2014,-0.21807727441666666
Chadiza,2015,-0.9692468808333333
Chadiza,2016,-1.7095301083333334
Chadiza,2017,-1.1712153
Chadiza,2018,-0.8628333224999999
Chadiza,2019,-0.2061271925
Chadiza,2020,0.2561803325
Chadiza,2021,0.09977070466666667
Chadiza,2022,0.0652363855
Chama,1999,-0.5768912766666666
Chama,2000,-1.0049792171666667
Chama,2001,0.10195624666666665
Chama,2002,-0.6089164321666667
Chama,2003,0.09496918285833333
Chama,2004,0.56896665
Chama,2005,0.10472543969999999
Chama,2006,-0.451473355
Chama,2007,0.004504416916666666
Chama,2008,0.11409769833333333
Chama,2009,-0.30222364166666665
Chama,2010,0.8076751966666667
Chama,2011,0.044186275000000004
Chama,2012,-0.007064802691666668
Chama,2013,0.066995285
Chama,2014,-0.34738838
Chama,2015,-0.7211817475000001
Chama,2016,-1.0512852841666667
Chama,2017,-1.0650072400000001
Chama,2018,-1.0370954341666667
Chama,2019,-0.06591123080833333
Chama,2020,0.5859360558333333
Chama,2021,1.0943936408333335
Chama,2022,0.9944168725
Chasefu,1999,-0.43465016083333335
Chasefu,2000,-1.1197588708333333
Chasefu,2001,-0.2756220665
Chasefu,2002,-0.7284692025
Chasefu,2003,-0.06305257266666667
Chasefu,2004,0.5415781541666667
Chasefu,2005,0.03158975325
Chasefu,2006,-0.59263539
Chasefu,2007,-0.22404938500000002
Chasefu,2008,-0.41124803000000004
Chasefu,2009,-0.8235842766666667
Chasefu,2010,0.50207020625
Chasefu,2011,-0.22280529466666665
Chasefu,2012,0.20457922416666666
Chasefu,2013,0.522051711
Chasefu,2014,-0.19663633666666666
Chasefu,2015,-0.8380740825
Chasefu,2016,-1.5757358750000001
Chasefu,2017,-1.5754566416666667
Chasefu,2018,-1.2961335999999999
Chasefu,2019,0.3533824458333333
Chasefu,2020,0.8990013341666666
Chasefu,2021,1.3625291966666666
Chasefu,2022,1.3180308416666666
Chavuma,1999,-1.181083825
Chavuma,2000,-0.8580083366666665
Chavuma,2001,-0.6230748716666666
Chavuma,2002,-0.9566613250000001
Chavuma,2003,-0.8445549575000001
Chavuma,2004,-0.23982124166666666
Chavuma,2005,-0.7663299625
Chavuma,2006,-0.9245100391666666
Chavuma,2007,-1.1572779691666668
Chavuma,2008,-1.4197382416666666
Chavuma,2009,-0.62260338
Chavuma,2010,0.100007238625
Chavuma,2011,0.8431262266666667
Chavuma,2012,0.9061883841666667
Chavuma,2013,0.50576593
Chavuma,2014,1.1963546708333335
Chavuma,2015,0.3432367289166667
Chavuma,2016,0.30551838808333337
Chavuma,2017,0.47054124875000003
Chavuma,2018,0.25626790616666667
Chavuma,2019,-0.15832891033333332
Chavuma,2020,0.71861418
Chavuma,2021,0.6989458741666666
Chavuma,2022,0.17778676725
Chembe,1999,-0.462004225
Chembe,2000,-0.26219088500000004
Chembe,2001,1.2853031125
Chembe,2002,0.7983441450000001
Chembe,2003,1.0756586783333333
Chembe,2004,1.177645425
Chembe,2005,-0.08135249683333333
Chembe,2006,-0.6493625666666667
Chembe,2007,-0.3870092541666667
Chembe,2008,-0.45295245749999996
Chembe,2009,0.05090487983333333
Chembe,2010,0.7663845008333333
Chembe,2011,0.4006225016666667
Chembe,2012,1.1668667616666666
Chembe,2013,0.6389447908333333
Chembe,2014,0.23104893583333333
Chembe,2015,-0.6862369791666666
Chembe,2016,-1.2977312666666667
Chembe,2017,-0.8851543999999999
Chembe,2018,-0.46473500333333334
Chembe,2019,0.9559908616666667
Chembe,2020,0.9531987041666667
Chembe,2021,1.3360282083333335
Chembe,2022,0.6231330325000001
Chibombo,1999,-0.14597536214166665
Chibombo,2000,0.5971678196666667
Chibombo,2001,1.1752257874999998
Chibombo,2002,0.8817319916666667
Chibombo,2003,1.00513405
Chibombo,2004,0.9643556108333334
Chibombo,2005,-0.6340005991666667
Chibombo,2006,-0.04333901600000001
Chibombo,2007,-0.16254929333333334
Chibombo,2008,0.26625063983333336
Chibombo,2009,1.3175347641666666
Chibombo,2010,1.9362548000000002
Chibombo,2011,1.7843568916666666
Chibombo,2012,1.1411000908333333
Chibombo,2013,0.913454935
Chibombo,2014,0.05969725658333333
Chibombo,2015,-0.2090725691666667
Chibombo,2016,-0.5622501758333334
Chibombo,2017,0.209765185
Chibombo,2018,0.7044453501666667
Chibombo,2019,-0.00036566558333333415
Chibombo,2020,-0.20071229833333334
Chibombo,2021,-0.49062429083333337
Chibombo,2022,-0.7168619574999999
Chiengi,1999,0.0368397725
Chiengi,2000,0.2310353985
Chiengi,2001,-0.19793334083333333
Chiengi,2002,-0.4188887691666667
Chiengi,2003,-0.8529751220833334
Chiengi,2004,-0.8314800783333333
Chiengi,2005,-0.44587525250000004
Chiengi,2006,-1.1649907566666666
Chiengi,2007,-0.450477175
Chiengi,2008,-0.3062013429166667
Chiengi,2009,-0.557175795
Chiengi,2010,-0.5406549978333334
Chiengi,2011,-1.2009469858333333
Chiengi,2012,-1.226585275
Chiengi,2013,-0.7949548516666667
Chiengi,2014,0.17729857158333331
Chiengi,2015,0.767625095
Chiengi,2016,1.1153616616666666
Chiengi,2017,0.43746942166666664
Chiengi,2018,0.27956461516666664
Chiengi,2019,0.5797461958333333
Chiengi,2020,0.7895737883333332
Chiengi,2021,1.0585156
Chiengi,2022,1.0214667891666667
Chifunabuli,1999,0.8654452803333333
Chifunabuli,2000,0.2482009281666667
Chifunabuli,2001,0.9198090611666667
Chifunabuli,2002,0.4178901
Chifunabuli,2003,0.48784752000000003
Chifunabuli,2004,0.8960029291666666
Chifunabuli,2005,0.2621143645833333
Chifunabuli,2006,-0.20772156500000002
Chifunabuli,2007,0.6241445541666667
Chifunabuli,2008,0.4424638760833333
Chifunabuli,2009,0.8437589124999999
Chifunabuli,2010,1.0769171466666667
Chifunabuli,2011,0.249372845
Chifunabuli,2012,0.4690855375
Chifunabuli,2013,-0.1084467145
Chifunabuli,2014,-0.2395089025
Chifunabuli,2015,-0.9914881366666667
Chifunabuli,2016,-1.3292034499999998
Chifunabuli,2017,-1.4771046749999999
Chifunabuli,2018,-1.1755441
Chifunabuli,2019,-0.2901582975
Chifunabuli,2020,0.26306462408333336
Chifunabuli,2021,1.1832375775
Chifunabuli,2022,0.504173915
Chikankanta,1999,0.6116311716666667
Chikankanta,2000,1.0060361208333333
Chikankanta,2001,0.9551937583333333
Chikankanta,2002,0.6234553158333334
Chikankanta,2003,-0.17174629466666666
Chikankanta,2004,-0.014353093500000002
Chikankanta,2005,-0.9052843791666666
Chikankanta,2006,-0.066057475875
Chikankanta,2007,0.46533842833333333
Chikankanta,2008,0.9192989783333333
Chikankanta,2009,1.6969240666666667
Chikankanta,2010,1.84461565
Chikankanta,2011,1.7921443333333331
Chikankanta,2012,0.9304196408333333
Chikankanta,2013,0.8674033899999999
Chikankanta,2014,0.5457353891666666
Chikankanta,2015,0.31327273736666666
Chikankanta,2016,0.08899959125
Chikankanta,2017,0.41453821116666667
Chikankanta,2018,0.5998703816666667
Chikankanta,2019,-0.40515327416666663
Chikankanta,2020,-0.2637209383333333
Chikankanta,2021,-0.6657100225
Chikankanta,2022,-0.9370784725000001
Chilanga,1999,0.028155942750000006
Chilanga,2000,0.6153603541666667
Chilanga,2001,0.9617826966666666
Chilanga,2002,0.8221335933333332
Chilanga,2003,0.48169190900000003
Chilanga,2004,0.4710805658333333
Chilanga,2005,-0.7405788416666667
Chilanga,2006,-0.08298685393616666
Chilanga,2007,0.25985039541666666
Chilanga,2008,0.7693798225
Chilanga,2009,1.5751883083333336
Chilanga,2010,2.0396360083333334
Chilanga,2011,1.979082375
Chilanga,2012,1.2465697333333334
Chilanga,2013,0.9747251108333334
Chilanga,2014,0.19431833908333332
Chilanga,2015,-0.150028859375
Chilanga,2016,-0.39054670416666665
Chilanga,2017,0.31815878346666665
Chilanga,2018,0.5001400775
Chilanga,2019,-0.3569483515
Chilanga,2020,-0.32530702333333333
Chilanga,2021,-0.8690098666666666
Chilanga,2022,-1.06353359
Chililabombwe,1999,-0.7143419183333334
Chililabombwe,2000,-0.13286559166666667
Chililabombwe,2001,1.5949256916666668
Chililabombwe,2002,0.8076300608333334
Chililabombwe,2003,1.1115423016666666
Chililabombwe,2004,1.4260579916666665
Chililabombwe,2005,-0.4189764991666667
Chililabombwe,2006,-0.18994230093333334
Chililabombwe,2007,-0.16661793583333334
Chililabombwe,2008,-0.10714875275
Chililabombwe,2009,0.9607925458333333
Chililabombwe,2010,1.5241428499999998
Chililabombwe,2011,0.9597058791666666
Chililabombwe,2012,1.2888455125
Chililabombwe,2013,0.5944388941666666
Chililabombwe,2014,0.15114162166666667
Chililabombwe,2015,-0.4315300133333333
Chililabombwe,2016,-1.1415390416666666
Chililabombwe,2017,-0.5182458458333333
Chililabombwe,2018,-0.37587384916666666
Chililabombwe,2019,0.32101330541666667
Chililabombwe,2020,-0.16608856624999999
Chililabombwe,2021,0.3635109058333334
Chililabombwe,2022,-0.11302144425
Chilubi,1999,1.0386621233333333
Chilubi,2000,0.43227707583333336
Chilubi,2001,1.0630492691666666
Chilubi,2002,0.21204170666666666
Chilubi,2003,0.3048613355
Chilubi,2004,0.6333894016666667
Chilubi,2005,-0.03383518616666666
Chilubi,2006,-0.5528137691666667
Chilubi,2007,0.31861058795
Chilubi,2008,0.3858566766666667
Chilubi,2009,0.6033951016666667
Chilubi,2010,1.0611970975
Chilubi,2011,-0.2797286333333333
Chilubi,2012,-0.221669695
Chilubi,2013,-0.367153785
Chilubi,2014,-0.36680060416666666
Chilubi,2015,-0.6541750908333334
Chilubi,2016,-0.7597195183333333
Chilubi,2017,-0.8911444491666667
Chilubi,2018,-0.5788645858333333
Chilubi,2019,0.21888737458333332
Chilubi,2020,0.6184617833333333
Chilubi,2021,1.1805477666666666
Chilubi,2022,0.7055281866666667
Chingola,1999,-0.6715541483333333
Chingola,2000,-0.11201535083333335
Chingola,2001,1.608147325
Chingola,2002,0.8298572074999999
Chingola,2003,1.0838624058333333
Chingola,2004,1.3467726500000001
Chingola,2005,-0.5405852274999999
Chingola,2006,-0.24958311783333334
Chingola,2007,-0.3466996845833334
Chingola,2008,-0.22206573516666664
Chingola,2009,0.886229384
Chingola,2010,1.457915075
Chingola,2011,1.05078802
Chingola,2012,1.2324858333333333
Chingola,2013,0.588718935
Chingola,2014,0.12595589383333333
Chingola,2015,-0.47428599666666665
Chingola,2016,-0.9481730583333333
Chingola,2017,-0.3454298215
Chingola,2018,-0.06047878733333334
Chingola,2019,0.4639032875
Chingola,2020,-0.03213597716666667
Chingola,2021,0.33727622041666666
Chingola,2022,-0.3475374783333333
Chinsali,1999,-0.023219075083333336
Chinsali,2000,-0.7348000541666666
Chinsali,2001,0.5625893333333333
Chinsali,2002,-1.0577145591666668
Chinsali,2003,-0.16224989883333332
Chinsali,2004,0.3680655629166667
Chinsali,2005,0.14298077166666667
Chinsali,2006,-0.0911333055
Chinsali,2007,0.44590240833333333
Chinsali,2008,0.24101005499999997
Chinsali,2009,-0.530540065
Chinsali,2010,-0.03664376825000001
Chinsali,2011,-1.3549279291666665
Chinsali,2012,-1.2451314166666667
Chinsali,2013,-1.3108465666666667
Chinsali,2014,-0.9498470641666666
Chinsali,2015,-1.14531717
Chinsali,2016,-0.8458217983333333
Chinsali,2017,-0.9162871591666667
Chinsali,2018,-1.17187548
Chinsali,2019,-0.29814960716666666
Chinsali,2020,0.47566484233333334
Chinsali,2021,1.1532549166666668
Chinsali,2022,1.3402921083333332
Chipangali,1999,-0.20569131716666667
Chipangali,2000,-0.5691481891666667
Chipangali,2001,-0.3228927771666667
Chipangali,2002,-0.41244402583333334
Chipangali,2003,0.11500648866666667
Chipangali,2004,0.4519744275
Chipangali,2005,0.0012358570833333378
Chipangali,2006,-0.07472766691666667
Chipangali,2007,0.7551974100000001
Chipangali,2008,0.9323873025
Chipangali,2009,0.8098254854999999
Chipangali,2010,1.9962270166666667
Chipangali,2011,0.9176402858333333
Chipangali,2012,1.1904245624999998
Chipangali,2013,0.9366663669999999
Chipangali,2014,-0.4410482425
Chipangali,2015,-1.1941166416666666
Chipangali,2016,-1.806380825
Chipangali,2017,-1.60871165
Chipangali,2018,-1.2387249999999999
Chipangali,2019,-0.2571528556666667
Chipangali,2020,0.1392004125
Chipangali,2021,0.5625162808333334
Chipangali,2022,0.29313496916666665
Chipata,1999,0.21961791333333336
Chipata,2000,0.03219595085833333
Chipata,2001,0.25361338250000004
Chipata,2002,-0.03598693716666667
Chipata,2003,0.08621730220833333
Chipata,2004,0.3949605916666667
Chipata,2005,-0.20049412583333334
Chipata,2006,-0.055156700083333336
Chipata,2007,0.6391363449999999
Chipata,2008,0.6848645739166667
Chipata,2009,0.6041482541666666
Chipata,2010,1.8634895
Chipata,2011,1.11919405
Chipata,2012,1.6316105083333332
Chipata,2013,1.4172625791666666
Chipata,2014,-0.23359620250000002
Chipata,2015,-1.0803874333333334
Chipata,2016,-1.783654875
Chipata,2017,-1.4682792500000001
Chipata,2018,-1.0604371041666667
Chipata,2019,-0.16291679791666666
Chipata,2020,0.20973795783333335
Chipata,2021,0.45465708666666665
Chipata,2022,0.21856532666666664
Chipili,1999,0.5010816975
Chipili,2000,-0.17286009914166667
Chipili,2001,0.9174360625000001
Chipili,2002,0.59029853
Chipili,2003,0.10626787
Chipili,2004,0.5009667045
Chipili,2005,0.12840374125
Chipili,2006,-0.7443052375
Chipili,2007,0.29175627083333333
Chipili,2008,0.09859781841666666
Chipili,2009,0.20576309958333336
Chipili,2010,0.2925440991666666
Chipili,2011,-0.7438167216666667
Chipili,2012,-0.31269475625000004
Chipili,2013,-0.3731876138333334
Chipili,2014,0.34948243225000003
Chipili,2015,-0.5195403101916667
Chipili,2016,-0.8296808808333332
Chipili,2017,-1.4285484083333333
Chipili,2018,-1.1236500585833333
Chipili,2019,0.05261709333333333
Chipili,2020,0.6687551136666666
Chipili,2021,1.4588040141666667
Chipili,2022,0.3933431891666667
Chirundu,1999,0.6657964070000001
Chirundu,2000,1.0034086783333334
Chirundu,2001,0.9245709400000001
Chirundu,2002,0.5077328775
Chirundu,2003,-0.29369613916666665
Chirundu,2004,-0.19607626416666668
Chirundu,2005,-0.9577858439166667
Chirundu,2006,-0.25160862666666667
Chirundu,2007,0.07387963625
Chirundu,2008,0.5693305008333334
Chirundu,2009,1.544865725
Chirundu,2010,1.9222484666666666
Chirundu,2011,1.9875622916666666
Chirundu,2012,1.10573667
Chirundu,2013,0.8831973016666667
Chirundu,2014,0.4898966
Chirundu,2015,0.48168083916666665
Chirundu,2016,0.3390889146666667
Chirundu,2017,0.604741725
Chirundu,2018,0.6136868866666666
Chirundu,2019,-0.4587199503333334
Chirundu,2020,-0.5155383069166667
Chirundu,2021,-0.8416799425
Chirundu,2022,-0.9848655416666667
Chisamba,1999,0.3725173275
Chisamba,2000,0.9369450516666666
Chisamba,2001,1.5300608249999998
Chisamba,2002,1.0224737258333334
Chisamba,2003,0.6135213441666667
Chisamba,2004,0.7278099041666667
Chisamba,2005,-0.6324916708333334
Chisamba,2006,-0.054349225249999994
Chisamba,2007,0.010449300833333333
Chisamba,2008,0.24709167966666667
Chisamba,2009,1.1125936625
Chisamba,2010,1.8453914916666667
Chisamba,2011,1.7708609416666665
Chisamba,2012,1.1200161258333334
Chisamba,2013,0.8361880283333334
Chisamba,2014,-0.08753212233333334
Chisamba,2015,-0.34648630166666666
Chisamba,2016,-0.5338618608333333
Chisamba,2017,0.316470666
Chisamba,2018,0.7609268916666667
Chisamba,2019,0.01463443379166667
Chisamba,2020,-0.2624991975
Chisamba,2021,-0.6065411675
Chisamba,2022,-0.7930102075000001
Chitambo,1999,0.15838269666666668
Chitambo,2000,0.17666063708333332
Chitambo,2001,0.5454175270833334
Chitambo,2002,-0.0743349185
Chitambo,2003,0.2379608925
Chitambo,2004,0.38354603333333337
Chitambo,2005,-0.12671841833333333
Chitambo,2006,0.19282166
Chitambo,2007,0.9275865666666667
Chitambo,2008,1.2620638800000001
Chitambo,2009,1.4852109391666666
Chitambo,2010,2.1015682916666667
Chitambo,2011,1.3065506666666666
Chitambo,2012,1.3138421
Chitambo,2013,0.7749854566666667
Chitambo,2014,-0.4502506508333333
Chitambo,2015,-1.0494649083333334
Chitambo,2016,-1.7337869583333332
Chitambo,2017,-1.1290449999999999
Chitambo,2018,-0.5654994019166667
Chitambo,2019,-0.014271825250000002
Chitambo,2020,0.12419035625000001
Chitambo,2021,0.5147378758333333
Chitambo,2022,0.2532895
Choma,1999,0.6797568825
Choma,2000,0.96503722
Choma,2001,0.8514428158333334
Choma,2002,0.7041210875
Choma,2003,0.08736336791666666
Choma,2004,0.14137865233333333
Choma,2005,-1.0008226991666667
Choma,2006,-0.03339516625
Choma,2007,0.6632235966666666
Choma,2008,1.2115424791666667
Choma,2009,1.8400585333333332
Choma,2010,1.8253922333333332
Choma,2011,1.8800425166666666
Choma,2012,1.1079308641666668
Choma,2013,0.8891292633333333
Choma,2014,0.6459595633333334
Choma,2015,-0.007995192083333333
Choma,2016,-0.27302874666666666
Choma,2017,0.3461759033333333
Choma,2018,0.6372686766666666
Choma,2019,-0.26593396083333337
Choma,2020,-0.14860173575
Choma,2021,-0.8561376004166666
Choma,2022,-1.4223404416666667
Chongwe,1999,0.2354886235
Chongwe,2000,0.9375038025000001
Chongwe,2001,1.2805794833333335
Chongwe,2002,0.84961363
Chongwe,2003,0.28633980975
Chongwe,2004,0.28786743833333334
Chongwe,2005,-0.8035962775000001
Chongwe,2006,-0.2010541735
Chongwe,2007,0.003598131083333326
Chongwe,2008,0.43731786916666665
Chongwe,2009,1.2727367116666668
Chongwe,2010,1.9707708083333333
Chongwe,2011,1.9485794583333333
Chongwe,2012,0.9543158300000001
Chongwe,2013,0.7998959858333333
Chongwe,2014,0.142787154275
Chongwe,2015,-0.032993780438333335
Chongwe,2016,-0.23903266833333334
Chongwe,2017,0.4739043688333333
Chongwe,2018,0.6261063419166667
Chongwe,2019,-0.27393357575
Chongwe,2020,-0.43067558
Chongwe,2021,-0.9286523558333334
Chongwe,2022,-1.0986843458333333
Gwembe,1999,0.865015135
Gwembe,2000,1.1975169416666667
Gwembe,2001,1.0388123016666666
Gwembe,2002,0.61876148
Gwembe,2003,-0.15755219508333332
Gwembe,2004,-0.08236466398666666
Gwembe,2005,-0.9655468530833332
Gwembe,2006,0.0038754915833333348
Gwembe,2007,0.50731656
Gwembe,2008,1.068428385
Gwembe,2009,1.698692275
Gwembe,2010,1.688244675
Gwembe,2011,1.8696564583333333
Gwembe,2012,1.1285506383333332
Gwembe,2013,0.9486241533333333
Gwembe,2014,0.6790049183333333
Gwembe,2015,0.1970389625
Gwembe,2016,-0.07234665921666666
Gwembe,2017,0.2214137925
Gwembe,2018,0.20955552916666667
Gwembe,2019,-0.7114437091666667
Gwembe,2020,-0.5445407725
Gwembe,2021,-1.0033482383333332
Gwembe,2022,-1.1954211858333335
Ikelenge,1999,0.17209024091666666
Ikelenge,2000,-0.8729558458333333
Ikelenge,2001,-1.4366661333333333
Ikelenge,2002,-1.9356149666666667
Ikelenge,2003,-1.7645109083333335
Ikelenge,2004,-1.0022194391666666
Ikelenge,2005,-0.8545016158333333
Ikelenge,2006,-0.5898214208333333
Ikelenge,2007,-0.17410997333333333
Ikelenge,2008,-0.5452598966666666
Ikelenge,2009,-0.5586465116666667
Ikelenge,2010,-0.4107465825
Ikelenge,2011,-0.9749279833333334
Ikelenge,2012,-1.0445873791666667
Ikelenge,2013,-0.8646094841666666
Ikelenge,2014,1.07998201175
Ikelenge,2015,1.06359524
Ikelenge,2016,0.978837525
Ikelenge,2017,0.5051955758333334
Ikelenge,2018,-0.7358340175000001
Ikelenge,2019,0.07862316516666668
Ikelenge,2020,0.9142152033333333
Ikelenge,2021,0.9283181125
Ikelenge,2022,0.621630991875
Isoka,1999,-0.12477671725
Isoka,2000,-0.5362639866666666
Isoka,2001,0.49704122
Isoka,2002,-0.8758083066666668
Isoka,2003,-0.5338443386666667
Isoka,2004,-0.21965832666666665
Isoka,2005,-0.47226690499999996
Isoka,2006,-0.9825783866666667
Isoka,2007,-0.49162942
Isoka,2008,-0.3962523103333333
Isoka,2009,-0.695315601
Isoka,2010,-0.0010288262500000034
Isoka,2011,-0.9496262025000001
Isoka,2012,-0.7179729683333332
Isoka,2013,-0.8016543216666667
Isoka,2014,-0.3403081670833334
Isoka,2015,-0.40550089758333335
Isoka,2016,0.050560433666666675
Isoka,2017,-0.03977954191666667
Isoka,2018,-0.2659338291666667
Isoka,2019,0.4294796525
Isoka,2020,0.7869307958333334
Isoka,2021,1.0663556066666666
Isoka,2022,1.3232409583333333
Itezhi-tezhi,1999,0.06758740033333334
Itezhi-tezhi,2000,0.41783291791666666
Itezhi-tezhi,2001,0.5530434775
Itezhi-tezhi,2002,0.5219773608333333
Itezhi-tezhi,2003,0.2205039625
Itezhi-tezhi,2004,0.43695393416666667
Itezhi-tezhi,2005,-0.7560133649999999
Itezhi-tezhi,2006,0.22839316025
Itezhi-tezhi,2007,0.95659043
Itezhi-tezhi,2008,1.4039527833333334
Itezhi-tezhi,2009,1.8130841916666667
Itezhi-tezhi,2010,1.8517172833333333
Itezhi-tezhi,2011,1.8375236833333333
Itezhi-tezhi,2012,1.34993465
Itezhi-tezhi,2013,1.2818723166666668
Itezhi-tezhi,2014,0.9749821841666666
Itezhi-tezhi,2015,0.21420346599999998
Itezhi-tezhi,2016,-0.12726042791666667
Itezhi-tezhi,2017,0.14612397966666665
Itezhi-tezhi,2018,0.25996294183333335
Itezhi-tezhi,2019,-0.46204033833333336
Itezhi-tezhi,2020,-0.44788092749999997
Itezhi-tezhi,2021,-1.051303165
Itezhi-tezhi,2022,-1.4085482925
Kabompo,1999,-0.6189315625
Kabompo,2000,-0.2598402933333333
Kabompo,2001,0.010744359225
Kabompo,2002,-0.46552950499999995
Kabompo,2003,-0.5626891766666667
Kabompo,2004,0.211337133
Kabompo,2005,-0.5128336804166667
Kabompo,2006,-0.32225708000000003
Kabompo,2007,-0.13683543803666667
Kabompo,2008,-0.3666128258333334
Kabompo,2009,0.60974253
Kabompo,2010,1.1425750083333333
Kabompo,2011,1.4911505250000001
Kabompo,2012,1.3778612833333332
Kabompo,2013,1.0244031550000001
Kabompo,2014,1.1068451083333333
Kabompo,2015,-0.2898330203333333
Kabompo,2016,-0.4502699783333333
Kabompo,2017,-0.4566137241666666
Kabompo,2018,-0.8229121908333333
Kabompo,2019,-0.653432175
Kabompo,2020,-0.281008527
Kabompo,2021,-0.4039420941666667
Kabompo,2022,-0.5758617890000001
Kabwe,1999,0.15016951666666667
Kabwe,2000,0.6792958883333333
Kabwe,2001,1.1902921375
Kabwe,2002,0.7362920141666667
Kabwe,2003,0.7737076358333334
Kabwe,2004,0.8588024575
Kabwe,2005,-0.62102587
Kabwe,2006,-0.016757534333333334
Kabwe,2007,-0.07420855833333334
Kabwe,2008,0.15155063966666668
Kabwe,2009,1.1486385625
Kabwe,2010,1.8664897083333332
Kabwe,2011,1.7837843166666667
Kabwe,2012,1.490391575
Kabwe,2013,1.1195284625
Kabwe,2014,-0.011558491583333335
Kabwe,2015,-0.3848504341666667
Kabwe,2016,-0.72968338
Kabwe,2017,0.19504377741666667
Kabwe,2018,0.8166034266666666
Kabwe,2019,0.23146907916666667
Kabwe,2020,-0.10445321775
Kabwe,2021,-0.28335498
Kabwe,2022,-0.62300863075
Kafue,1999,0.6219743853333334
Kafue,2000,1.1013378416666666
Kafue,2001,1.17010327
Kafue,2002,0.8086676416666667
Kafue,2003,0.006829397130833331
Kafue,2004,-0.033118274499999996
Kafue,2005,-1.0053155083333334
Kafue,2006,-0.31717846666666666
Kafue,2007,0.015279122499999992
Kafue,2008,0.5641931658333333
Kafue,2009,1.4738552541666667
Kafue,2010,1.8999249
Kafue,2011,1.8588456083333333
Kafue,2012,0.84317552
Kafue,2013,0.62033407
Kafue,2014,0.136370709
Kafue,2015,0.11359904516666668
Kafue,2016,-0.05447637735833333
Kafue,2017,0.5648446441666667
Kafue,2018,0.7566608235
Kafue,2019,-0.2909363563333333
Kafue,2020,-0.19470361083333335
Kafue,2021,-0.6806305975
Kafue,2022,-0.9024052916666667
Kalabo,1999,-1.1756378291666667
Kalabo,2000,-0.4178989389166667
Kalabo,2001,0.20276022518333334
Kalabo,2002,0.07368362254166667
Kalabo,2003,-0.18101670833333336
Kalabo,2004,0.4794361333333333
Kalabo,2005,-0.3417983075
Kalabo,2006,-0.045322738
Kalabo,2007,0.38186805583333333
Kalabo,2008,0.29485535166666665
Kalabo,2009,1.3385011916666667
Kalabo,2010,1.6777039666666667
Kalabo,2011,2.02313035
Kalabo,2012,1.81460795
Kalabo,2013,1.45700535
Kalabo,2014,1.2747440583333334
Kalabo,2015,-0.17044603249999998
Kalabo,2016,-0.6845283558333334
Kalabo,2017,-0.22162910866666666
Kalabo,2018,-0.05675582925
Kalabo,2019,-0.43604468916666667
Kalabo,2020,0.004032519449999998
Kalabo,2021,-0.591988895
Kalabo,2022,-0.7754376483333334
Kalomo,1999,0.28413464808333333
Kalomo,2000,0.6551189141666667
Kalomo,2001,0.6285200608333333
Kalomo,2002,0.5516696458333333
Kalomo,2003,-0.0634057987
Kalomo,2004,-0.060402786865833336
Kalomo,2005,-1.23334729
Kalomo,2006,-0.15375660500000002
Kalomo,2007,0.7610990116666666
Kalomo,2008,1.2704048666666667
Kalomo,2009,1.856558
Kalomo,2010,1.8752372333333334
Kalomo,2011,1.8651975500000002
Kalomo,2012,1.27604455
Kalomo,2013,1.0725350483333334
Kalomo,2014,0.8777028991666667
Kalomo,2015,0.32485726583333335
Kalomo,2016,0.016356476916666668
Kalomo,2017,0.49766197333333334
Kalomo,2018,0.6585390408333334
Kalomo,2019,-0.21883751250000003
Kalomo,2020,-0.19565867233333334
Kalomo,2021,-0.9418817968333334
Kalomo,2022,-1.61708434
Kalulushi,1999,-0.28731342758333334
Kalulushi,2000,0.24442143775
Kalulushi,2001,1.680556733333333
Kalulushi,2002,0.7470046149999999
Kalulushi,2003,1.1403343575
Kalulushi,2004,1.4902082166666668
Kalulushi,2005,-0.49430245083333335
Kalulushi,2006,-0.11811042041666668
Kalulushi,2007,-0.4499990016666667
Kalulushi,2008,-0.20831656858333333
Kalulushi,2009,1.0145114608333332
Kalulushi,2010,1.4568430083333332
Kalulushi,2011,1.094351925
Kalulushi,2012,1.270810025
Kalulushi,2013,0.32219507566666666
Kalulushi,2014,-0.3549478394166667
Kalulushi,2015,-0.8768194158333333
Kalulushi,2016,-1.2287547333333333
Kalulushi,2017,-0.28873334916666665
Kalulushi,2018,0.19101610916666667
Kalulushi,2019,0.57025338
Kalulushi,2020,-0.16985035916666666
Kalulushi,2021,0.14719828416666667
Kalulushi,2022,-0.4199117733333333
Kalumbila,1999,0.07594788583333333
Kalumbila,2000,-0.3269283155833333
Kalumbila,2001,0.6852475233333334
Kalumbila,2002,-0.6044368916666667
Kalumbila,2003,-0.9979926275
Kalumbila,2004,-0.17058716675
Kalumbila,2005,-1.251399075
Kalumbila,2006,-0.944065245
Kalumbila,2007,-0.06044703174999999
Kalumbila,2008,-0.346157922
Kalumbila,2009,0.8082626350000001
Kalumbila,2010,1.4447917583333334
Kalumbila,2011,1.0851120250000001
Kalumbila,2012,1.0975785974999999
Kalumbila,2013,0.6069246791666667
Kalumbila,2014,0.8264274458333333
Kalumbila,2015,-0.251099507
Kalumbila,2016,-0.5850002108333333
Kalumbila,2017,-0.9082709458333333
Kalumbila,2018,-0.9434363833333334
Kalumbila,2019,-0.12699270616666666
Kalumbila,2020,0.3708802066666667
Kalumbila,2021,0.5185489816666666
Kalumbila,2022,-0.25709554500000004
Kanchibiya,1999,0.2002024198333333
Kanchibiya,2000,-0.08055689758333334
Kanchibiya,2001,0.8445188016666667
Kanchibiya,2002,-0.350364205
Kanchibiya,2003,-0.08081788133333334
Kanchibiya,2004,0.19789233787500002
Kanchibiya,2005,-0.07297756216666666
Kanchibiya,2006,-0.09895424311666667
Kanchibiya,2007,0.8028198624999999
Kanchibiya,2008,1.0279842266666666
Kanchibiya,2009,1.0916070366666666
Kanchibiya,2010,1.9707206916666669
Kanchibiya,2011,0.8407555533333334
Kanchibiya,2012,0.8421129441666667
Kanchibiya,2013,0.401499016
Kanchibiya,2014,-0.3067487983333333
Kanchibiya,2015,-0.864020435
Kanchibiya,2016,-1.1625657166666667
Kanchibiya,2017,-0.9400844516666668
Kanchibiya,2018,-0.6173626733333334
Kanchibiya,2019,0.40807688666666664
Kanchibiya,2020,0.69044616
Kanchibiya,2021,0.8838113375000001
Kanchibiya,2022,0.31638942750000004
Kaoma,1999,-0.879630755
Kaoma,2000,-0.43295682416666664
Kaoma,2001,0.10955411074999999
Kaoma,2002,0.2091240325
Kaoma,2003,0.046225022625
Kaoma,2004,0.7474033616666667
Kaoma,2005,-0.31242334833333335
Kaoma,2006,0.04985555858333334
Kaoma,2007,0.7600931658333333
Kaoma,2008,0.634146705
Kaoma,2009,1.5176543999999998
Kaoma,2010,1.8205388249999999
Kaoma,2011,1.912849425
Kaoma,2012,1.7605772583333332
Kaoma,2013,1.3810669333333332
Kaoma,2014,0.9482782241666667
Kaoma,2015,-0.46167034476666663
Kaoma,2016,-0.9543483666666667
Kaoma,2017,-0.3524518291666667
Kaoma,2018,-0.11206355058333334
Kaoma,2019,-0.37855667249999997
Kaoma,2020,-0.07279729975
Kaoma,2021,-0.7129035033333334
Kaoma,2022,-1.1779805258333333
Kapiri Mposhi,1999,0.45524346475000005
Kapiri Mposhi,2000,0.7961451374999999
Kapiri Mposhi,2001,1.449368025
Kapiri Mposhi,2002,1.0248884433333332
Kapiri Mposhi,2003,0.9615378358333334
Kapiri Mposhi,2004,1.05552635
Kapiri Mposhi,2005,-0.6627839096666667
Kapiri Mposhi,2006,0.08577982441666666
Kapiri Mposhi,2007,-0.02602804183333333
Kapiri Mposhi,2008,0.1582799435
Kapiri Mposhi,2009,1.1196372283333333
Kapiri Mposhi,2010,1.6230893333333334
Kapiri Mposhi,2011,1.6171678250000001
Kapiri Mposhi,2012,1.3379939833333332
Kapiri Mposhi,2013,0.9723118574999999
Kapiri Mposhi,2014,-0.10581227033333333
Kapiri Mposhi,2015,-0.5050688483333333
Kapiri Mposhi,2016,-0.8068322591666667
Kapiri Mposhi,2017,0.11286592458333333
Kapiri Mposhi,2018,0.8418278483333334
Kapiri Mposhi,2019,0.34360615166666664
Kapiri Mposhi,2020,0.011853104833333338
Kapiri Mposhi,2021,-0.10101171914166666
Kapiri Mposhi,2022,-0.6189251804166667
Kaputa,1999,-0.26632512785833334
Kaputa,2000,-0.15759602725
Kaputa,2001,-0.21437711583333333
Kaputa,2002,-0.4453725695833333
Kaputa,2003,-0.6469019016666667
Kaputa,2004,-0.5273210758333333
Kaputa,2005,-0.3885853625
Kaputa,2006,-1.330790975
Kaputa,2007,-0.5098685083333333
Kaputa,2008,-0.19829868475
Kaputa,2009,-0.4593216191666667
Kaputa,2010,-0.23467584633333335
Kaputa,2011,-1.052745675
Kaputa,2012,-1.241923375
Kaputa,2013,-0.7764200116666666
Kaputa,2014,0.27677183666666666
Kaputa,2015,0.6242020475
Kaputa,2016,0.8798820797500001
Kaputa,2017,-0.028813946349999998
Kaputa,2018,-0.18978188483333333
Kaputa,2019,0.43694390083333334
Kaputa,2020,0.9105683233333334
Kaputa,2021,1.2711231666666667
Kaputa,2022,1.3137746583333334
Kasama,1999,0.7344994050000001
Kasama,2000,-0.08683484874999998
Kasama,2001,1.1332546116666666
Kasama,2002,-0.6571015316666666
Kasama,2003,-0.07077999616666666
Kasama,2004,0.4675597966666667
Kasama,2005,0.029733902500000003
Kasama,2006,-0.25701556416666665
Kasama,2007,0.6181984741666667
Kasama,2008,0.3339833683333333
Kasama,2009,-0.27005718
Kasama,2010,0.13421819166666668
Kasama,2011,-1.5224039166666667
Kasama,2012,-1.5579055416666667
Kasama,2013,-1.3488349499999999
Kasama,2014,-0.6003620024999999
Kasama,2015,-0.596372205
Kasama,2016,-0.24173878533333334
Kasama,2017,-0.8058692375000001
Kasama,2018,-1.1021899491666667
Kasama,2019,-0.3892579308333333
Kasama,2020,0.5024494475
Kasama,2021,1.180058315
Kasama,2022,0.9057757075
Kasempa,1999,-0.4134885833333333
Kasempa,2000,-0.15008813416666666
Kasempa,2001,0.9206248491666668
Kasempa,2002,0.4274368933333333
Kasempa,2003,0.16452274366666667
Kasempa,2004,0.6698087225
Kasempa,2005,-1.1304041166666667
Kasempa,2006,-0.5361797341666666
Kasempa,2007,0.015417726333333338
Kasempa,2008,0.19963416458333336
Kasempa,2009,1.3967314583333332
Kasempa,2010,1.8007155833333333
Kasempa,2011,1.8332976499999998
Kasempa,2012,1.634578125
Kasempa,2013,1.2933595416666666
Kasempa,2014,0.6073854249166667
Kasempa,2015,-0.43726803833333333
Kasempa,2016,-0.5791382308333334
Kasempa,2017,-0.20066639383333332
Kasempa,2018,0.31410297416666666
Kasempa,2019,0.301138375
Kasempa,2020,0.048023448833333336
Kasempa,2021,0.08451352633333332
Kasempa,2022,-0.4641285041666667
Kasenengwa,1999,0.14360788425
Kasenengwa,2000,-0.04899872283333334
Kasenengwa,2001,0.12417025808333333
Kasenengwa,2002,-0.13985117624166668
Kasenengwa,2003,-0.028047073833333335
Kasenengwa,2004,0.3453032116666666
Kasenengwa,2005,-0.21901340083333334
Kasenengwa,2006,-0.04832109095833333
Kasenengwa,2007,0.8248309975
Kasenengwa,2008,0.9388919291666666
Kasenengwa,2009,1.0486383535416666
Kasenengwa,2010,2.1577717333333335
Kasenengwa,2011,1.2664801333333333
Kasenengwa,2012,1.4135477208333331
Kasenengwa,2013,1.06926579
Kasenengwa,2014,-0.41465993333333334
Kasenengwa,2015,-1.203559125
Kasenengwa,2016,-1.8466384833333331
Kasenengwa,2017,-1.5187404416666668
Kasenengwa,2018,-1.1652660583333334
Kasenengwa,2019,-0.39178597499999995
Kasenengwa,2020,0.021885027825
Kasenengwa,2021,0.38500571999999994
Kasenengwa,2022,0.29452065499999996
Katete,1999,0.7019616191666667
Katete,2000,0.6476714466666667
Katete,2001,0.7687999608333334
Katete,2002,0.37714648
Katete,2003,0.17200402166666665
Katete,2004,0.16218812641666666
Katete,2005,-0.5937101469166667
Katete,2006,-0.39091521700000004
Katete,2007,0.330713965
Katete,2008,0.6175364025
Katete,2009,0.9280151783333332
Katete,2010,2.0478908083333334
Katete,2011,1.6253692
Katete,2012,1.5901536666666667
Katete,2013,1.1091942916666666
Katete,2014,-0.39054915166666665
Katete,2015,-1.0734902041666665
Katete,2016,-1.7486917
Katete,2017,-1.0253355058333333
Katete,2018,-0.7212600275000001
Katete,2019,-0.19734856314166668
Katete,2020,0.23824130155833334
Katete,2021,-0.07272223033333335
Katete,2022,-0.05517159458333334
Kawambwa,1999,-0.003830404166666667
Kawambwa,2000,-0.27663343275
Kawambwa,2001,0.5577282825
Kawambwa,2002,0.3503145441666667
Kawambwa,2003,-0.33724198333333333
Kawambwa,2004,-0.08386140824999999
Kawambwa,2005,0.03375316775
Kawambwa,2006,-0.7402229349999999
Kawambwa,2007,0.5913993141666667
Kawambwa,2008,0.5375027291666666
Kawambwa,2009,-0.18208598166666667
Kawambwa,2010,-0.1949740533333333
Kawambwa,2011,-1.3312648916666667
Kawambwa,2012,-1.4235281750000002
Kawambwa,2013,-0.78630969
Kawambwa,2014,0.3292238063333333
Kawambwa,2015,-0.04497195516666667
Kawambwa,2016,0.039008280000000006
Kawambwa,2017,-1.2084315583333334
Kawambwa,2018,-1.3453468683333334
Kawambwa,2019,-0.22680207416666667
Kawambwa,2020,0.68286133
Kawambwa,2021,1.4458204541666666
Kawambwa,2022,0.6894742316666668
Kazungula,1999,-0.2986914175
Kazungula,2000,0.19848678783333332
Kazungula,2001,0.4236117375
Kazungula,2002,0.3475783641666667
Kazungula,2003,-0.22944825166666669
Kazungula,2004,-0.11217488616666667
Kazungula,2005,-1.2311039716666667
Kazungula,2006,0.060353395
Kazungula,2007,0.9385332058333334
Kazungula,2008,1.4218311916666666
Kazungula,2009,1.8909620416666666
Kazungula,2010,1.9033914666666665
Kazungula,2011,1.8995116333333335
Kazungula,2012,1.3709150416666667
Kazungula,2013,1.0304730416666665
Kazungula,2014,0.8405650116666666
Kazungula,2015,0.23167036608333333
Kazungula,2016,-0.13713230075000002
Kazungula,2017,0.4516454816666667
Kazungula,2018,0.4819131383333333
Kazungula,2019,-0.2812560946666667
Kazungula,2020,-0.11060418879166667
Kazungula,2021,-0.990739460775
Kazungula,2022,-1.7082564916666667
Kitwe,1999,-0.103516082575
Kitwe,2000,0.2530971429166667
Kitwe,2001,1.5795245833333331
Kitwe,2002,0.7658767224999999
Kitwe,2003,1.3390463833333335
Kitwe,2004,1.6782129583333332
Kitwe,2005,-0.2433286125
Kitwe,2006,0.05455473333333333
Kitwe,2007,-0.28552808260833334
Kitwe,2008,-0.1217056945
Kitwe,2009,1.0240020413333333
Kitwe,2010,1.4556314
Kitwe,2011,0.96918219
Kitwe,2012,1.1408863616666667
Kitwe,2013,0.14482865236666667
Kitwe,2014,-0.48114944541666665
Kitwe,2015,-1.1188635583333333
Kitwe,2016,-1.5478975583333332
Kitwe,2017,-0.4942339185833333
Kitwe,2018,0.042158662775
Kitwe,2019,0.5238910433333334
Kitwe,2020,-0.21430720225
Kitwe,2021,0.14980037683333333
Kitwe,2022,-0.445570405
Lavushimanda,1999,0.1999355966666667
Lavushimanda,2000,0.20108213900000002
Lavushimanda,2001,0.56482177875
Lavushimanda,2002,-0.25758818083333335
Lavushimanda,2003,0.09837342133333334
Lavushimanda,2004,0.2631847996666667
Lavushimanda,2005,-0.010015720491666666
Lavushimanda,2006,0.2277755525
Lavushimanda,2007,1.1287378333333333
Lavushimanda,2008,1.3747975083333335
Lavushimanda,2009,1.4007002058333333
Lavushimanda,2010,2.12491735
Lavushimanda,2011,1.2106965
Lavushimanda,2012,1.2287908666666667
Lavushimanda,2013,0.7443251583333333
Lavushimanda,2014,-0.4015025241666667
Lavushimanda,2015,-1.05925105
Lavushimanda,2016,-1.6241444916666667
Lavushimanda,2017,-1.2194081716666667
Lavushimanda,2018,-0.8008750275000001
Lavushimanda,2019,-0.09176146233333334
Lavushimanda,2020,0.10146247064166668
Lavushimanda,2021,0.566289375
Lavushimanda,2022,0.3432030725
Limulunga,1999,-0.9797298449999999
Limulunga,2000,-0.44260079041666667
Limulunga,2001,0.180818551525
Limulunga,2002,0.18414309083333333
Limulunga,2003,0.01723178555
Limulunga,2004,0.6481003908333333
Limulunga,2005,-0.2398046583333333
Limulunga,2006,-0.015644544583333336
Limulunga,2007,0.43225784500000003
Limulunga,2008,0.49617587
Limulunga,2009,1.4559256083333334
Limulunga,2010,1.7959018666666668
Limulunga,2011,2.056582608333333
Limulunga,2012,1.7783703916666667
Limulunga,2013,1.4270924
Limulunga,2014,1.1297145549999998
Limulunga,2015,-0.3059314766666667
Limulunga,2016,-0.643254755
Limulunga,2017,-0.03721192758333334
Limulunga,2018,0.17967302500000001
Limulunga,2019,-0.3317676175
Limulunga,2020,-0.05074010416666666
Limulunga,2021,-0.9422419541666667
Limulunga,2022,-1.206196625
Livingstone,1999,-0.48444164833333336
Livingstone,2000,0.15109981966666666
Livingstone,2001,0.29823405333333336
Livingstone,2002,0.12655802108333333
Livingstone,2003,-0.5395975591666667
Livingstone,2004,-0.3987318166666667
Livingstone,2005,-1.5474257429166667
Livingstone,2006,0.016237343000000005
Livingstone,2007,0.8439998008333333
Livingstone,2008,1.3617503583333335
Livingstone,2009,1.9061138583333335
Livingstone,2010,1.8990115416666666
Livingstone,2011,1.9513530583333332
Livingstone,2012,1.3286239
Livingstone,2013,0.8659255616666667
Livingstone,2014,0.6658622608333333
Livingstone,2015,0.04557673166666667
Livingstone,2016,-0.27945898333333336
Livingstone,2017,0.5883902616666666
Livingstone,2018,0.8678237916666666
Livingstone,2019,0.30405806083333337
Livingstone,2020,0.48709049416666667
Livingstone,2021,-0.26956439
Livingstone,2022,-1.3340822575000002
Luampa,1999,-0.3494936808333333
Luampa,2000,0.07117029166666666
Luampa,2001,0.3729305708333333
Luampa,2002,0.35410406033333336
Luampa,2003,0.005040203449999998
Luampa,2004,0.6468571341666667
Luampa,2005,-0.4451392058333334
Luampa,2006,0.3454210766666666
Luampa,2007,1.0100713275
Luampa,2008,1.1445587041666667
Luampa,2009,1.7449881833333334
Luampa,2010,1.8289423249999999
Luampa,2011,1.8891462583333334
Luampa,2012,1.5458216333333334
Luampa,2013,1.2903126583333333
Luampa,2014,0.9258091366666666
Luampa,2015,-0.26984062904166667
Luampa,2016,-0.7567094433333333
Luampa,2017,-0.24195323475
Luampa,2018,-0.06655448079166666
Luampa,2019,-0.6832759791666666
Luampa,2020,-0.43321059375
Luampa,2021,-1.1557349583333334
Luampa,2022,-1.4515148416666666
Luangwa,1999,1.50591413
Luangwa,2000,1.6527457833333334
Luangwa,2001,1.7267739666666666
Luangwa,2002,1.183129175
Luangwa,2003,0.3344432366666667
Luangwa,2004,0.15026187041666667
Luangwa,2005,-0.9307253675
Luangwa,2006,-0.16926498545833335
Luangwa,2007,-0.05790152616666667
Luangwa,2008,0.313069965
Luangwa,2009,1.078274735
Luangwa,2010,1.44665105
Luangwa,2011,1.3880454
Luangwa,2012,0.7959296608333334
Luangwa,2013,0.126115608
Luangwa,2014,-0.5726190639166667
Luangwa,2015,-0.3633101575
Luangwa,2016,-0.764058105
Luangwa,2017,0.272972194
Luangwa,2018,0.6775884989166666
Luangwa,2019,-0.11819440919166667
Luangwa,2020,0.1605955085
Luangwa,2021,-0.2544716615
Luangwa,2022,-0.6445985200000001
Luano,1999,1.06582706
Luano,2000,1.4190059166666666
Luano,2001,1.7390282416666667
Luano,2002,1.2304531583333334
Luano,2003,0.9409856833333333
Luano,2004,0.7326716741666667
Luano,2005,-0.7295090683333333
Luano,2006,0.16736962
Luano,2007,0.2130288488333333
Luano,2008,0.38061065833333335
Luano,2009,1.1537831891666668
Luano,2010,1.5862026833333334
Luano,2011,1.424940225
Luano,2012,1.0129619016666667
Luano,2013,0.48938442249999997
Luano,2014,-0.47857844416666667
Luano,2015,-0.6472405941666667
Luano,2016,-0.8989167308333333
Luano,2017,0.02819739733333333
Luano,2018,0.349789455
Luano,2019,-0.07197092416666666
Luano,2020,-0.18343233558333336
Luano,2021,-0.20242619416666666
Luano,2022,-0.33129672083333334
Luanshya,1999,0.03638665933333333
Luanshya,2000,0.38671254725
Luanshya,2001,1.4331753416666668
Luanshya,2002,0.9571576691666667
Luanshya,2003,1.453304275
Luanshya,2004,1.7386541333333334
Luanshya,2005,0.009094544166666671
Luanshya,2006,0.48367144333333334
Luanshya,2007,0.13640035258333336
Luanshya,2008,0.15329031641666666
Luanshya,2009,1.1603835
Luanshya,2010,1.4316966500000001
Luanshya,2011,0.9833087483333333
Luanshya,2012,1.0630941158333334
Luanshya,2013,0.2830548195
Luanshya,2014,-0.5307305883333333
Luanshya,2015,-1.0252078058333334
Luanshya,2016,-1.6023867833333334
Luanshya,2017,-0.5668495558333333
Luanshya,2018,0.28863875333333333
Luanshya,2019,0.37605525666666667
Luanshya,2020,-0.1971807145
Luanshya,2021,-0.07486731625
Luanshya,2022,-0.6614263466666667
Lufwanyama,1999,-0.13738043141666664
Lufwanyama,2000,0.253814525
Lufwanyama,2001,1.5981049250000001
Lufwanyama,2002,0.6582882433333334
Lufwanyama,2003,0.7555510191666667
Lufwanyama,2004,1.230978475
Lufwanyama,2005,-0.8773559516666666
Lufwanyama,2006,-0.28525821616666663
Lufwanyama,2007,-0.33210422258333333
Lufwanyama,2008,-0.17881246291666666
Lufwanyama,2009,1.1687855808333334
Lufwanyama,2010,1.6258633416666666
Lufwanyama,2011,1.3414283333333332
Lufwanyama,2012,1.3332998883333333
Lufwanyama,2013,0.5801303025
Lufwanyama,2014,-0.20537551916666666
Lufwanyama,2015,-0.7122653541666667
Lufwanyama,2016,-1.08883642
Lufwanyama,2017,-0.09000323668333332
Lufwanyama,2018,0.6864968308333333
Lufwanyama,2019,0.7599781225000001
Lufwanyama,2020,0.27741477166666667
Lufwanyama,2021,0.2986473908333333
Lufwanyama,2022,-0.6656169872500001
Lukulu,1999,-1.0231232941666668
Lukulu,2000,-0.5210469616666668
Lukulu,2001,0.04736416458333333
Lukulu,2002,-0.01882581008333333
Lukulu,2003,-0.17327317466666667
Lukulu,2004,0.5347429066666667
Lukulu,2005,-0.44082584999999996
Lukulu,2006,-0.32004709295833333
Lukulu,2007,0.15207033675
Lukulu,2008,0.06794047041666666
Lukulu,2009,1.2798666058333332
Lukulu,2010,1.8061281666666666
Lukulu,2011,2.005366975
Lukulu,2012,1.740734275
Lukulu,2013,1.2022841083333333
Lukulu,2014,0.987794665
Lukulu,2015,-0.3589579725
Lukulu,2016,-0.6141018175
Lukulu,2017,-0.15100427704166666
Lukulu,2018,-0.1291715704675
Lukulu,2019,-0.3131625183333333
Lukulu,2020,0.0910611625
Lukulu,2021,-0.4130888125
Lukulu,2022,-0.7924782116666668
Lumezi,1999,-0.5359459533333334
Lumezi,2000,-0.9856893616666667
Lumezi,2001,-0.41563102916666667
Lumezi,2002,-0.7012297875
Lumezi,2003,-0.11036486975
Lumezi,2004,0.4462174125
Lumezi,2005,-0.019104777
Lumezi,2006,-0.16104068733333332
Lumezi,2007,0.6761742175
Lumezi,2008,0.7742962491666666
Lumezi,2009,0.622089211325
Lumezi,2010,1.6036949916666667
Lumezi,2011,0.6517406250000001
Lumezi,2012,0.9786558825
Lumezi,2013,0.8893260425
Lumezi,2014,-0.24207969433333332
Lumezi,2015,-1.0117002475
Lumezi,2016,-1.7572772749999999
Lumezi,2017,-1.6347697583333334
Lumezi,2018,-1.2501682166666666
Lumezi,2019,-0.1309516365
Lumezi,2020,0.25652123083333334
Lumezi,2021,0.6513627716666667
Lumezi,2022,0.470364485
Lundazi,1999,-0.8078355666666667
Lundazi,2000,-1.2085166583333333
Lundazi,2001,-0.37394595333333336
Lundazi,2002,-0.7607331633333333
Lundazi,2003,-0.08696525226666667
Lundazi,2004,0.33125455333333337
Lundazi,2005,-0.06262317566666666
Lundazi,2006,-0.31619058625
Lundazi,2007,0.22013059050000003
Lundazi,2008,0.3016013096666667
Lundazi,2009,-0.269627655
Lundazi,2010,0.7885115300000001
Lundazi,2011,-0.0611158024225
Lundazi,2012,0.24181796833333336
Lundazi,2013,0.46643658116666664
Lundazi,2014,-0.35288498783
Lundazi,2015,-0.9089319100000001
Lundazi,2016,-1.723664975
Lundazi,2017,-1.6693612583333335
Lundazi,2018,-1.338578175
Lundazi,2019,0.2579633275
Lundazi,2020,0.8947945591666667
Lundazi,2021,1.4612367208333332
Lundazi,2022,1.3572218666666667
Lunga,1999,0.5376333259666667
Lunga,2000,0.30479066250000003
Lunga,2001,0.9359682441666667
Lunga,2002,-0.057411298833333325
Lunga,2003,0.3866955458333334
Lunga,2004,0.6086333858333334
Lunga,2005,0.1825288766666667
Lunga,2006,-0.09308501760583333
Lunga,2007,0.48885582916666664
Lunga,2008,0.69951111
Lunga,2009,1.0905081620833332
Lunga,2010,1.6352268833333332
Lunga,2011,0.5058727675
Lunga,2012,0.6934228683333333
Lunga,2013,0.11138775824166668
Lunga,2014,-0.3236032506666667
Lunga,2015,-0.8783854624999999
Lunga,2016,-1.2974852333333333
Lunga,2017,-1.1880962083333333
Lunga,2018,-0.9305126983333333
Lunga,2019,-0.05699481204166667
Lunga,2020,0.41812928833333335
Lunga,2021,1.1787488825
Lunga,2022,0.6602173533333333
Lunte District,1999,0.4635839736666667
Lunte District,2000,-0.5451296116666667
Lunte District,2001,0.3378740975
Lunte District,2002,-1.3923188499999999
Lunte District,2003,-1.2083472283333332
Lunte District,2004,-0.5237328241666667
Lunte District,2005,-0.5673371
Lunte District,2006,-0.8196042716666666
Lunte District,2007,0.3551813058333333
Lunte District,2008,0.3399779454166667
Lunte District,2009,-0.33892512666666663
Lunte District,2010,0.137320062
Lunte District,2011,-1.4167380666666667
Lunte District,2012,-1.6591499666666667
Lunte District,2013,-1.0658419083333335
Lunte District,2014,0.024039957833333337
Lunte District,2015,0.07307852828333333
Lunte District,2016,0.4510838305
Lunte District,2017,-0.7801011883333334
Lunte District,2018,-1.1696378791666666
Lunte District,2019,-0.191440817
Lunte District,2020,0.8056009966666666
Lunte District,2021,1.4941714466666667
Lunte District,2022,1.0261239891666667
Lupososhi,1999,0.9346126149999999
Lupososhi,2000,0.12386212083333333
Lupososhi,2001,0.9678430435833333
Lupososhi,2002,0.25800322633333334
Lupososhi,2003,0.24164550994166667
Lupososhi,2004,0.8531310558333334
Lupososhi,2005,0.3384287891666667
Lupososhi,2006,-0.24873100916666668
Lupososhi,2007,0.7630962841666666
Lupososhi,2008,0.4258974
Lupososhi,2009,0.41503408616666665
Lupososhi,2010,0.6381397583333334
Lupososhi,2011,-0.6150976616666667
Lupososhi,2012,-0.3326716014866667
Lupososhi,2013,-0.29038612291666666
Lupososhi,2014,0.08341299
Lupososhi,2015,-0.5913058583333334
Lupososhi,2016,-0.8431399666666667
Lupososhi,2017,-1.4990022749999998
Lupososhi,2018,-1.2473557516666667
Lupososhi,2019,-0.25145282816666664
Lupososhi,2020,0.3578761125
Lupososhi,2021,1.2300946908333332
Lupososhi,2022,0.327704945
Lusaka,1999,0.16092560066666667
Lusaka,2000,0.8048880958333333
Lusaka,2001,1.145437375
Lusaka,2002,0.8885764283333333
Lusaka,2003,0.43767024316666664
Lusaka,2004,0.37204610749999995
Lusaka,2005,-0.7791013683333333
Lusaka,2006,-0.16297899416666667
Lusaka,2007,0.1389244188333333
Lusaka,2008,0.64200347
Lusaka,2009,1.4015547791666665
Lusaka,2010,2.0253643416666667
Lusaka,2011,2.0014665333333332
Lusaka,2012,1.1477702866666666
Lusaka,2013,1.0105100041666668
Lusaka,2014,0.19602568933333334
Lusaka,2015,-0.04570197075000001
Lusaka,2016,-0.25500694749999997
Lusaka,2017,0.34946393125
Lusaka,2018,0.4984244066666667
Lusaka,2019,-0.3775686775
Lusaka,2020,-0.42695785375
Lusaka,2021,-0.9745927608333332
Lusaka,2022,-1.1526101291666666
Luwingu,1999,0.993050495
Luwingu,2000,0.27975015839166667
Luwingu,2001,1.126428315
Luwingu,2002,-0.17307439658333335
Luwingu,2003,0.01996481275
Luwingu,2004,0.6195978483333333
Luwingu,2005,0.14871229094166669
Luwingu,2006,-0.3337694385
Luwingu,2007,0.60303781
Luwingu,2008,0.35059789333333335
Luwingu,2009,0.065450792
Luwingu,2010,0.6218730208333333
Luwingu,2011,-1.0590796116666665
Luwingu,2012,-1.151205625
Luwingu,2013,-0.7519865791666667
Luwingu,2014,-0.19145319533333335
Luwingu,2015,-0.3608284816666667
Luwingu,2016,-0.2041726504416667
Luwingu,2017,-0.9651666058333334
Luwingu,2018,-0.8828186083333334
Luwingu,2019,0.09430570275
Luwingu,2020,0.8196399161666666
Luwingu,2021,1.4086247183333331
Luwingu,2022,0.8135601933333333
Mafinga,1999,-0.5300941583333333
Mafinga,2000,-1.0246985283333334
Mafinga,2001,-0.06955104241666667
Mafinga,2002,-1.0567486416666665
Mafinga,2003,-0.7367981429166667
Mafinga,2004,-0.27476324916666667
Mafinga,2005,-0.309364495
Mafinga,2006,-0.702457665
Mafinga,2007,-0.2793818416666667
Mafinga,2008,-0.1532261045
Mafinga,2009,-0.5232193269166666
Mafinga,2010,0.21936926724999997
Mafinga,2011,-0.3718591475
Mafinga,2012,-0.44650760250000004
Mafinga,2013,-0.3396862758333334
Mafinga,2014,-0.1377406223333333
Mafinga,2015,-0.19511473333333332
Mafinga,2016,0.16066555308333333
Mafinga,2017,0.21981828550000002
Mafinga,2018,0.08680807424999999
Mafinga,2019,0.7804111733333333
Mafinga,2020,1.1859474291666665
Mafinga,2021,1.4763376583333334
Mafinga,2022,1.5340030416666668
Mambwe,1999,0.08821902333333333
Mambwe,2000,-0.019351766250000003
Mambwe,2001,0.1647359665
Mambwe,2002,-0.19177598166666668
Mambwe,2003,0.008396007678333333
Mambwe,2004,0.394777165
Mambwe,2005,-0.07666848416666666
Mambwe,2006,0.014865942083333335
Mambwe,2007,0.9998101625000001
Mambwe,2008,1.0893374275
Mambwe,2009,1.2296616691666666
Mambwe,2010,2.1267275583333336
Mambwe,2011,1.2658703583333333
Mambwe,2012,1.3167871083333333
Mambwe,2013,0.9337255458333332
Mambwe,2014,-0.39137672166666665
Mambwe,2015,-1.1853310333333333
Mambwe,2016,-1.8586506416666666
Mambwe,2017,-1.5527722916666666
Mambwe,2018,-1.234821325
Mambwe,2019,-0.5748140533333334
Mambwe,2020,-0.19979003025
Mambwe,2021,0.064058288
Mambwe,2022,0.05196174366666667
Mansa,1999,0.06698078475
Mansa,2000,-0.10712274183333333
Mansa,2001,1.0363325333333335
Mansa,2002,0.7344150166666666
Mansa,2003,0.7514836258333334
Mansa,2004,0.9366702566666666
Mansa,2005,0.14304424916666666
Mansa,2006,-0.5838037491666667
Mansa,2007,0.0022371981833333317
Mansa,2008,0.040855482
Mansa,2009,0.6093424191666666
Mansa,2010,1.1188877333333334
Mansa,2011,0.6035533376666666
Mansa,2012,1.12224988
Mansa,2013,0.4052468683333333
Mansa,2014,0.18129514533333335
Mansa,2015,-0.9084594516666668
Mansa,2016,-1.4307568833333333
Mansa,2017,-1.3897120333333335
Mansa,2018,-1.0980847275
Mansa,2019,0.17782348791666666
Mansa,2020,0.3791588954166667
Mansa,2021,1.034891374
Mansa,2022,0.066053976625
Manyinga,1999,-0.38243972833333334
Manyinga,2000,-0.5652559325000001
Manyinga,2001,-0.32010205416666665
Manyinga,2002,-0.9134022075
Manyinga,2003,-0.8654940258333333
Manyinga,2004,-0.03698811551666666
Manyinga,2005,-0.8078792675
Manyinga,2006,-0.6292056166666666
Manyinga,2007,-0.26694153416666666
Manyinga,2008,-0.63139321
Manyinga,2009,0.3433544558333333
Manyinga,2010,0.9551624850000001
Manyinga,2011,1.2797852666666667
Manyinga,2012,1.3739457416666667
Manyinga,2013,1.1054639833333333
Manyinga,2014,1.066933755
Manyinga,2015,-0.2874724105
Manyinga,2016,-0.3252725033333333
Manyinga,2017,-0.6757605458333332
Manyinga,2018,-0.92987959
Manyinga,2019,-0.5966805341666667
Manyinga,2020,-0.34987704833333333
Manyinga,2021,-0.2862372625
Manyinga,2022,-0.6229490148333333
Masaiti,1999,0.3841231169166666
Masaiti,2000,0.5523509881666667
Masaiti,2001,1.3872837666666669
Masaiti,2002,0.9483660483333334
Masaiti,2003,1.2276797416666667
Masaiti,2004,1.4585777249999998
Masaiti,2005,-0.4066012408333333
Masaiti,2006,0.12677292666666665
Masaiti,2007,-0.019996030749999994
Masaiti,2008,0.0439518878
Masaiti,2009,1.1591169416666667
Masaiti,2010,1.5609549083333334
Masaiti,2011,1.24573708
Masaiti,2012,1.2782979916666666
Masaiti,2013,0.6395245724999999
Masaiti,2014,-0.28896950396666665
Masaiti,2015,-0.7772401516666667
Masaiti,2016,-1.3024263333333332
Masaiti,2017,-0.224121245
Masaiti,2018,0.6868076683333334
Masaiti,2019,0.5841979933333333
Masaiti,2020,0.15944777008333333
Masaiti,2021,0.08040244791666668
Masaiti,2022,-0.7302525241666666
Mazabuka,1999,0.19390404583333332
Mazabuka,2000,0.6705367299999999
Mazabuka,2001,0.7822166883333334
Mazabuka,2002,0.7120478091666667
Mazabuka,2003,0.213284895
Mazabuka,2004,0.4182043133333333
Mazabuka,2005,-0.6665138908333333
Mazabuka,2006,0.16960226608333331
Mazabuka,2007,0.7228428091666667
Mazabuka,2008,1.1136103741666667
Mazabuka,2009,1.78065215
Mazabuka,2010,1.849005975
Mazabuka,2011,1.912899975
Mazabuka,2012,1.2668717083333334
Mazabuka,2013,1.020406645
Mazabuka,2014,0.5930695675000001
Mazabuka,2015,-0.03932945639166666
Mazabuka,2016,-0.4376327791666667
Mazabuka,2017,0.109292274875
Mazabuka,2018,0.3749119203333333
Mazabuka,2019,-0.4152850479166667
Mazabuka,2020,-0.15536590766666666
Mazabuka,2021,-0.6670593608333334
Mazabuka,2022,-1.0206138108333334
Mbala,1999,-0.5164639958333334
Mbala,2000,-0.7600651641666666
Mbala,2001,0.49566089333333335
Mbala,2002,-1.4279892299999999
Mbala,2003,-0.44867376166666667
Mbala,2004,-0.40880601999999994
Mbala,2005,-0.9612609341666666
Mbala,2006,-1.1542189516666668
Mbala,2007,-0.6974077125
Mbala,2008,-0.3152841720833333
Mbala,2009,-0.2586362191666667
Mbala,2010,0.14670281
Mbala,2011,-1.1418523533333333
Mbala,2012,-1.3424238583333334
Mbala,2013,-1.4987767416666669
Mbala,2014,-0.6773519325
Mbala,2015,-0.47443830416666666
Mbala,2016,0.19587054008333335
Mbala,2017,-0.25652172916666666
Mbala,2018,-0.4899973041666667
Mbala,2019,0.07014288116666667
Mbala,2020,0.7826139308333334
Mbala,2021,0.9918132375000001
Mbala,2022,1.4028476916666666
Milengi,1999,-0.30529756550000003
Milengi,2000,-0.20827153499999998
Milengi,2001,1.1213958441666667
Milengi,2002,0.38158217499999997
Milengi,2003,0.9137141941666668
Milengi,2004,1.1161582300000001
Milengi,2005,0.02145552383333334
Milengi,2006,-0.34212796416666663
Milengi,2007,-0.08654121433333334
Milengi,2008,-0.016300207416666667
Milengi,2009,0.5300793020833333
Milengi,2010,1.2998179916666666
Milengi,2011,0.6664059908333333
Milengi,2012,1.3020072983333333
Milengi,2013,0.6421571583333333
Milengi,2014,0.11480573833333334
Milengi,2015,-0.6668429766666667
Milengi,2016,-1.367087775
Milengi,2017,-0.862710425
Milengi,2018,-0.6602670583333333
Milengi,2019,0.4005001879166667
Milengi,2020,0.3385807808333334
Milengi,2021,0.7189336875
Milengi,2022,0.24857735416666668
Mitete,1999,-1.3345039166666668
Mitete,2000,-0.6546973441666667
Mitete,2001,-0.040296118575000005
Mitete,2002,-0.08969677025
Mitete,2003,-0.16256742875
Mitete,2004,0.5348693516666666
Mitete,2005,-0.40087723666666664
Mitete,2006,-0.3710903208333333
Mitete,2007,-0.22870724241666665
Mitete,2008,-0.41458276916666664
Mitete,2009,1.0003131916666665
Mitete,2010,1.5234252666666668
Mitete,2011,2.0299650249999996
Mitete,2012,1.8444970666666667
Mitete,2013,1.4165678083333333
Mitete,2014,1.3414137833333335
Mitete,2015,-0.07896566016666666
Mitete,2016,-0.474575835
Mitete,2017,-0.2769682375
Mitete,2018,-0.17404781266666666
Mitete,2019,-0.55520732
Mitete,2020,0.05400504041666667
Mitete,2021,-0.31761406
Mitete,2022,-0.7697496691666667
Mkushi,1999,0.7621079758333332
Mkushi,2000,1.07108537
Mkushi,2001,1.7362726833333333
Mkushi,2002,1.2953415583333332
Mkushi,2003,1.3226272916666666
Mkushi,2004,1.3317003833333334
Mkushi,2005,-0.4229516725
Mkushi,2006,0.3509953006666667
Mkushi,2007,0.21950562553333333
Mkushi,2008,0.14551113191666668
Mkushi,2009,1.0226396
Mkushi,2010,1.5232024
Mkushi,2011,1.2151199583333334
Mkushi,2012,1.02736679
Mkushi,2013,0.46646973275
Mkushi,2014,-0.6595640675
Mkushi,2015,-0.9792002399999999
Mkushi,2016,-1.3398747166666667
Mkushi,2017,-0.33898152666666664
Mkushi,2018,0.292995248
Mkushi,2019,0.19669040216666667
Mkushi,2020,0.03242840166666667
Mkushi,2021,0.18453886666666666
Mkushi,2022,-0.21460073916666667
Mongu,1999,-0.8426244633333333
Mongu,2000,-0.24084260966666668
Mongu,2001,0.34186793775
Mongu,2002,0.3105978091666667
Mongu,2003,0.0019056538666666668
Mongu,2004,0.600620125
Mongu,2005,-0.26983400166666666
Mongu,2006,0.19178737883333333
Mongu,2007,0.6770783158333334
Mongu,2008,0.8288507083333334
Mongu,2009,1.6071037333333333
Mongu,2010,1.812899
Mongu,2011,2.04295145
Mongu,2012,1.6778152166666667
Mongu,2013,1.3358661083333334
Mongu,2014,0.9918332375
Mongu,2015,-0.42973912000000003
Mongu,2016,-0.6195453
Mongu,2017,0.02629496166666667
Mongu,2018,0.19515424266666667
Mongu,2019,-0.3428568575
Mongu,2020,-0.09293168716666667
Mongu,2021,-0.960701808
Mongu,2022,-1.0676715891666666
Monze,1999,0.4639710341666667
Monze,2000,0.7335664191666668
Monze,2001,0.8234550316666667
Monze,2002,0.6984776083333334
Monze,2003,0.25909716208333333
Monze,2004,0.5013243616666667
Monze,2005,-0.5857472741666666
Monze,2006,0.3224762825
Monze,2007,0.7547313241666668
Monze,2008,1.1846543216666667
Monze,2009,1.7512152333333333
Monze,2010,1.7662494833333333
Monze,2011,1.9310168166666666
Monze,2012,1.2951322166666668
Monze,2013,0.9953283116666666
Monze,2014,0.6305747533333333
Monze,2015,-0.12340913983333333
Monze,2016,-0.5644919508333334
Monze,2017,-0.004713269633333332
Monze,2018,0.24228512866666665
Monze,2019,-0.5716990599999999
Monze,2020,-0.41033089166666664
Monze,2021,-0.9254326416666667
Monze,2022,-1.2788243799999999
Mpika,1999,-0.3951807566666667
Mpika,2000,-0.5611064489166667
Mpika,2001,0.12403835416666668
Mpika,2002,-0.5317214462500001
Mpika,2003,0.08823749847250001
Mpika,2004,0.43781122833333336
Mpika,2005,0.16404805616666665
Mpika,2006,0.18341185166666665
Mpika,2007,1.0271598141666667
Mpika,2008,1.082087725
Mpika,2009,0.79606166275
Mpika,2010,1.8114835166666667
Mpika,2011,0.866239885
Mpika,2012,1.0506200024999999
Mpika,2013,0.7853613
Mpika,2014,-0.28404885083333337
Mpika,2015,-0.992276695
Mpika,2016,-1.4916229
Mpika,2017,-1.3108925666666666
Mpika,2018,-1.0848025774999999
Mpika,2019,-0.048301548725000004
Mpika,2020,0.16343594566666667
Mpika,2021,0.4799262616666667
Mpika,2022,0.22545631116666667
Mpongwe,1999,-0.04321972133333333
Mpongwe,2000,0.3196661825
Mpongwe,2001,1.2949754249999998
Mpongwe,2002,0.7875672825
Mpongwe,2003,0.9330991075
Mpongwe,2004,1.244567975
Mpongwe,2005,-0.7834631458333333
Mpongwe,2006,-0.20509653308333334
Mpongwe,2007,-0.25059040416666667
Mpongwe,2008,-0.11226294908333334
Mpongwe,2009,1.165032625
Mpongwe,2010,1.6218007583333334
Mpongwe,2011,1.48521545
Mpongwe,2012,1.3190103583333332
Mpongwe,2013,0.7292644675000001
Mpongwe,2014,-0.17537495166666664
Mpongwe,2015,-0.5835823075000001
Mpongwe,2016,-0.8923532383333334
Mpongwe,2017,0.18225049166666665
Mpongwe,2018,0.9938713
Mpongwe,2019,0.6289812208333333
Mpongwe,2020,0.22649164600000002
Mpongwe,2021,0.08128689066666667
Mpongwe,2022,-0.7102705895833333
Mporokoso,1999,-0.05752297008333334
Mporokoso,2000,-0.34645728925
Mporokoso,2001,0.16869358791666667
Mporokoso,2002,-0.5824981628333333
Mporokoso,2003,-0.8824254116666667
Mporokoso,2004,-0.5567777730833333
Mporokoso,2005,-0.5130067533333333
Mporokoso,2006,-1.1949300208333333
Mporokoso,2007,-0.024589292166666665
Mporokoso,2008,0.2728564905
Mporokoso,2009,-0.2421850295
Mporokoso,2010,-0.17569692783333332
Mporokoso,2011,-1.4661875083333333
Mporokoso,2012,-1.7161306833333334
Mporokoso,2013,-0.9003259366666666
Mporokoso,2014,0.34450888316666667
Mporokoso,2015,0.48454332083333335
Mporokoso,2016,0.6611097275
Mporokoso,2017,-0.9811972858333333
Mporokoso,2018,-1.2492122166666666
Mporokoso,2019,-0.12005305980000001
Mporokoso,2020,0.634132565
Mporokoso,2021,1.2610767333333335
Mporokoso,2022,0.89538829
Mpulungu,1999,-0.04441348095
Mpulungu,2000,-0.4592329058333333
Mpulungu,2001,0.26310247266666664
Mpulungu,2002,-1.2817400775
Mpulungu,2003,-0.8825782558333334
Mpulungu,2004,-0.5324857191666666
Mpulungu,2005,-1.0764346166666667
Mpulungu,2006,-1.5082683333333333
Mpulungu,2007,-0.8385910583333334
Mpulungu,2008,-0.46748644050000004
Mpulungu,2009,-0.36499517433333334
Mpulungu,2010,0.08584146975
Mpulungu,2011,-0.9818492883333333
Mpulungu,2012,-1.46857195
Mpulungu,2013,-1.3211808166666668
Mpulungu,2014,-0.43080374833333335
Mpulungu,2015,-0.2724775423333333
Mpulungu,2016,0.3527605365
Mpulungu,2017,-0.3729526725
Mpulungu,2018,-0.5237978922500001
Mpulungu,2019,0.008364978108333336
Mpulungu,2020,0.8652455988333333
Mpulungu,2021,1.2892626208333333
Mpulungu,2022,1.6608226166666666
Mufulira,1999,-0.5149744766666667
Mufulira,2000,-0.0779327205
Mufulira,2001,1.499925675
Mufulira,2002,0.8859640016666667
Mufulira,2003,1.4872617166666666
Mufulira,2004,1.7893651750000001
Mufulira,2005,-0.038609833333333336
Mufulira,2006,0.18110905633333332
Mufulira,2007,-0.18758058
Mufulira,2008,-0.11999348441666667
Mufulira,2009,0.9119666081666667
Mufulira,2010,1.3414939
Mufulira,2011,0.8285844916666667
Mufulira,2012,1.17557585
Mufulira,2013,0.32620551133333336
Mufulira,2014,-0.16790734
Mufulira,2015,-0.8487875608333333
Mufulira,2016,-1.3802586583333334
Mufulira,2017,-0.4082733731666666
Mufulira,2018,-0.10730355708333333
Mufulira,2019,0.5364221733333333
Mufulira,2020,-0.221698203335
Mufulira,2021,0.18207413225
Mufulira,2022,-0.326284465
Mufumbwe,1999,-0.3434615733333333
Mufumbwe,2000,-0.2123528216666667
Mufumbwe,2001,0.4368158166666667
Mufumbwe,2002,0.031108637874999998
Mufumbwe,2003,-0.23002483299999998
Mufumbwe,2004,0.5172776175
Mufumbwe,2005,-0.9137945490833334
Mufumbwe,2006,-0.42563696641666665
Mufumbwe,2007,0.3963912166666667
Mufumbwe,2008,0.2660331705
Mufumbwe,2009,1.2810624216666666
Mufumbwe,2010,1.5987781583333334
Mufumbwe,2011,1.7670420833333333
Mufumbwe,2012,1.7049449833333332
Mufumbwe,2013,1.4094879249999999
Mufumbwe,2014,1.0500798525
Mufumbwe,2015,-0.48957843166666665
Mufumbwe,2016,-0.739711045
Mufumbwe,2017,-0.7427683924999999
Mufumbwe,2018,-0.4392980516666667
Mufumbwe,2019,-0.3544125166666667
Mufumbwe,2020,-0.14351921283333333
Mufumbwe,2021,0.06624344858333332
Mufumbwe,2022,-0.46028027
Mulobezi,1999,-0.6450774683333333
Mulobezi,2000,-0.19037272799999996
Mulobezi,2001,0.16017400453333333
Mulobezi,2002,0.17510274258333333
Mulobezi,2003,-0.3764632631666667
Mulobezi,2004,0.24295411366666667
Mulobezi,2005,-0.7895667999999999
Mulobezi,2006,0.18717921250000003
Mulobezi,2007,0.9370525033333333
Mulobezi,2008,1.2484111333333334
Mulobezi,2009,1.8211812166666668
Mulobezi,2010,1.9122940750000001
Mulobezi,2011,1.9553347666666667
Mulobezi,2012,1.4804036083333332
Mulobezi,2013,1.1408028216666668
Mulobezi,2014,0.8236495341666666
Mulobezi,2015,-0.09322433858333334
Mulobezi,2016,-0.40854469416666667
Mulobezi,2017,0.22540714833333333
Mulobezi,2018,0.28098235816666667
Mulobezi,2019,-0.5151875316666666
Mulobezi,2020,-0.43345947166666665
Mulobezi,2021,-1.441744905
Mulobezi,2022,-1.8158104499999999
Mumbwa,1999,-0.016057932500000007
Mumbwa,2000,0.549640977
Mumbwa,2001,0.8909112833333334
Mumbwa,2002,0.8491025525000001
Mumbwa,2003,0.7677174125
Mumbwa,2004,0.8583868474999999
Mumbwa,2005,-0.7477458708333334
Mumbwa,2006,0.042566527
Mumbwa,2007,0.5321868408333333
Mumbwa,2008,0.9711859833333333
Mumbwa,2009,1.7059334166666666
Mumbwa,2010,1.8590302583333334
Mumbwa,2011,1.8048185749999999
Mumbwa,2012,1.2903929666666667
Mumbwa,2013,1.1601733358333333
Mumbwa,2014,0.51823745295
Mumbwa,2015,-0.2975095933333333
Mumbwa,2016,-0.5184092941666667
Mumbwa,2017,-0.03206565175
Mumbwa,2018,0.39973472416666667
Mumbwa,2019,-0.16151333283333333
Mumbwa,2020,-0.34350991258333335
Mumbwa,2021,-0.7445664308333333
Mumbwa,2022,-0.9676229433333333
Mungwi,1999,0.06652046258333333
Mungwi,2000,-0.754423438
Mungwi,2001,0.6448427925
Mungwi,2002,-1.2826037125
Mungwi,2003,-0.6563397058333333
Mungwi,2004,0.00123128041666667
Mungwi,2005,-0.3994838825
Mungwi,2006,-0.4536440683333334
Mungwi,2007,0.34658383750000005
Mungwi,2008,0.08827793979166666
Mungwi,2009,-0.56407353
Mungwi,2010,-0.211954866
Mungwi,2011,-1.5925017083333335
Mungwi,2012,-1.446245575
Mungwi,2013,-1.2883803833333334
Mungwi,2014,-0.4522690116666667
Mungwi,2015,-0.4903183891666667
Mungwi,2016,-0.22870780066666666
Mungwi,2017,-0.7843832533333334
Mungwi,2018,-1.3113266833333332
Mungwi,2019,-0.6862386733333333
Mungwi,2020,0.330427547
Mungwi,2021,1.1096585591666666
Mungwi,2022,1.338552675
Mushindano,1999,-0.7846028441666667
Mushindano,2000,-0.4527825033333333
Mushindano,2001,1.3988083624999998
Mushindano,2002,0.2172953399166667
Mushindano,2003,0.5871535375
Mushindano,2004,1.1724599583333333
Mushindano,2005,-0.5370722975
Mushindano,2006,-0.4946217183333333
Mushindano,2007,-0.28201553783333333
Mushindano,2008,-0.35088779583333335
Mushindano,2009,0.6431496785833334
Mushindano,2010,1.5464732083333335
Mushindano,2011,0.8598266633333332
Mushindano,2012,1.1055244916666667
Mushindano,2013,0.4868319958333333
Mushindano,2014,0.2778318041666667
Mushindano,2015,-0.36089409749999996
Mushindano,2016,-1.0129132266666667
Mushindano,2017,-0.6255823291666667
Mushindano,2018,-0.5494666704166666
Mushindano,2019,0.6746476549999999
Mushindano,2020,0.63269682
Mushindano,2021,1.1593092616666667
Mushindano,2022,0.25145092375
Mwandi,1999,-0.7931511908333334
Mwandi,2000,-0.21888865408333336
Mwandi,2001,0.17501276608333335
Mwandi,2002,0.15708597458333332
Mwandi,2003,-0.42573599083333336
Mwandi,2004,-0.12177640091666668
Mwandi,2005,-1.1100517083333334
Mwandi,2006,0.06715670908333334
Mwandi,2007,0.9356686566666667
Mwandi,2008,1.3528659666666665
Mwandi,2009,1.8826007999999999
Mwandi,2010,1.9182182833333332
Mwandi,2011,1.8975622
Mwandi,2012,1.35775745
Mwandi,2013,0.9665732091666667
Mwandi,2014,0.7547028966666667
Mwandi,2015,0.024892593416666664
Mwandi,2016,-0.4790363425
Mwandi,2017,0.34084204874999996
Mwandi,2018,0.35777547475
Mwandi,2019,-0.38386028083333334
Mwandi,2020,-0.19121708133333334
Mwandi,2021,-1.2577529866666666
Mwandi,2022,-1.7243733583333334
Mwansabombwe,1999,0.014884040833333343
Mwansabombwe,2000,-0.11477103183333333
Mwansabombwe,2001,0.7839499616666666
Mwansabombwe,2002,0.9317494924999999
Mwansabombwe,2003,-0.12030230333333332
Mwansabombwe,2004,-0.1699370770833333
Mwansabombwe,2005,-0.3031073816666667
Mwansabombwe,2006,-1.1679737641666665
Mwansabombwe,2007,-0.2682159675
Mwansabombwe,2008,-0.03415433725
Mwansabombwe,2009,-0.06551972633333333
Mwansabombwe,2010,0.13023627000000002
Mwansabombwe,2011,-0.08441833650000001
Mwansabombwe,2012,-0.03560196725
Mwansabombwe,2013,0.043735998416666665
Mwansabombwe,2014,0.7455241441666667
Mwansabombwe,2015,-0.4763371966666667
Mwansabombwe,2016,-0.6923024
Mwansabombwe,2017,-1.3081571333333333
Mwansabombwe,2018,-1.1863629383333334
Mwansabombwe,2019,-0.17154388500000003
Mwansabombwe,2020,0.49554664
Mwansabombwe,2021,1.0103402375000001
Mwansabombwe,2022,0.18272623166666668
Mwense,1999,0.2946405758333333
Mwense,2000,0.035723734525
Mwense,2001,0.9696907955
Mwense,2002,0.8886847041666667
Mwense,2003,0.28690858151666665
Mwense,2004,0.27142452
Mwense,2005,-0.32859103024999997
Mwense,2006,-1.2839391383333334
Mwense,2007,-0.5504484791666667
Mwense,2008,-0.3877259791666667
Mwense,2009,0.16013550508333332
Mwense,2010,0.5512625208333334
Mwense,2011,0.14122411166666668
Mwense,2012,0.7409446700000001
Mwense,2013,0.3752138825
Mwense,2014,0.773445635
Mwense,2015,-0.4215569133333334
Mwense,2016,-0.9475332500000001
Mwense,2017,-1.2513558791666666
Mwense,2018,-1.1569119058333335
Mwense,2019,-0.05380602958333333
Mwense,2020,0.32549568833333337
Mwense,2021,0.951476995
Mwense,2022,0.038535367
Mwinilunga,1999,-0.057747008275000004
Mwinilunga,2000,-0.8711811216666666
Mwinilunga,2001,-0.841395715
Mwinilunga,2002,-1.6631230166666666
Mwinilunga,2003,-1.6560464750000001
Mwinilunga,2004,-0.8739128675
Mwinilunga,2005,-1.0189713916666667
Mwinilunga,2006,-0.6220325733333333
Mwinilunga,2007,0.06459247
Mwinilunga,2008,-0.46941450216666664
Mwinilunga,2009,0.07385161508333334
Mwinilunga,2010,0.5285890275
Mwinilunga,2011,0.20946584833333334
Mwinilunga,2012,0.33972244749999997
Mwinilunga,2013,0.054916246824999994
Mwinilunga,2014,1.0660160674999999
Mwinilunga,2015,0.15866033135833332
Mwinilunga,2016,0.13280453089166666
Mwinilunga,2017,-0.25439852366666665
Mwinilunga,2018,-0.8601632533333333
Mwinilunga,2019,0.16415010118333334
Mwinilunga,2020,0.7418411485833333
Mwinilunga,2021,0.6084299075
Mwinilunga,2022,0.09618354749999998
Nakonde,1999,-0.13875195083333333
Nakonde,2000,-0.41214427583333335
Nakonde,2001,0.8253954258333334
Nakonde,2002,-0.8956614575
Nakonde,2003,-0.7462928883333334
Nakonde,2004,-0.5804278883333334
Nakonde,2005,-1.0376438458333332
Nakonde,2006,-1.3829975633333333
Nakonde,2007,-0.6456347958333334
Nakonde,2008,-0.5548582025000001
Nakonde,2009,-0.8532460775
Nakonde,2010,-0.23671825980000002
Nakonde,2011,-1.3405281558333335
Nakonde,2012,-0.9245768866666667
Nakonde,2013,-1.0982727125
Nakonde,2014,-0.69623047
Nakonde,2015,-0.7041665783333334
Nakonde,2016,-0.23452142013333332
Nakonde,2017,-0.27223422416666665
Nakonde,2018,-0.5589585783333334
Nakonde,2019,-0.04551317616666667
Nakonde,2020,0.4745895168333334
Nakonde,2021,0.8317286866666667
Nakonde,2022,1.2014301866666666
Nalolo,1999,-0.7495359816666666
Nalolo,2000,-0.03130272033333333
Nalolo,2001,0.38468127729166673
Nalolo,2002,0.3235452716666667
Nalolo,2003,-0.18552414366666667
Nalolo,2004,0.3792123233333333
Nalolo,2005,-0.43517247750000004
Nalolo,2006,0.153327105
Nalolo,2007,0.7986523975
Nalolo,2008,1.0929809525
Nalolo,2009,1.727938975
Nalolo,2010,1.8697950749999999
Nalolo,2011,1.9836986
Nalolo,2012,1.6125808166666669
Nalolo,2013,1.3201521083333334
Nalolo,2014,1.0080360766666667
Nalolo,2015,-0.14410241958333334
Nalolo,2016,-0.4862133366666666
Nalolo,2017,0.18546370333333337
Nalolo,2018,0.2366044675
Nalolo,2019,-0.3661558745833333
Nalolo,2020,-0.19355781441666667
Nalolo,2021,-1.0026335595833333
Nalolo,2022,-0.6057584891666666
Namwala,1999,0.3098687615833333
Namwala,2000,0.5033424091666666
Namwala,2001,0.695977545
Namwala,2002,0.5818092308333332
Namwala,2003,0.3682722603333333
Namwala,2004,0.5350879075
Namwala,2005,-0.7983947808333333
Namwala,2006,0.18453948975
Namwala,2007,0.8100263725
Namwala,2008,1.377968425
Namwala,2009,1.8614465500000001
Namwala,2010,1.9056747166666668
Namwala,2011,1.8439202083333333
Namwala,2012,1.1925217166666666
Namwala,2013,1.09235973
Namwala,2014,0.7373477541666666
Namwala,2015,0.0713098165
Namwala,2016,-0.2898281166666667
Namwala,2017,0.17363073833333334
Namwala,2018,0.4840021625
Namwala,2019,-0.23309062625
Namwala,2020,-0.15742611125
Namwala,2021,-0.653317051
Namwala,2022,-1.1903812858333334
Nchelenge,1999,0.06495797608333335
Nchelenge,2000,0.15745489825
Nchelenge,2001,0.2954294
Nchelenge,2002,0.30749206
Nchelenge,2003,-0.5688185683333333
Nchelenge,2004,-0.4043761835
Nchelenge,2005,-0.21559925283333334
Nchelenge,2006,-1.0041407216666667
Nchelenge,2007,-0.0045171950833333375
Nchelenge,2008,-0.03990449569166667
Nchelenge,2009,-0.38410451333333334
Nchelenge,2010,-0.38801876425
Nchelenge,2011,-0.7079124958333334
Nchelenge,2012,-0.6592100208333334
Nchelenge,2013,-0.14484839849983333
Nchelenge,2014,0.5452315241666666
Nchelenge,2015,0.08075771383333334
Nchelenge,2016,0.06506121166666667
Nchelenge,2017,-0.991005
Nchelenge,2018,-1.0826865041666667
Nchelenge,2019,-0.4216603255
Nchelenge,2020,0.08116578242099999
Nchelenge,2021,0.5827960398333333
Nchelenge,2022,0.18420188391666667
Ndola,1999,-0.10917239000000001
Ndola,2000,0.04194242401666667
Ndola,2001,1.256360925
Ndola,2002,0.7858358675
Ndola,2003,1.4410866916666667
Ndola,2004,1.7043332416666666
Ndola,2005,-0.035576079166666656
Ndola,2006,0.36703210299999994
Ndola,2007,0.060006860333333335
Ndola,2008,0.156576754
Ndola,2009,1.18073265
Ndola,2010,1.4810270666666667
Ndola,2011,1.0708185
Ndola,2012,1.2136289908333333
Ndola,2013,0.3632455821666667
Ndola,2014,-0.3569956143583333
Ndola,2015,-1.0054795358333333
Ndola,2016,-1.5468807583333335
Ndola,2017,-0.44034444
Ndola,2018,0.1809379825
Ndola,2019,0.3808348666666667
Ndola,2020,-0.2245365647708333
Ndola,2021,-0.09434410233333333
Ndola,2022,-0.6452558541666668
Ngabwe,1999,-0.24069651725
Ngabwe,2000,0.35320150833333336
Ngabwe,2001,1.2034004
Ngabwe,2002,0.7324323866666665
Ngabwe,2003,1.0110474541666667
Ngabwe,2004,1.1085294725000001
Ngabwe,2005,-0.8909999583333333
Ngabwe,2006,-0.34383339500000004
Ngabwe,2007,-0.5076556591666667
Ngabwe,2008,-0.1217709215
Ngabwe,2009,1.1058655583333332
Ngabwe,2010,1.630307825
Ngabwe,2011,1.6756835583333334
Ngabwe,2012,1.1071550858333332
Ngabwe,2013,0.7721000458333332
Ngabwe,2014,-0.07796065791666666
Ngabwe,2015,-0.40425735
Ngabwe,2016,-0.4360430766666667
Ngabwe,2017,0.5555735308333333
Ngabwe,2018,1.3026956333333335
Ngabwe,2019,0.7672013441666666
Ngabwe,2020,0.287855705
Ngabwe,2021,0.1058682675
Ngabwe,2022,-0.45202338833333333
Nkeyema,1999,-0.02359759541666667
Nkeyema,2000,0.3955879488083333
Nkeyema,2001,0.4822403925
Nkeyema,2002,0.29999270133333333
Nkeyema,2003,0.007061153555833338
Nkeyema,2004,0.6682281208333333
Nkeyema,2005,-0.6099490325
Nkeyema,2006,0.14846984708333333
Nkeyema,2007,0.8785501408333333
Nkeyema,2008,0.9320216433333334
Nkeyema,2009,1.6350395583333333
Nkeyema,2010,1.765854675
Nkeyema,2011,1.8738498916666666
Nkeyema,2012,1.5681257749999997
Nkeyema,2013,1.35758655
Nkeyema,2014,0.8093147863333333
Nkeyema,2015,-0.6421479733333334
Nkeyema,2016,-1.102292555
Nkeyema,2017,-0.5936272825000001
Nkeyema,2018,-0.16777577796666665
Nkeyema,2019,-0.6488503466666667
Nkeyema,2020,-0.4086912683333333
Nkeyema,2021,-0.8638811383333334
Nkeyema,2022,-1.1756981091666667
Nsama,1999,-0.024334611749999995
Nsama,2000,-0.2704254993333333
Nsama,2001,-0.07594163216666666
Nsama,2002,-0.9631896716666667
Nsama,2003,-0.9349809925
Nsama,2004,-0.62090826
Nsama,2005,-0.7792470666666667
Nsama,2006,-1.4095534166666666
Nsama,2007,-0.8140538641666666
Nsama,2008,-0.41874222083333335
Nsama,2009,-0.5293329683333333
Nsama,2010,-0.37792762333333335
Nsama,2011,-1.1842623041666667
Nsama,2012,-1.53321835
Nsama,2013,-1.041027715
Nsama,2014,0.11269821916666667
Nsama,2015,0.4011825216666667
Nsama,2016,0.8970767108333333
Nsama,2017,0.06837243016666666
Nsama,2018,-0.07781995783333334
Nsama,2019,0.6027037175
Nsama,2020,1.2111762833333333
Nsama,2021,1.616448875
Nsama,2022,1.7963911583333332
Nyimba,1999,0.8797119750000001
Nyimba,2000,1.12220212
Nyimba,2001,1.3282036833333333
Nyimba,2002,0.8794898925
Nyimba,2003,0.5696073991666667
Nyimba,2004,0.41619867
Nyimba,2005,-0.63955341
Nyimba,2006,0.050847104166666664
Nyimba,2007,0.5551883783333333
Nyimba,2008,0.8574236441666666
Nyimba,2009,1.3858128166666666
Nyimba,2010,2.028824616666667
Nyimba,2011,1.6305968249999998
Nyimba,2012,1.2778086966666666
Nyimba,2013,0.6887963975
Nyimba,2014,-0.5765200391666666
Nyimba,2015,-0.7689614958333334
Nyimba,2016,-1.3393240416666667
Nyimba,2017,-0.3216118845
Nyimba,2018,-0.03460107416666666
Nyimba,2019,-0.3041864266666667
Nyimba,2020,-0.06993297141666667
Nyimba,2021,-0.34484000416666666
Nyimba,2022,-0.43358129333333334
Pemba,1999,0.797488
Pemba,2000,1.0722949958333332
Pemba,2001,0.9592815891666667
Pemba,2002,0.7350379825000001
Pemba,2003,0.03675622566666666
Pemba,2004,0.12893932866666666
Pemba,2005,-0.9017413941666667
Pemba,2006,0.06809796666666666
Pemba,2007,0.5722543608333334
Pemba,2008,1.1923830458333333
Pemba,2009,1.7882675083333333
Pemba,2010,1.739457575
Pemba,2011,1.947600875
Pemba,2012,1.07721862
Pemba,2013,0.8026608
Pemba,2014,0.47236063
Pemba,2015,-0.18993159433333337
Pemba,2016,-0.49029279583333335
Pemba,2017,0.06392784858333334
Pemba,2018,0.31882602881666666
Pemba,2019,-0.6276236933333333
Pemba,2020,-0.3800526366666667
Pemba,2021,-0.9072308433333333
Pemba,2022,-1.3101992166666667
Petauke,1999,0.8420347655833332
Petauke,2000,0.9041895775000001
Petauke,2001,0.98478283
Petauke,2002,0.45056731
Petauke,2003,0.08961705441666667
Petauke,2004,0.12829175033333332
Petauke,2005,-0.5439673443333334
Petauke,2006,-0.007305910500000003
Petauke,2007,0.9355916491666667
Petauke,2008,1.1110432833333335
Petauke,2009,1.2577342566666667
Petauke,2010,2.032026575
Petauke,2011,1.3606098275
Petauke,2012,1.1739292725
Petauke,2013,0.818273225
Petauke,2014,-0.5599648300000001
Petauke,2015,-1.0143741108333333
Petauke,2016,-1.6809394833333335
Petauke,2017,-0.8315491958333333
Petauke,2018,-0.5309481361666667
Petauke,2019,-0.37500460583333334
Petauke,2020,0.0416636608775
Petauke,2021,-0.3127706520833333
Petauke,2022,-0.280493493
Rufunsa,1999,1.1350999099999999
Rufunsa,2000,1.5331269416666666
Rufunsa,2001,1.7891922083333334
Rufunsa,2002,1.2810013166666667
Rufunsa,2003,0.6026758458333333
Rufunsa,2004,0.45018963250000005
Rufunsa,2005,-0.7730200691666668
Rufunsa,2006,-0.018059375583333332
Rufunsa,2007,0.05497856283333333
Rufunsa,2008,0.36526917166666667
Rufunsa,2009,1.11209764
Rufunsa,2010,1.5256694416666665
Rufunsa,2011,1.4633229416666664
Rufunsa,2012,0.8189824683333334
Rufunsa,2013,0.33343327491666663
Rufunsa,2014,-0.3749193841666667
Rufunsa,2015,-0.3744665191666667
Rufunsa,2016,-0.6415623916666666
Rufunsa,2017,0.20334584254166665
Rufunsa,2018,0.46841716333333333
Rufunsa,2019,-0.22744305175
Rufunsa,2020,-0.23683954458333334
Rufunsa,2021,-0.48142265833333336
Rufunsa,2022,-0.6899732571666667
Samfya,1999,0.22206257308333333
Samfya,2000,0.056193112891666674
Samfya,2001,0.981294985
Samfya,2002,0.02913546925
Samfya,2003,0.7218790091666666
Samfya,2004,0.8297563166666667
Samfya,2005,0.028147531333333333
Samfya,2006,-0.36121157916666663
Samfya,2007,0.03874284133333333
Samfya,2008,0.277792072
Samfya,2009,0.8340468891666667
Samfya,2010,1.5744918749999999
Samfya,2011,0.5972587891666666
Samfya,2012,1.1520088666666666
Samfya,2013,0.46856793750000003
Samfya,2014,0.08831734591666666
Samfya,2015,-0.6060868675000001
Samfya,2016,-1.28693675
Samfya,2017,-1.0043294666666667
Samfya,2018,-0.8266491235833334
Samfya,2019,0.17237760483333334
Samfya,2020,0.4541318084166666
Samfya,2021,1.0845379441666667
Samfya,2022,0.5638207533333334
Senanga,1999,-0.9708563008333334
Senanga,2000,-0.39157222325
Senanga,2001,0.084357756
Senanga,2002,0.12161783833333334
Senanga,2003,-0.2244485791666667
Senanga,2004,0.3872970475
Senanga,2005,-0.5011130808333334
Senanga,2006,0.21504279
Senanga,2007,0.7621761841666667
Senanga,2008,1.06691356
Senanga,2009,1.7633251166666666
Senanga,2010,1.8709966666666666
Senanga,2011,2.0057771250000003
Senanga,2012,1.5634283
Senanga,2013,1.164595075
Senanga,2014,0.8361489716666667
Senanga,2015,-0.34890744441666666
Senanga,2016,-0.5711113975000001
Senanga,2017,0.21972487083333334
Senanga,2018,0.3070519295833333
Senanga,2019,-0.40274635541666665
Senanga,2020,-0.1993537400583333
Senanga,2021,-1.1083601241666667
Senanga,2022,-1.0540435391666667
Senga Hill,1999,-0.2737235586666667
Senga Hill,2000,-0.6935385749999999
Senga Hill,2001,0.6176130533333334
Senga Hill,2002,-1.4804059166666665
Senga Hill,2003,-0.72027777
Senga Hill,2004,-0.304007087
Senga Hill,2005,-0.7918245241666666
Senga Hill,2006,-0.81407246105
Senga Hill,2007,-0.16096079500000002
Senga Hill,2008,-0.1506257825
Senga Hill,2009,-0.4260359065833333
Senga Hill,2010,0.024249121583333328
Senga Hill,2011,-1.3266370083333332
Senga Hill,2012,-1.2040370916666667
Senga Hill,2013,-1.2555492499999998
Senga Hill,2014,-0.4645903425
Senga Hill,2015,-0.49397759283333337
Senga Hill,2016,-0.14774946725000002
Senga Hill,2017,-0.6254153316666667
Senga Hill,2018,-1.0298127133333332
Senga Hill,2019,-0.41515875
Senga Hill,2020,0.4295211875
Senga Hill,2021,0.7836114205308333
Senga Hill,2022,1.1952645750000002
Serenje,1999,0.6477994583333333
Serenje,2000,0.7780434316666667
Serenje,2001,1.1611985
Serenje,2002,0.4947228225
Serenje,2003,0.5027214658333333
Serenje,2004,0.46359922416666666
Serenje,2005,-0.5241343091666667
Serenje,2006,0.08123632133333333
Serenje,2007,0.6763455133333333
Serenje,2008,0.9535229766666666
Serenje,2009,1.445178145
Serenje,2010,2.1106513166666665
Serenje,2011,1.511061425
Serenje,2012,1.370755325
Serenje,2013,0.7899870833333335
Serenje,2014,-0.6030010741666666
Serenje,2015,-1.1146685166666666
Serenje,2016,-1.7383084083333333
Serenje,2017,-0.8665962341666668
Serenje,2018,-0.3349436291666667
Serenje,2019,0.009291268225000001
Serenje,2020,0.11243238733
Serenje,2021,0.31766764616666665
Serenje,2022,0.12807849341666666
Sesheke,1999,-1.1842287333333334
Sesheke,2000,-0.6045364533333334
Sesheke,2001,-0.2320785425
Sesheke,2002,-0.09197969416666667
Sesheke,2003,-0.5078628516666667
Sesheke,2004,-0.07019681664166667
Sesheke,2005,-0.8340394833333334
Sesheke,2006,0.05036365608333334
Sesheke,2007,0.7349998375000001
Sesheke,2008,1.2039525166666667
Sesheke,2009,1.786790975
Sesheke,2010,1.8638645083333334
Sesheke,2011,1.9651111333333333
Sesheke,2012,1.415558525
Sesheke,2013,0.9636375991666667
Sesheke,2014,0.6746147758333333
Sesheke,2015,-0.10029002050000001
Sesheke,2016,-0.5825718725
Sesheke,2017,0.47540994416666665
Sesheke,2018,0.5675570583333334
Sesheke,2019,-0.13796789414166666
Sesheke,2020,0.10976572208333334
Sesheke,2021,-0.8521696758333334
Sesheke,2022,-1.1642985833333335
Shang'ombo,1999,-1.3458733333333335
Shang'ombo,2000,-0.34007597166666664
Shang'ombo,2001,0.07257965933333334
Shang'ombo,2002,0.18485541391666668
Shang'ombo,2003,-0.21904968333333333
Shang'ombo,2004,0.15489583366666668
Shang'ombo,2005,-0.6404616708333334
Shang'ombo,2006,0.044604536166666674
Shang'ombo,2007,0.6638550424999999
Shang'ombo,2008,0.9831403308333333
Shang'ombo,2009,1.6870298916666666
Shang'ombo,2010,1.7738744750000002
Shang'ombo,2011,1.982154325
Shang'ombo,2012,1.7232996583333333
Shang'ombo,2013,1.3771515
Shang'ombo,2014,1.1698636858333333
Shang'ombo,2015,0.011008266749999995
Shang'ombo,2016,-0.46960476749999996
Shang'ombo,2017,0.2702471933333333
Shang'ombo,2018,0.3261385825
Shang'ombo,2019,-0.22376276216666668
Shang'ombo,2020,-0.26139553083333333
Shang'ombo,2021,-0.9783117176333334
Shang'ombo,2022,-0.5731518408333333
Shibuyunji,1999,-0.02965587358333333
Shibuyunji,2000,0.5962278580833333
Shibuyunji,2001,0.88827204
Shibuyunji,2002,0.8341766408333333
Shibuyunji,2003,0.6728955858333333
Shibuyunji,2004,0.7190865166666667
Shibuyunji,2005,-0.6446630466666666
Shibuyunji,2006,0.08012137
Shibuyunji,2007,0.45270339416666666
Shibuyunji,2008,0.8724930141666666
Shibuyunji,2009,1.6927935583333333
Shibuyunji,2010,1.9924515666666667
Shibuyunji,2011,1.8716163083333333
Shibuyunji,2012,1.2482790166666666
Shibuyunji,2013,0.9884192916666666
Shibuyunji,2014,0.2917798008333333
Shibuyunji,2015,-0.21761217566666669
Shibuyunji,2016,-0.5976674116666666
Shibuyunji,2017,0.05978476916666667
Shibuyunji,2018,0.3159930383333333
Shibuyunji,2019,-0.39274629833333335
Shibuyunji,2020,-0.2878919658333333
Shibuyunji,2021,-0.7234298466666668
Shibuyunji,2022,-0.9444491133333334
Shiwamg'andu,1999,-0.5685391866666667
Shiwamg'andu,2000,-0.9845041858333333
Shiwamg'andu,2001,0.49082192750000003
Shiwamg'andu,2002,-0.8704535095
Shiwamg'andu,2003,0.23528089333333332
Shiwamg'andu,2004,0.7256006125000001
Shiwamg'andu,2005,0.45943534775
Shiwamg'andu,2006,0.36406642666666666
Shiwamg'andu,2007,0.8066759758333334
Shiwamg'andu,2008,0.6963915749999999
Shiwamg'andu,2009,-0.11972215916666666
Shiwamg'andu,2010,0.6784403716666666
Shiwamg'andu,2011,-0.4571286233333333
Shiwamg'andu,2012,-0.30788075
Shiwamg'andu,2013,-0.36122491
Shiwamg'andu,2014,-0.512571855
Shiwamg'andu,2015,-1.04994855
Shiwamg'andu,2016,-1.1926982833333333
Shiwamg'andu,2017,-1.1888487691666667
Shiwamg'andu,2018,-1.0454232758333333
Shiwamg'andu,2019,0.324680041
Shiwamg'andu,2020,0.8978013408333333
Shiwamg'andu,2021,1.2664015508333333
Shiwamg'andu,2022,0.9683028691666666
Siavonga,1999,0.8317429666666666
Siavonga,2000,1.1618541833333333
Siavonga,2001,1.0285560058333334
Siavonga,2002,0.5016849425
Siavonga,2003,-0.22053588000000002
Siavonga,2004,-0.10072746416666667
Siavonga,2005,-0.8513684008333332
Siavonga,2006,0.07673582833333333
Siavonga,2007,0.49345372
Siavonga,2008,0.9217290508333335
Siavonga,2009,1.61778445
Siavonga,2010,1.678475475
Siavonga,2011,1.790640925
Siavonga,2012,1.15431065
Siavonga,2013,1.044871525
Siavonga,2014,0.77594212
Siavonga,2015,0.46002189383333336
Siavonga,2016,0.10261215616666668
Siavonga,2017,0.3302966009166666
Siavonga,2018,0.3305417330416667
Siavonga,2019,-0.6066061183333333
Siavonga,2020,-0.5522042366666667
Siavonga,2021,-1.0133913308333333
Siavonga,2022,-1.2021330000000001
Sikongo,1999,-1.0789317716666667
Sikongo,2000,-0.24110542375
Sikongo,2001,0.20697465633333334
Sikongo,2002,0.17280293833333335
Sikongo,2003,-0.19243907375
Sikongo,2004,0.4188468591666667
Sikongo,2005,-0.32051341083333335
Sikongo,2006,0.1673331341666667
Sikongo,2007,0.7160183833333332
Sikongo,2008,0.7525076374999999
Sikongo,2009,1.5402965166666667
Sikongo,2010,1.7414605416666669
Sikongo,2011,1.9759610083333332
Sikongo,2012,1.7761429333333334
Sikongo,2013,1.4980006666666668
Sikongo,2014,1.2636223333333334
Sikongo,2015,-0.03865367966666666
Sikongo,2016,-0.5763593791666667
Sikongo,2017,0.014221831416666665
Sikongo,2018,0.19122962300000002
Sikongo,2019,-0.19188288283333332
Sikongo,2020,-0.05659179933333333
Sikongo,2021,-0.620868895
Sikongo,2022,-0.5224825641666667
Sinazongwe,1999,0.6804912058333333
Sinazongwe,2000,1.010149275
Sinazongwe,2001,0.9510526583333334
Sinazongwe,2002,0.5916767241666666
Sinazongwe,2003,-0.1531116625
Sinazongwe,2004,-0.12441440033333333
Sinazongwe,2005,-1.1669298153333334
Sinazongwe,2006,-0.10152476616666667
Sinazongwe,2007,0.5181763375
Sinazongwe,2008,1.1610952666666667
Sinazongwe,2009,1.7924958666666668
Sinazongwe,2010,1.838676425
Sinazongwe,2011,1.9160763
Sinazongwe,2012,0.9861926741666666
Sinazongwe,2013,0.816379205
Sinazongwe,2014,0.4840299516666667
Sinazongwe,2015,0.15908065708333333
Sinazongwe,2016,-0.014991216416666668
Sinazongwe,2017,0.4742423808333333
Sinazongwe,2018,0.6229328808333333
Sinazongwe,2019,-0.335249999475
Sinazongwe,2020,-0.14068727075833334
Sinazongwe,2021,-0.6885987473333334
Sinazongwe,2022,-1.2608107608333332
Sinda,1999,1.03757074425
Sinda,2000,0.9009761858333333
Sinda,2001,1.0814003191666666
Sinda,2002,0.5712787683333334
Sinda,2003,0.1372061891666667
Sinda,2004,0.06685583099999999
Sinda,2005,-0.8039705941666666
Sinda,2006,-0.3776550125
Sinda,2007,0.32828031333333335
Sinda,2008,0.6451131083333334
Sinda,2009,0.8506553316666666
Sinda,2010,1.8772064333333331
Sinda,2011,1.4996744416666665
Sinda,2012,1.3691648308333333
Sinda,2013,1.1464248041666667
Sinda,2014,-0.3632300025
Sinda,2015,-0.8189084083333333
Sinda,2016,-1.5393586333333333
Sinda,2017,-0.6880879966666668
Sinda,2018,-0.5235147341666667
Sinda,2019,-0.3646973125
Sinda,2020,0.08758535927833333
Sinda,2021,-0.42657427166666667
Sinda,2022,-0.20779062583333333
Sioma,1999,-1.3335333916666665
Sioma,2000,-0.46751753625
Sioma,2001,-0.054454915666666666
Sioma,2002,0.041951612
Sioma,2003,-0.39597128833333334
Sioma,2004,0.08594380624999999
Sioma,2005,-0.7161628908333334
Sioma,2006,0.21516907625
Sioma,2007,0.8230484241666667
Sioma,2008,1.0848174333333334
Sioma,2009,1.7566838666666669
Sioma,2010,1.7868456416666667
Sioma,2011,1.9606027583333334
Sioma,2012,1.6239074999999998
Sioma,2013,1.183532055
Sioma,2014,0.9924351416666667
Sioma,2015,-0.16327139116666667
Sioma,2016,-0.7029211891666667
Sioma,2017,0.27164901333333336
Sioma,2018,0.3463418329166667
Sioma,2019,-0.28415392716666665
Sioma,2020,-0.19992709649999998
Sioma,2021,-1.0139728388333333
Sioma,2022,-0.9376883916666667
Solwezi,1999,-0.12243082164583334
Solwezi,2000,-0.008051170583333331
Solwezi,2001,1.7147022083333334
Solwezi,2002,0.172430027425
Solwezi,2003,-0.122374838
Solwezi,2004,0.5587082275
Solwezi,2005,-1.2048560416666667
Solwezi,2006,-0.6388041566666667
Solwezi,2007,-0.25812782041666665
Solwezi,2008,-0.11547741441666666
Solwezi,2009,1.1612571708333335
Solwezi,2010,1.6390845333333335
Solwezi,2011,1.2929087641666666
Solwezi,2012,1.270740725
Solwezi,2013,0.7209277325
Solwezi,2014,0.405540925
Solwezi,2015,-0.3974861059166666
Solwezi,2016,-0.9292515833333334
Solwezi,2017,-0.57054361
Solwezi,2018,-0.19800890125
Solwezi,2019,0.6913450025
Solwezi,2020,0.6956913825000001
Solwezi,2021,0.80926791
Solwezi,2022,-0.29696671058333335
Vubwi,1999,0.2043791310833333
Vubwi,2000,0.17816979208333336
Vubwi,2001,0.42054845975
Vubwi,2002,0.12045918941666667
Vubwi,2003,0.19084852166666666
Vubwi,2004,0.4658932625
Vubwi,2005,-0.26479441666666664
Vubwi,2006,-0.17605109666666666
Vubwi,2007,0.32547674833333334
Vubwi,2008,0.4178313748333333
Vubwi,2009,0.3854784216666667
Vubwi,2010,1.6787434833333332
Vubwi,2011,0.9722202050000001
Vubwi,2012,1.4893103833333334
Vubwi,2013,1.4557954116666665
Vubwi,2014,-0.2076211208333333
Vubwi,2015,-0.9323059783333333
Vubwi,2016,-1.7005344333333332
Vubwi,2017,-1.4214947666666669
Vubwi,2018,-1.0260249166666666
Vubwi,2019,-0.072317145375
Vubwi,2020,0.40143647750000006
Vubwi,2021,0.4661663841666667
Vubwi,2022,0.3688252270833334
Zambezi,1999,-1.1200131583333335
Zambezi,2000,-0.7666944
Zambezi,2001,-0.4282939433333333
Zambezi,2002,-0.5762679391666666
Zambezi,2003,-0.4492933158333334
Zambezi,2004,0.33010355166666666
Zambezi,2005,-0.5047791066666667
Zambezi,2006,-0.6497160325
Zambezi,2007,-0.7850989891666668
Zambezi,2008,-1.0267759508333334
Zambezi,2009,0.13996086991666667
Zambezi,2010,0.9613213825
Zambezi,2011,1.5245576083333334
Zambezi,2012,1.4439237416666666
Zambezi,2013,1.0629080558333335
Zambezi,2014,1.2239858283333334
Zambezi,2015,-0.03201527225
Zambezi,2016,-0.20820667458333333
Zambezi,2017,-0.09889099764166666
Zambezi,2018,-0.22971539558333331
Zambezi,2019,-0.498603575
Zambezi,2020,0.2140767725
Zambezi,2021,-0.008710683416666665
Zambezi,2022,-0.38687811875000006
Zimba,1999,0.1983061
Zimba,2000,0.6275765070833333
Zimba,2001,0.7386050841666667
Zimba,2002,0.52073472
Zimba,2003,-0.16336270249999998
Zimba,2004,-0.11101877280833333
Zimba,2005,-1.4136890966666666
Zimba,2006,-0.13489840533333333
Zimba,2007,0.7132588125
Zimba,2008,1.2127743958333335
Zimba,2009,1.875360875
Zimba,2010,1.9201673083333333
Zimba,2011,1.9142411833333333
Zimba,2012,1.239745575
Zimba,2013,0.9265007158333334
Zimba,2014,0.6549843966666667
Zimba,2015,0.23807075858333335
Zimba,2016,-0.023288901499999997
Zimba,2017,0.5539643575000001
Zimba,2018,0.7998736277499999
Zimba,2019,0.054445788
Zimba,2020,0.21801202
Zimba,2021,-0.3498553366666666
Zimba,2022,-1.3080101408333333
