district,year,mean_growing_period
Chibombo,2000,173.4090909090909
Chisamba,2000,173.61904761904762
Chitambo,2000,178.75352112676057
Itezhi-tezhi,2000,161.83838383838383
Kabwe,2000,174.44444444444446
Kapiri Mposhi,2000,176.58715596330276
Luano,2000,178.55555555555554
Mkushi,2000,175.61
Mumbwa,2000,171.35864978902953
Ngabwe,2000,176.9625
Serenje,2000,178.42962962962963
Chililabombwe,2000,183.0
Chingola,2000,183.66666666666666
Kalulushi,2000,184.58333333333334
Kitwe,2000,182.8
Luanshya,2000,181.0
Lufwanyama,2000,182.3798449612403
Masaiti,2000,177.3409090909091
Mpongwe,2000,179.39285714285714
Mufulira,2000,183.625
Ndola,2000,178.53846153846155
Chadiza,2000,194.25
Chasefu,2000,176.8846153846154
Chipangali,2000,184.5483870967742
Chipata,2000,192.85
Kasenengwa,2000,186.45454545454547
Katete,2000,189.6
Lumezi,2000,179.15573770491804
Lundazi,2000,178.35294117647058
Mambwe,2000,181.7605633802817
Nyimba,2000,182.90551181102362
Petauke,2000,185.39772727272728
Sinda,2000,188.72727272727272
Vubwi,2000,195.36363636363637
Chembe,2000,183.95833333333334
Chiengi,2000,193.54347826086956
Chifunabuli,2000,190.1891891891892
Chipili,2000,190.1509433962264
Kawambwa,2000,191.5212765957447
Lunga,2000,188.58139534883722
Mansa,2000,188.19565217391303
Milengi,2000,191.52
Mwansabombwe,2000,191.125
Mwense,2000,188.76923076923077
Nchelenge,2000,191.53061224489795
Samfya,2000,192.75
Chilanga,2000,172.64705882352942
Chirundu,2000,171.0909090909091
Chongwe,2000,174.17857142857142
Kafue,2000,176.52631578947367
Luangwa,2000,156.04166666666666
Lusaka,2000,174.25
Rufunsa,2000,178.1478260869565
Shibuyunji,2000,170.85
Chama,2000,180.6933962264151
Chinsali,2000,179.0
Isoka,2000,191.6290322580645
Kanchibiya,2000,179.53398058252426
Lavushimanda,2000,179.78034682080926
Mafinga,2000,198.10638297872342
Mpika,2000,180.1359223300971
Nakonde,2000,194.09803921568627
Shiwamg'andu,2000,179.24770642201835
Chavuma,2000,193.5185185185185
Ikelenge,2000,206.58333333333334
Kabompo,2000,181.61176470588236
Kalumbila,2000,186.98089171974522
Kasempa,2000,174.4679245283019
Manyinga,2000,189.01075268817203
Mufumbwe,2000,175.61883408071748
Mushindano,2000,181.7017543859649
Mwinilunga,2000,201.68778280542986
Solwezi,2000,179.99319727891157
Zambezi,2000,188.10650887573965
Chilubi,2000,184.8548387096774
Kaputa,2000,193.46774193548387
Kasama,2000,178.9140625
Lunte District,2000,191.6
Lupososhi,2000,190.08695652173913
Luwingu,2000,185.1578947368421
Mbala,2000,191.76315789473685
Mporokoso,2000,192.87234042553192
Mpulungu,2000,190.4959349593496
Mungwi,2000,181.47826086956522
Nsama,2000,192.45054945054946
Senga Hill,2000,190.24137931034483
Chikankanta,2000,177.83333333333334
Choma,2000,193.15254237288136
Gwembe,2000,189.22916666666666
Kalomo,2000,187.02
Kazungula,2000,150.77232142857142
Livingstone,2000,147.88888888888889
Mazabuka,2000,167.7173913043478
Monze,2000,174.83333333333334
Namwala,2000,167.53030303030303
Pemba,2000,195.2
Siavonga,2000,182.7826086956522
Sinazongwe,2000,192.0655737704918
Zimba,2000,190.59701492537314
Kalabo,2000,162.74576271186442
Kaoma,2000,173.8272727272727
Limulunga,2000,175.20454545454547
Luampa,2000,166.5793650793651
Lukulu,2000,178.5982905982906
Mitete,2000,174.96052631578948
Mongu,2000,170.24
Mulobezi,2000,148.75333333333333
Mwandi,2000,143.62337662337663
Nalolo,2000,168.5593220338983
Nkeyema,2000,168.73333333333332
Senanga,2000,161.0763358778626
Sesheke,2000,143.75539568345323
Shang'ombo,2000,166.31958762886597
Sikongo,2000,165.7391304347826
Sioma,2000,154.76
Chibombo,2001,159.6727272727273
Chisamba,2001,156.84126984126985
Chitambo,2001,159.96478873239437
Itezhi-tezhi,2001,168.56060606060606
Kabwe,2001,159.5
Kapiri Mposhi,2001,161.92660550458714
Luano,2001,159.7094017094017
Mkushi,2001,161.33
Mumbwa,2001,167.915611814346
Ngabwe,2001,175.1125
Serenje,2001,157.74074074074073
Chililabombwe,2001,189.0625
Chingola,2001,189.66666666666666
Kalulushi,2001,189.0
Kitwe,2001,187.53333333333333
Luanshya,2001,187.0
Lufwanyama,2001,188.68992248062017
Masaiti,2001,178.38636363636363
Mpongwe,2001,182.13392857142858
Mufulira,2001,188.25
Ndola,2001,186.53846153846155
Chadiza,2001,162.75
Chasefu,2001,145.96153846153845
Chipangali,2001,146.96774193548387
Chipata,2001,152.65
Kasenengwa,2001,155.27272727272728
Katete,2001,163.1
Lumezi,2001,146.39344262295083
Lundazi,2001,146.64705882352942
Mambwe,2001,154.81690140845072
Nyimba,2001,160.45669291338584
Petauke,2001,162.8068181818182
Sinda,2001,163.45454545454547
Vubwi,2001,160.54545454545453
Chembe,2001,185.0
Chiengi,2001,197.7608695652174
Chifunabuli,2001,182.40540540540542
Chipili,2001,185.9056603773585
Kawambwa,2001,192.30851063829786
Lunga,2001,182.3953488372093
Mansa,2001,182.08695652173913
Milengi,2001,182.88
Mwansabombwe,2001,191.625
Mwense,2001,184.30769230769232
Nchelenge,2001,192.46938775510205
Samfya,2001,181.425
Chilanga,2001,157.0
Chirundu,2001,157.45454545454547
Chongwe,2001,157.21428571428572
Kafue,2001,157.19298245614036
Luangwa,2001,153.625
Lusaka,2001,157.5
Rufunsa,2001,157.58260869565217
Shibuyunji,2001,156.05
Chama,2001,144.95754716981133
Chinsali,2001,163.56410256410257
Isoka,2001,157.51612903225808
Kanchibiya,2001,182.09708737864077
Lavushimanda,2001,167.9942196531792
Mafinga,2001,167.59574468085106
Mpika,2001,167.34466019417476
Nakonde,2001,170.58823529411765
Shiwamg'andu,2001,180.03669724770643
Chavuma,2001,196.38888888888889
Ikelenge,2001,205.375
Kabompo,2001,162.94117647058823
Kalumbila,2001,190.79617834394904
Kasempa,2001,182.09811320754716
Manyinga,2001,176.86021505376345
Mufumbwe,2001,175.6322869955157
Mushindano,2001,190.47368421052633
Mwinilunga,2001,198.61990950226243
Solwezi,2001,188.8231292517007
Zambezi,2001,191.60355029585799
Chilubi,2001,183.58064516129033
Kaputa,2001,195.19354838709677
Kasama,2001,183.578125
Lunte District,2001,191.4
Lupososhi,2001,184.6304347826087
Luwingu,2001,185.50877192982455
Mbala,2001,188.73684210526315
Mporokoso,2001,193.48936170212767
Mpulungu,2001,188.7479674796748
Mungwi,2001,181.8
Nsama,2001,191.9120879120879
Senga Hill,2001,184.60344827586206
Chikankanta,2001,160.38888888888889
Choma,2001,165.59322033898306
Gwembe,2001,163.58333333333334
Kalomo,2001,165.39
Kazungula,2001,146.97321428571428
Livingstone,2001,79.33333333333333
Mazabuka,2001,157.43478260869566
Monze,2001,161.01666666666668
Namwala,2001,158.6818181818182
Pemba,2001,165.68
Siavonga,2001,160.7826086956522
Sinazongwe,2001,164.27868852459017
Zimba,2001,159.47761194029852
Kalabo,2001,185.57627118644066
Kaoma,2001,184.56363636363636
Limulunga,2001,181.04545454545453
Luampa,2001,183.984126984127
Lukulu,2001,180.9059829059829
Mitete,2001,189.97368421052633
Mongu,2001,175.12
Mulobezi,2001,181.36666666666667
Mwandi,2001,175.02597402597402
Nalolo,2001,170.64406779661016
Nkeyema,2001,185.64444444444445
Senanga,2001,171.9770992366412
Sesheke,2001,179.42446043165467
Shang'ombo,2001,174.06185567010309
Sikongo,2001,184.7826086956522
Sioma,2001,174.41
Chibombo,2002,104.52727272727273
Chisamba,2002,103.41269841269842
Chitambo,2002,152.22535211267606
Itezhi-tezhi,2002,81.8989898989899
Kabwe,2002,121.0
Kapiri Mposhi,2002,158.8165137614679
Luano,2002,128.2991452991453
Mkushi,2002,143.34
Mumbwa,2002,117.53586497890295
Ngabwe,2002,168.4125
Serenje,2002,150.5185185185185
Chililabombwe,2002,193.875
Chingola,2002,193.66666666666666
Kalulushi,2002,192.75
Kitwe,2002,191.86666666666667
Luanshya,2002,186.44444444444446
Lufwanyama,2002,190.1782945736434
Masaiti,2002,156.97727272727272
Mpongwe,2002,182.90178571428572
Mufulira,2002,193.125
Ndola,2002,171.53846153846155
Chadiza,2002,173.3125
Chasefu,2002,149.92307692307693
Chipangali,2002,147.38709677419354
Chipata,2002,170.05
Kasenengwa,2002,161.36363636363637
Katete,2002,165.4
Lumezi,2002,143.11475409836066
Lundazi,2002,147.76470588235293
Mambwe,2002,140.50704225352112
Nyimba,2002,140.70078740157481
Petauke,2002,149.10227272727272
Sinda,2002,158.45454545454547
Vubwi,2002,171.0
Chembe,2002,189.875
Chiengi,2002,196.5
Chifunabuli,2002,188.7027027027027
Chipili,2002,192.18867924528303
Kawambwa,2002,192.06382978723406
Lunga,2002,185.93023255813952
Mansa,2002,191.06521739130434
Milengi,2002,187.82666666666665
Mwansabombwe,2002,193.5625
Mwense,2002,193.0
Nchelenge,2002,193.77551020408163
Samfya,2002,186.425
Chilanga,2002,104.0
Chirundu,2002,79.31818181818181
Chongwe,2002,103.17857142857143
Kafue,2002,94.6842105263158
Luangwa,2002,77.66666666666667
Lusaka,2002,104.0
Rufunsa,2002,104.34782608695652
Shibuyunji,2002,103.7
Chama,2002,161.66037735849056
Chinsali,2002,174.52564102564102
Isoka,2002,188.41935483870967
Kanchibiya,2002,176.90291262135923
Lavushimanda,2002,161.69942196531792
Mafinga,2002,194.08510638297872
Mpika,2002,166.61165048543688
Nakonde,2002,187.94117647058823
Shiwamg'andu,2002,175.7981651376147
Chavuma,2002,182.3148148148148
Ikelenge,2002,221.70833333333334
Kabompo,2002,158.71764705882353
Kalumbila,2002,186.2420382165605
Kasempa,2002,179.23396226415093
Manyinga,2002,170.53763440860214
Mufumbwe,2002,180.77130044843048
Mushindano,2002,191.6140350877193
Mwinilunga,2002,200.2760180995475
Solwezi,2002,184.68027210884352
Zambezi,2002,178.01183431952663
Chilubi,2002,183.40322580645162
Kaputa,2002,194.5483870967742
Kasama,2002,175.1875
Lunte District,2002,186.41052631578947
Lupososhi,2002,189.17391304347825
Luwingu,2002,182.17543859649123
Mbala,2002,181.3421052631579
Mporokoso,2002,192.82978723404256
Mpulungu,2002,182.1788617886179
Mungwi,2002,174.38260869565218
Nsama,2002,188.78021978021977
Senga Hill,2002,178.08620689655172
Chikankanta,2002,105.25
Choma,2002,92.22033898305085
Gwembe,2002,105.29166666666667
Kalomo,2002,78.41
Kazungula,2002,71.64732142857143
Livingstone,2002,58.0
Mazabuka,2002,103.97826086956522
Monze,2002,103.18333333333334
Namwala,2002,90.93939393939394
Pemba,2002,106.12
Siavonga,2002,106.17391304347827
Sinazongwe,2002,88.49180327868852
Zimba,2002,79.07462686567165
Kalabo,2002,170.41525423728814
Kaoma,2002,173.86363636363637
Limulunga,2002,189.5909090909091
Luampa,2002,150.53968253968253
Lukulu,2002,174.05982905982907
Mitete,2002,183.3421052631579
Mongu,2002,188.96
Mulobezi,2002,94.82666666666667
Mwandi,2002,76.67532467532467
Nalolo,2002,175.4406779661017
Nkeyema,2002,168.73333333333332
Senanga,2002,150.93129770992365
Sesheke,2002,84.92086330935251
Shang'ombo,2002,149.97938144329896
Sikongo,2002,163.54347826086956
Sioma,2002,111.66
Chibombo,2003,152.96363636363637
Chisamba,2003,152.88888888888889
Chitambo,2003,159.09859154929578
Itezhi-tezhi,2003,143.27272727272728
Kabwe,2003,153.83333333333334
Kapiri Mposhi,2003,154.1559633027523
Luano,2003,154.0854700854701
Mkushi,2003,156.71
Mumbwa,2003,149.64556962025316
Ngabwe,2003,157.5375
Serenje,2003,156.25185185185185
Chililabombwe,2003,191.0
Chingola,2003,176.1904761904762
Kalulushi,2003,165.5
Kitwe,2003,165.06666666666666
Luanshya,2003,162.22222222222223
Lufwanyama,2003,170.8294573643411
Masaiti,2003,158.75
Mpongwe,2003,162.875
Mufulira,2003,172.25
Ndola,2003,162.30769230769232
Chadiza,2003,154.3125
Chasefu,2003,161.26923076923077
Chipangali,2003,152.7741935483871
Chipata,2003,154.7
Kasenengwa,2003,152.72727272727272
Katete,2003,153.7
Lumezi,2003,155.4016393442623
Lundazi,2003,159.64705882352942
Mambwe,2003,152.45070422535213
Nyimba,2003,152.6535433070866
Petauke,2003,155.07954545454547
Sinda,2003,154.5151515151515
Vubwi,2003,155.36363636363637
Chembe,2003,167.91666666666666
Chiengi,2003,178.41304347826087
Chifunabuli,2003,168.54054054054055
Chipili,2003,176.28301886792454
Kawambwa,2003,187.04255319148936
Lunga,2003,167.65116279069767
Mansa,2003,169.75
Milengi,2003,168.30666666666667
Mwansabombwe,2003,189.625
Mwense,2003,172.6153846153846
Nchelenge,2003,194.73469387755102
Samfya,2003,167.875
Chilanga,2003,154.76470588235293
Chirundu,2003,148.54545454545453
Chongwe,2003,152.78571428571428
Kafue,2003,152.24561403508773
Luangwa,2003,148.45833333333334
Lusaka,2003,155.5
Rufunsa,2003,153.26956521739132
Shibuyunji,2003,154.3
Chama,2003,161.73584905660377
Chinsali,2003,164.51282051282053
Isoka,2003,168.74193548387098
Kanchibiya,2003,164.16504854368932
Lavushimanda,2003,160.11560693641619
Mafinga,2003,171.87234042553192
Mpika,2003,160.79611650485438
Nakonde,2003,170.64705882352942
Shiwamg'andu,2003,165.07339449541286
Chavuma,2003,185.5
Ikelenge,2003,209.91666666666666
Kabompo,2003,190.04705882352943
Kalumbila,2003,201.0828025477707
Kasempa,2003,177.3698113207547
Manyinga,2003,198.03225806451613
Mufumbwe,2003,186.13004484304932
Mushindano,2003,187.7719298245614
Mwinilunga,2003,204.52941176470588
Solwezi,2003,198.9047619047619
Zambezi,2003,183.88757396449705
Chilubi,2003,166.40322580645162
Kaputa,2003,174.46774193548387
Kasama,2003,165.1875
Lunte District,2003,168.06315789473683
Lupososhi,2003,167.67391304347825
Luwingu,2003,166.10526315789474
Mbala,2003,160.28947368421052
Mporokoso,2003,177.74468085106383
Mpulungu,2003,162.52845528455285
Mungwi,2003,164.0608695652174
Nsama,2003,165.0989010989011
Senga Hill,2003,161.86206896551724
Chikankanta,2003,156.30555555555554
Choma,2003,148.76271186440678
Gwembe,2003,156.95833333333334
Kalomo,2003,138.03
Kazungula,2003,98.29017857142857
Livingstone,2003,25.666666666666668
Mazabuka,2003,155.2391304347826
Monze,2003,155.16666666666666
Namwala,2003,146.27272727272728
Pemba,2003,158.48
Siavonga,2003,152.82608695652175
Sinazongwe,2003,115.19672131147541
Zimba,2003,90.40298507462687
Kalabo,2003,181.65254237288136
Kaoma,2003,176.78181818181818
Limulunga,2003,173.47727272727272
Luampa,2003,165.57142857142858
Lukulu,2003,179.48717948717947
Mitete,2003,183.77631578947367
Mongu,2003,166.88
Mulobezi,2003,134.69333333333333
Mwandi,2003,76.12987012987013
Nalolo,2003,165.45762711864407
Nkeyema,2003,170.15555555555557
Senanga,2003,145.29770992366412
Sesheke,2003,82.69064748201438
Shang'ombo,2003,160.95876288659792
Sikongo,2003,180.45652173913044
Sioma,2003,122.18
Chibombo,2004,157.46363636363637
Chisamba,2004,154.984126984127
Chitambo,2004,171.0281690140845
Itezhi-tezhi,2004,146.74747474747474
Kabwe,2004,157.94444444444446
Kapiri Mposhi,2004,162.651376146789
Luano,2004,164.13675213675214
Mkushi,2004,171.15
Mumbwa,2004,150.9409282700422
Ngabwe,2004,174.6125
Serenje,2004,178.4148148148148
Chililabombwe,2004,187.5
Chingola,2004,185.8095238095238
Kalulushi,2004,188.33333333333334
Kitwe,2004,188.66666666666666
Luanshya,2004,181.11111111111111
Lufwanyama,2004,181.72093023255815
Masaiti,2004,172.95454545454547
Mpongwe,2004,174.48214285714286
Mufulira,2004,189.875
Ndola,2004,180.3846153846154
Chadiza,2004,193.1875
Chasefu,2004,202.1153846153846
Chipangali,2004,172.25806451612902
Chipata,2004,188.8
Kasenengwa,2004,177.0909090909091
Katete,2004,191.06666666666666
Lumezi,2004,162.172131147541
Lundazi,2004,182.2941176470588
Mambwe,2004,171.0281690140845
Nyimba,2004,192.4015748031496
Petauke,2004,195.0340909090909
Sinda,2004,198.4848484848485
Vubwi,2004,194.72727272727272
Chembe,2004,195.33333333333334
Chiengi,2004,225.97826086956522
Chifunabuli,2004,199.16216216216216
Chipili,2004,201.60377358490567
Kawambwa,2004,207.2659574468085
Lunga,2004,183.5581395348837
Mansa,2004,198.45652173913044
Milengi,2004,191.45333333333335
Mwansabombwe,2004,212.1875
Mwense,2004,199.5
Nchelenge,2004,221.24489795918367
Samfya,2004,189.0
Chilanga,2004,153.05882352941177
Chirundu,2004,152.5
Chongwe,2004,153.17857142857142
Kafue,2004,152.66666666666666
Luangwa,2004,151.85416666666666
Lusaka,2004,154.0
Rufunsa,2004,156.4695652173913
Shibuyunji,2004,152.4
Chama,2004,173.91037735849056
Chinsali,2004,173.01282051282053
Isoka,2004,181.38709677419354
Kanchibiya,2004,162.94174757281553
Lavushimanda,2004,163.15028901734104
Mafinga,2004,189.48936170212767
Mpika,2004,153.55825242718447
Nakonde,2004,181.62745098039215
Shiwamg'andu,2004,170.26605504587155
Chavuma,2004,191.16666666666666
Ikelenge,2004,218.79166666666666
Kabompo,2004,170.27058823529413
Kalumbila,2004,184.21656050955414
Kasempa,2004,167.30188679245282
Manyinga,2004,184.247311827957
Mufumbwe,2004,170.80269058295963
Mushindano,2004,181.19298245614036
Mwinilunga,2004,210.5158371040724
Solwezi,2004,173.08163265306123
Zambezi,2004,187.0059171597633
Chilubi,2004,186.80645161290323
Kaputa,2004,217.9516129032258
Kasama,2004,180.9375
Lunte District,2004,197.6
Lupososhi,2004,200.7826086956522
Luwingu,2004,193.140350877193
Mbala,2004,176.21052631578948
Mporokoso,2004,209.36170212765958
Mpulungu,2004,178.4878048780488
Mungwi,2004,173.8521739130435
Nsama,2004,203.8021978021978
Senga Hill,2004,176.05172413793105
Chikankanta,2004,155.27777777777777
Choma,2004,153.20338983050848
Gwembe,2004,154.45833333333334
Kalomo,2004,150.37
Kazungula,2004,145.37946428571428
Livingstone,2004,142.0
Mazabuka,2004,153.1086956521739
Monze,2004,155.7
Namwala,2004,148.04545454545453
Pemba,2004,156.04
Siavonga,2004,154.56521739130434
Sinazongwe,2004,149.40983606557376
Zimba,2004,148.1492537313433
Kalabo,2004,157.11016949152543
Kaoma,2004,168.4909090909091
Limulunga,2004,166.8409090909091
Luampa,2004,162.03968253968253
Lukulu,2004,172.7008547008547
Mitete,2004,184.6578947368421
Mongu,2004,160.74666666666667
Mulobezi,2004,151.96
Mwandi,2004,139.06493506493507
Nalolo,2004,124.94915254237289
Nkeyema,2004,165.44444444444446
Senanga,2004,135.7175572519084
Sesheke,2004,122.14388489208633
Shang'ombo,2004,125.26804123711341
Sikongo,2004,136.69565217391303
Sioma,2004,121.41
Chibombo,2005,108.44545454545455
Chisamba,2005,111.3015873015873
Chitambo,2005,138.54225352112675
Itezhi-tezhi,2005,120.9090909090909
Kabwe,2005,124.44444444444444
Kapiri Mposhi,2005,137.08256880733944
Luano,2005,118.58119658119658
Mkushi,2005,133.02
Mumbwa,2005,113.60337552742617
Ngabwe,2005,144.525
Serenje,2005,131.94814814814814
Chililabombwe,2005,176.0
Chingola,2005,176.04761904761904
Kalulushi,2005,175.5
Kitwe,2005,175.06666666666666
Luanshya,2005,172.88888888888889
Lufwanyama,2005,175.4108527131783
Masaiti,2005,168.8409090909091
Mpongwe,2005,167.59821428571428
Mufulira,2005,175.875
Ndola,2005,172.76923076923077
Chadiza,2005,132.9375
Chasefu,2005,132.53846153846155
Chipangali,2005,133.90322580645162
Chipata,2005,134.85
Kasenengwa,2005,130.86363636363637
Katete,2005,129.4
Lumezi,2005,136.22131147540983
Lundazi,2005,139.88235294117646
Mambwe,2005,129.32394366197184
Nyimba,2005,102.61417322834646
Petauke,2005,109.86363636363636
Sinda,2005,118.60606060606061
Vubwi,2005,134.0909090909091
Chembe,2005,176.54166666666666
Chiengi,2005,202.15217391304347
Chifunabuli,2005,157.86486486486487
Chipili,2005,165.0188679245283
Kawambwa,2005,193.35106382978722
Lunga,2005,173.37209302325581
Mansa,2005,176.54347826086956
Milengi,2005,170.17333333333335
Mwansabombwe,2005,198.125
Mwense,2005,181.57692307692307
Nchelenge,2005,203.9387755102041
Samfya,2005,166.0
Chilanga,2005,116.82352941176471
Chirundu,2005,106.4090909090909
Chongwe,2005,111.57142857142857
Kafue,2005,115.29824561403508
Luangwa,2005,110.41666666666667
Lusaka,2005,126.25
Rufunsa,2005,118.01739130434783
Shibuyunji,2005,105.85
Chama,2005,137.0754716981132
Chinsali,2005,137.07692307692307
Isoka,2005,141.1451612903226
Kanchibiya,2005,172.33009708737865
Lavushimanda,2005,141.9479768786127
Mafinga,2005,144.31914893617022
Mpika,2005,155.7378640776699
Nakonde,2005,152.23529411764707
Shiwamg'andu,2005,170.42201834862385
Chavuma,2005,188.11111111111111
Ikelenge,2005,197.58333333333334
Kabompo,2005,178.1764705882353
Kalumbila,2005,178.43312101910828
Kasempa,2005,166.67924528301887
Manyinga,2005,178.63440860215053
Mufumbwe,2005,174.32286995515696
Mushindano,2005,177.50877192982455
Mwinilunga,2005,187.32579185520362
Solwezi,2005,177.63945578231292
Zambezi,2005,182.45562130177515
Chilubi,2005,162.6451612903226
Kaputa,2005,198.1290322580645
Kasama,2005,152.6171875
Lunte District,2005,180.49473684210525
Lupososhi,2005,160.41304347826087
Luwingu,2005,160.31578947368422
Mbala,2005,181.23684210526315
Mporokoso,2005,194.25531914893617
Mpulungu,2005,181.47154471544715
Mungwi,2005,142.4608695652174
Nsama,2005,188.43956043956044
Senga Hill,2005,162.5
Chikankanta,2005,123.5
Choma,2005,116.61016949152543
Gwembe,2005,116.04166666666667
Kalomo,2005,103.98
Kazungula,2005,116.08482142857143
Livingstone,2005,111.44444444444444
Mazabuka,2005,109.15217391304348
Monze,2005,112.63333333333334
Namwala,2005,107.98484848484848
Pemba,2005,131.64
Siavonga,2005,113.6086956521739
Sinazongwe,2005,99.1311475409836
Zimba,2005,98.94029850746269
Kalabo,2005,170.27118644067798
Kaoma,2005,172.5
Limulunga,2005,162.4090909090909
Luampa,2005,166.9206349206349
Lukulu,2005,174.25641025641025
Mitete,2005,175.35526315789474
Mongu,2005,156.32
Mulobezi,2005,140.76
Mwandi,2005,111.25974025974025
Nalolo,2005,154.27118644067798
Nkeyema,2005,170.26666666666668
Senanga,2005,147.81679389312978
Sesheke,2005,115.15827338129496
Shang'ombo,2005,153.9278350515464
Sikongo,2005,168.54347826086956
Sioma,2005,144.8
Chibombo,2006,148.44545454545454
Chisamba,2006,151.76190476190476
Chitambo,2006,178.54929577464787
Itezhi-tezhi,2006,149.07575757575756
Kabwe,2006,150.0
Kapiri Mposhi,2006,153.91743119266056
Luano,2006,156.51282051282053
Mkushi,2006,164.72
Mumbwa,2006,149.24472573839662
Ngabwe,2006,153.5625
Serenje,2006,175.31851851851852
Chililabombwe,2006,191.625
Chingola,2006,190.0
Kalulushi,2006,182.08333333333334
Kitwe,2006,174.4
Luanshya,2006,169.88888888888889
Lufwanyama,2006,180.41860465116278
Masaiti,2006,165.1590909090909
Mpongwe,2006,163.82142857142858
Mufulira,2006,176.5
Ndola,2006,170.30769230769232
Chadiza,2006,190.6875
Chasefu,2006,176.69230769230768
Chipangali,2006,178.93548387096774
Chipata,2006,181.55
Kasenengwa,2006,179.4090909090909
Katete,2006,186.9
Lumezi,2006,178.90983606557376
Lundazi,2006,176.76470588235293
Mambwe,2006,180.53521126760563
Nyimba,2006,168.17322834645668
Petauke,2006,182.0909090909091
Sinda,2006,183.84848484848484
Vubwi,2006,188.72727272727272
Chembe,2006,182.875
Chiengi,2006,228.5
Chifunabuli,2006,180.97297297297297
Chipili,2006,195.58490566037736
Kawambwa,2006,216.58510638297872
Lunga,2006,177.13953488372093
Mansa,2006,187.5
Milengi,2006,180.53333333333333
Mwansabombwe,2006,202.875
Mwense,2006,192.69230769230768
Nchelenge,2006,217.87755102040816
Samfya,2006,178.775
Chilanga,2006,151.94117647058823
Chirundu,2006,135.36363636363637
Chongwe,2006,153.67857142857142
Kafue,2006,142.08771929824562
Luangwa,2006,132.625
Lusaka,2006,154.5
Rufunsa,2006,141.16521739130434
Shibuyunji,2006,148.2
Chama,2006,180.47641509433961
Chinsali,2006,197.96153846153845
Isoka,2006,200.7258064516129
Kanchibiya,2006,179.33009708737865
Lavushimanda,2006,180.2543352601156
Mafinga,2006,191.61702127659575
Mpika,2006,180.8252427184466
Nakonde,2006,215.47058823529412
Shiwamg'andu,2006,189.3119266055046
Chavuma,2006,188.12962962962962
Ikelenge,2006,225.91666666666666
Kabompo,2006,180.64705882352942
Kalumbila,2006,195.03821656050957
Kasempa,2006,172.64150943396226
Manyinga,2006,187.247311827957
Mufumbwe,2006,176.2017937219731
Mushindano,2006,195.7719298245614
Mwinilunga,2006,205.67420814479638
Solwezi,2006,190.6122448979592
Zambezi,2006,183.0887573964497
Chilubi,2006,179.79032258064515
Kaputa,2006,230.90322580645162
Kasama,2006,202.8671875
Lunte District,2006,225.55789473684212
Lupososhi,2006,192.84782608695653
Luwingu,2006,199.3859649122807
Mbala,2006,226.26315789473685
Mporokoso,2006,229.36170212765958
Mpulungu,2006,226.5691056910569
Mungwi,2006,208.62608695652173
Nsama,2006,229.72527472527472
Senga Hill,2006,221.18965517241378
Chikankanta,2006,156.72222222222223
Choma,2006,155.01694915254237
Gwembe,2006,160.22916666666666
Kalomo,2006,152.74
Kazungula,2006,153.43303571428572
Livingstone,2006,154.11111111111111
Mazabuka,2006,151.7173913043478
Monze,2006,152.88333333333333
Namwala,2006,147.6818181818182
Pemba,2006,159.88
Siavonga,2006,152.17391304347825
Sinazongwe,2006,155.47540983606558
Zimba,2006,154.17910447761193
Kalabo,2006,162.26271186440678
Kaoma,2006,168.27272727272728
Limulunga,2006,156.70454545454547
Luampa,2006,158.87301587301587
Lukulu,2006,174.4188034188034
Mitete,2006,179.93421052631578
Mongu,2006,148.94666666666666
Mulobezi,2006,156.23333333333332
Mwandi,2006,152.2987012987013
Nalolo,2006,141.16949152542372
Nkeyema,2006,160.0222222222222
Senanga,2006,149.9083969465649
Sesheke,2006,157.8273381294964
Shang'ombo,2006,151.18556701030928
Sikongo,2006,155.47826086956522
Sioma,2006,152.81
Chibombo,2007,149.77272727272728
Chisamba,2007,150.38095238095238
Chitambo,2007,164.11267605633802
Itezhi-tezhi,2007,156.1818181818182
Kabwe,2007,153.16666666666666
Kapiri Mposhi,2007,156.6880733944954
Luano,2007,149.8034188034188
Mkushi,2007,163.65
Mumbwa,2007,156.68776371308016
Ngabwe,2007,157.7
Serenje,2007,168.17777777777778
Chililabombwe,2007,185.375
Chingola,2007,183.66666666666666
Kalulushi,2007,181.75
Kitwe,2007,181.8
Luanshya,2007,177.66666666666666
Lufwanyama,2007,179.0
Masaiti,2007,170.88636363636363
Mpongwe,2007,166.75
Mufulira,2007,183.5
Ndola,2007,176.84615384615384
Chadiza,2007,149.5625
Chasefu,2007,146.57692307692307
Chipangali,2007,141.16129032258064
Chipata,2007,149.2
Kasenengwa,2007,142.0
Katete,2007,144.3
Lumezi,2007,143.4344262295082
Lundazi,2007,142.76470588235293
Mambwe,2007,142.3661971830986
Nyimba,2007,147.99212598425197
Petauke,2007,141.625
Sinda,2007,142.33333333333334
Vubwi,2007,150.0909090909091
Chembe,2007,193.25
Chiengi,2007,240.15217391304347
Chifunabuli,2007,205.27027027027026
Chipili,2007,205.9056603773585
Kawambwa,2007,212.53191489361703
Lunga,2007,199.27906976744185
Mansa,2007,199.25
Milengi,2007,198.04
Mwansabombwe,2007,209.6875
Mwense,2007,201.07692307692307
Nchelenge,2007,222.10204081632654
Samfya,2007,200.425
Chilanga,2007,146.7058823529412
Chirundu,2007,135.9090909090909
Chongwe,2007,148.14285714285714
Kafue,2007,139.75438596491227
Luangwa,2007,137.20833333333334
Lusaka,2007,148.0
Rufunsa,2007,138.23478260869564
Shibuyunji,2007,147.15
Chama,2007,152.71226415094338
Chinsali,2007,168.53846153846155
Isoka,2007,171.7258064516129
Kanchibiya,2007,185.2233009708738
Lavushimanda,2007,164.73410404624278
Mafinga,2007,185.08510638297872
Mpika,2007,165.64077669902912
Nakonde,2007,172.62745098039215
Shiwamg'andu,2007,192.96330275229357
Chavuma,2007,189.72222222222223
Ikelenge,2007,231.66666666666666
Kabompo,2007,184.61176470588236
Kalumbila,2007,192.37579617834396
Kasempa,2007,173.30943396226414
Manyinga,2007,190.27956989247312
Mufumbwe,2007,179.22421524663676
Mushindano,2007,189.2280701754386
Mwinilunga,2007,222.23076923076923
Solwezi,2007,187.0612244897959
Zambezi,2007,187.0
Chilubi,2007,198.75806451612902
Kaputa,2007,224.46774193548387
Kasama,2007,198.265625
Lunte District,2007,207.90526315789472
Lupososhi,2007,207.17391304347825
Luwingu,2007,202.859649122807
Mbala,2007,202.05263157894737
Mporokoso,2007,208.7872340425532
Mpulungu,2007,201.21138211382114
Mungwi,2007,191.50434782608696
Nsama,2007,205.65934065934067
Senga Hill,2007,193.39655172413794
Chikankanta,2007,147.05555555555554
Choma,2007,164.32203389830508
Gwembe,2007,160.20833333333334
Kalomo,2007,153.96
Kazungula,2007,135.89732142857142
Livingstone,2007,139.55555555555554
Mazabuka,2007,151.08695652173913
Monze,2007,159.88333333333333
Namwala,2007,155.9848484848485
Pemba,2007,169.0
Siavonga,2007,150.1304347826087
Sinazongwe,2007,145.8360655737705
Zimba,2007,136.6417910447761
Kalabo,2007,180.5593220338983
Kaoma,2007,178.54545454545453
Limulunga,2007,180.4318181818182
Luampa,2007,171.0793650793651
Lukulu,2007,182.2991452991453
Mitete,2007,185.14473684210526
Mongu,2007,176.12
Mulobezi,2007,157.07333333333332
Mwandi,2007,132.02597402597402
Nalolo,2007,174.84745762711864
Nkeyema,2007,172.9111111111111
Senanga,2007,169.24427480916032
Sesheke,2007,149.7841726618705
Shang'ombo,2007,159.30927835051546
Sikongo,2007,178.47826086956522
Sioma,2007,158.88
Chibombo,2008,154.35454545454544
Chisamba,2008,157.73015873015873
Chitambo,2008,153.83802816901408
Itezhi-tezhi,2008,151.7929292929293
Kabwe,2008,157.83333333333334
Kapiri Mposhi,2008,161.25688073394497
Luano,2008,165.82051282051282
Mkushi,2008,163.28
Mumbwa,2008,154.9704641350211
Ngabwe,2008,159.5
Serenje,2008,158.8740740740741
Chililabombwe,2008,166.75
Chingola,2008,168.33333333333334
Kalulushi,2008,168.0
Kitwe,2008,166.13333333333333
Luanshya,2008,165.88888888888889
Lufwanyama,2008,169.42635658914728
Masaiti,2008,163.61363636363637
Mpongwe,2008,164.08928571428572
Mufulira,2008,164.875
Ndola,2008,164.30769230769232
Chadiza,2008,165.5625
Chasefu,2008,134.30769230769232
Chipangali,2008,147.1290322580645
Chipata,2008,161.1
Kasenengwa,2008,151.4090909090909
Katete,2008,162.3
Lumezi,2008,137.41803278688525
Lundazi,2008,139.8235294117647
Mambwe,2008,144.18309859154928
Nyimba,2008,165.251968503937
Petauke,2008,160.9431818181818
Sinda,2008,163.3030303030303
Vubwi,2008,166.0909090909091
Chembe,2008,162.70833333333334
Chiengi,2008,213.06521739130434
Chifunabuli,2008,172.7027027027027
Chipili,2008,194.20754716981133
Kawambwa,2008,204.9468085106383
Lunga,2008,164.4418604651163
Mansa,2008,171.29347826086956
Milengi,2008,166.02666666666667
Mwansabombwe,2008,201.0
Mwense,2008,190.57692307692307
Nchelenge,2008,207.9387755102041
Samfya,2008,167.85
Chilanga,2008,152.76470588235293
Chirundu,2008,152.3181818181818
Chongwe,2008,157.57142857142858
Kafue,2008,155.68421052631578
Luangwa,2008,156.54166666666666
Lusaka,2008,154.75
Rufunsa,2008,162.44347826086957
Shibuyunji,2008,151.05
Chama,2008,139.83962264150944
Chinsali,2008,158.37179487179486
Isoka,2008,165.01612903225808
Kanchibiya,2008,152.04854368932038
Lavushimanda,2008,148.53757225433526
Mafinga,2008,167.95744680851064
Mpika,2008,141.4271844660194
Nakonde,2008,184.5686274509804
Shiwamg'andu,2008,151.54128440366972
Chavuma,2008,183.9814814814815
Ikelenge,2008,192.58333333333334
Kabompo,2008,168.58823529411765
Kalumbila,2008,180.13375796178343
Kasempa,2008,162.7811320754717
Manyinga,2008,179.96774193548387
Mufumbwe,2008,163.0627802690583
Mushindano,2008,171.82456140350877
Mwinilunga,2008,197.8868778280543
Solwezi,2008,172.87755102040816
Zambezi,2008,176.20118343195267
Chilubi,2008,164.70967741935485
Kaputa,2008,209.19354838709677
Kasama,2008,166.3515625
Lunte District,2008,196.34736842105264
Lupososhi,2008,182.19565217391303
Luwingu,2008,173.17543859649123
Mbala,2008,193.55263157894737
Mporokoso,2008,209.17021276595744
Mpulungu,2008,195.72357723577235
Mungwi,2008,170.18260869565216
Nsama,2008,204.3186813186813
Senga Hill,2008,188.1206896551724
Chikankanta,2008,155.38888888888889
Choma,2008,157.64406779661016
Gwembe,2008,156.91666666666666
Kalomo,2008,154.23
Kazungula,2008,148.71428571428572
Livingstone,2008,143.0
Mazabuka,2008,152.04347826086956
Monze,2008,154.95
Namwala,2008,151.9848484848485
Pemba,2008,159.76
Siavonga,2008,154.47826086956522
Sinazongwe,2008,152.95081967213116
Zimba,2008,148.97014925373134
Kalabo,2008,162.07627118644066
Kaoma,2008,162.3272727272727
Limulunga,2008,163.9090909090909
Luampa,2008,157.82539682539684
Lukulu,2008,164.76923076923077
Mitete,2008,168.46052631578948
Mongu,2008,161.17333333333335
Mulobezi,2008,154.17333333333335
Mwandi,2008,149.88311688311688
Nalolo,2008,159.135593220339
Nkeyema,2008,158.6
Senanga,2008,157.46564885496184
Sesheke,2008,153.93525179856115
Shang'ombo,2008,157.98969072164948
Sikongo,2008,160.3695652173913
Sioma,2008,156.41
Chibombo,2009,161.25454545454545
Chisamba,2009,161.57142857142858
Chitambo,2009,185.93661971830986
Itezhi-tezhi,2009,159.1010101010101
Kabwe,2009,163.33333333333334
Kapiri Mposhi,2009,167.59633027522935
Luano,2009,163.42735042735043
Mkushi,2009,171.62
Mumbwa,2009,164.28691983122363
Ngabwe,2009,165.975
Serenje,2009,186.26666666666668
Chililabombwe,2009,207.0
Chingola,2009,206.85714285714286
Kalulushi,2009,207.41666666666666
Kitwe,2009,207.53333333333333
Luanshya,2009,207.11111111111111
Lufwanyama,2009,207.43410852713177
Masaiti,2009,202.6818181818182
Mpongwe,2009,191.10714285714286
Mufulira,2009,207.25
Ndola,2009,206.07692307692307
Chadiza,2009,179.375
Chasefu,2009,177.92307692307693
Chipangali,2009,175.58064516129033
Chipata,2009,179.45
Kasenengwa,2009,174.0909090909091
Katete,2009,175.13333333333333
Lumezi,2009,173.29508196721312
Lundazi,2009,175.2941176470588
Mambwe,2009,170.83098591549296
Nyimba,2009,165.43307086614172
Petauke,2009,176.52272727272728
Sinda,2009,172.33333333333334
Vubwi,2009,179.8181818181818
Chembe,2009,201.25
Chiengi,2009,193.41304347826087
Chifunabuli,2009,194.75675675675674
Chipili,2009,197.0
Kawambwa,2009,193.87234042553192
Lunga,2009,194.7906976744186
Mansa,2009,199.52173913043478
Milengi,2009,205.44
Mwansabombwe,2009,194.0625
Mwense,2009,197.96153846153845
Nchelenge,2009,192.28571428571428
Samfya,2009,203.575
Chilanga,2009,160.8235294117647
Chirundu,2009,151.22727272727272
Chongwe,2009,160.92857142857142
Kafue,2009,156.89473684210526
Luangwa,2009,157.79166666666666
Lusaka,2009,162.5
Rufunsa,2009,162.54782608695652
Shibuyunji,2009,159.9
Chama,2009,169.27830188679246
Chinsali,2009,172.03846153846155
Isoka,2009,181.38709677419354
Kanchibiya,2009,174.80582524271844
Lavushimanda,2009,182.52023121387282
Mafinga,2009,181.51063829787233
Mpika,2009,172.83009708737865
Nakonde,2009,187.31372549019608
Shiwamg'andu,2009,173.58715596330276
Chavuma,2009,189.35185185185185
Ikelenge,2009,226.79166666666666
Kabompo,2009,193.98823529411766
Kalumbila,2009,203.4904458598726
Kasempa,2009,185.65283018867925
Manyinga,2009,197.6021505376344
Mufumbwe,2009,194.0134529147982
Mushindano,2009,202.43859649122808
Mwinilunga,2009,220.81900452488688
Solwezi,2009,203.42176870748298
Zambezi,2009,190.6508875739645
Chilubi,2009,187.08064516129033
Kaputa,2009,192.58064516129033
Kasama,2009,176.8671875
Lunte District,2009,190.76842105263157
Lupososhi,2009,195.52173913043478
Luwingu,2009,186.94736842105263
Mbala,2009,185.47368421052633
Mporokoso,2009,193.36170212765958
Mpulungu,2009,186.58536585365854
Mungwi,2009,176.49565217391304
Nsama,2009,189.95604395604394
Senga Hill,2009,185.05172413793105
Chikankanta,2009,157.13888888888889
Choma,2009,161.135593220339
Gwembe,2009,159.35416666666666
Kalomo,2009,159.92
Kazungula,2009,157.40178571428572
Livingstone,2009,156.44444444444446
Mazabuka,2009,157.17391304347825
Monze,2009,158.41666666666666
Namwala,2009,156.36363636363637
Pemba,2009,162.68
Siavonga,2009,154.47826086956522
Sinazongwe,2009,158.8360655737705
Zimba,2009,162.91044776119404
Kalabo,2009,185.44915254237287
Kaoma,2009,189.56363636363636
Limulunga,2009,188.9090909090909
Luampa,2009,183.81746031746033
Lukulu,2009,190.5042735042735
Mitete,2009,188.1315789473684
Mongu,2009,188.42666666666668
Mulobezi,2009,169.53333333333333
Mwandi,2009,154.88311688311688
Nalolo,2009,181.32203389830508
Nkeyema,2009,187.2
Senanga,2009,179.41221374045801
Sesheke,2009,157.0359712230216
Shang'ombo,2009,162.88659793814432
Sikongo,2009,176.5108695652174
Sioma,2009,162.17
Chibombo,2010,152.13636363636363
Chisamba,2010,151.06349206349208
Chitambo,2010,159.08450704225353
Itezhi-tezhi,2010,165.72222222222223
Kabwe,2010,151.44444444444446
Kapiri Mposhi,2010,152.40366972477065
Luano,2010,153.76068376068375
Mkushi,2010,154.33
Mumbwa,2010,160.0801687763713
Ngabwe,2010,158.6875
Serenje,2010,157.9111111111111
Chililabombwe,2010,173.75
Chingola,2010,173.9047619047619
Kalulushi,2010,173.25
Kitwe,2010,171.46666666666667
Luanshya,2010,168.44444444444446
Lufwanyama,2010,171.72868217054264
Masaiti,2010,157.70454545454547
Mpongwe,2010,165.22321428571428
Mufulira,2010,172.25
Ndola,2010,164.69230769230768
Chadiza,2010,161.6875
Chasefu,2010,160.42307692307693
Chipangali,2010,156.3548387096774
Chipata,2010,160.8
Kasenengwa,2010,159.1818181818182
Katete,2010,160.36666666666667
Lumezi,2010,158.99180327868854
Lundazi,2010,161.41176470588235
Mambwe,2010,158.5211267605634
Nyimba,2010,152.21259842519686
Petauke,2010,157.13636363636363
Sinda,2010,159.33333333333334
Vubwi,2010,161.54545454545453
Chembe,2010,175.16666666666666
Chiengi,2010,218.08695652173913
Chifunabuli,2010,183.78378378378378
Chipili,2010,183.50943396226415
Kawambwa,2010,200.59574468085106
Lunga,2010,176.04651162790697
Mansa,2010,179.3913043478261
Milengi,2010,179.14666666666668
Mwansabombwe,2010,205.25
Mwense,2010,181.69230769230768
Nchelenge,2010,217.24489795918367
Samfya,2010,180.45
Chilanga,2010,149.7058823529412
Chirundu,2010,149.72727272727272
Chongwe,2010,151.5
Kafue,2010,149.75438596491227
Luangwa,2010,145.52083333333334
Lusaka,2010,151.5
Rufunsa,2010,154.0
Shibuyunji,2010,148.2
Chama,2010,153.56603773584905
Chinsali,2010,151.98717948717947
Isoka,2010,170.4516129032258
Kanchibiya,2010,155.8640776699029
Lavushimanda,2010,159.82658959537574
Mafinga,2010,177.74468085106383
Mpika,2010,158.05825242718447
Nakonde,2010,173.72549019607843
Shiwamg'andu,2010,153.1834862385321
Chavuma,2010,203.5185185185185
Ikelenge,2010,215.75
Kabompo,2010,193.2235294117647
Kalumbila,2010,186.47770700636943
Kasempa,2010,167.26037735849056
Manyinga,2010,192.23655913978496
Mufumbwe,2010,173.0403587443946
Mushindano,2010,174.66666666666666
Mwinilunga,2010,203.15837104072398
Solwezi,2010,177.7482993197279
Zambezi,2010,199.97041420118344
Chilubi,2010,171.70967741935485
Kaputa,2010,210.38709677419354
Kasama,2010,160.078125
Lunte District,2010,182.62105263157895
Lupososhi,2010,182.8695652173913
Luwingu,2010,171.7017543859649
Mbala,2010,172.78947368421052
Mporokoso,2010,200.29787234042553
Mpulungu,2010,177.260162601626
Mungwi,2010,158.8
Nsama,2010,193.3186813186813
Senga Hill,2010,166.91379310344828
Chikankanta,2010,151.16666666666666
Choma,2010,168.40677966101694
Gwembe,2010,156.97916666666666
Kalomo,2010,173.19
Kazungula,2010,168.26785714285714
Livingstone,2010,167.44444444444446
Mazabuka,2010,147.7391304347826
Monze,2010,151.95
Namwala,2010,159.07575757575756
Pemba,2010,162.56
Siavonga,2010,152.82608695652175
Sinazongwe,2010,160.52459016393442
Zimba,2010,166.92537313432837
Kalabo,2010,181.77966101694915
Kaoma,2010,181.34545454545454
Limulunga,2010,183.27272727272728
Luampa,2010,176.73809523809524
Lukulu,2010,186.04273504273505
Mitete,2010,188.8815789473684
Mongu,2010,181.13333333333333
Mulobezi,2010,171.20666666666668
Mwandi,2010,160.11688311688312
Nalolo,2010,178.61016949152543
Nkeyema,2010,173.06666666666666
Senanga,2010,176.793893129771
Sesheke,2010,166.57553956834533
Shang'ombo,2010,176.36082474226805
Sikongo,2010,180.95652173913044
Sioma,2010,172.82
Chibombo,2011,120.97272727272727
Chisamba,2011,117.65079365079364
Chitambo,2011,136.25352112676057
Itezhi-tezhi,2011,109.9040404040404
Kabwe,2011,125.66666666666667
Kapiri Mposhi,2011,129.4862385321101
Luano,2011,120.35897435897436
Mkushi,2011,127.63
Mumbwa,2011,121.37552742616033
Ngabwe,2011,134.175
Serenje,2011,130.92592592592592
Chililabombwe,2011,152.6875
Chingola,2011,152.95238095238096
Kalulushi,2011,151.75
Kitwe,2011,150.46666666666667
Luanshya,2011,148.55555555555554
Lufwanyama,2011,150.2015503875969
Masaiti,2011,136.5909090909091
Mpongwe,2011,141.51785714285714
Mufulira,2011,151.0
Ndola,2011,141.69230769230768
Chadiza,2011,127.5
Chasefu,2011,143.19230769230768
Chipangali,2011,131.29032258064515
Chipata,2011,130.25
Kasenengwa,2011,127.45454545454545
Katete,2011,126.43333333333334
Lumezi,2011,137.7704918032787
Lundazi,2011,143.0
Mambwe,2011,127.85915492957747
Nyimba,2011,120.26771653543307
Petauke,2011,124.125
Sinda,2011,124.78787878787878
Vubwi,2011,127.45454545454545
Chembe,2011,151.125
Chiengi,2011,195.5
Chifunabuli,2011,152.45945945945945
Chipili,2011,158.18867924528303
Kawambwa,2011,160.7872340425532
Lunga,2011,146.7674418604651
Mansa,2011,152.7173913043478
Milengi,2011,149.62666666666667
Mwansabombwe,2011,158.75
Mwense,2011,155.84615384615384
Nchelenge,2011,163.55102040816325
Samfya,2011,148.05
Chilanga,2011,110.52941176470588
Chirundu,2011,103.5909090909091
Chongwe,2011,110.57142857142857
Kafue,2011,107.19298245614036
Luangwa,2011,107.66666666666667
Lusaka,2011,111.25
Rufunsa,2011,111.44347826086957
Shibuyunji,2011,115.25
Chama,2011,143.92924528301887
Chinsali,2011,146.52564102564102
Isoka,2011,158.6451612903226
Kanchibiya,2011,143.0097087378641
Lavushimanda,2011,138.88439306358381
Mafinga,2011,164.29787234042553
Mpika,2011,140.75728155339806
Nakonde,2011,164.11764705882354
Shiwamg'andu,2011,144.4678899082569
Chavuma,2011,204.88888888888889
Ikelenge,2011,215.58333333333334
Kabompo,2011,201.91764705882352
Kalumbila,2011,199.57324840764332
Kasempa,2011,140.34716981132075
Manyinga,2011,206.63440860215053
Mufumbwe,2011,147.8251121076233
Mushindano,2011,155.82456140350877
Mwinilunga,2011,213.7239819004525
Solwezi,2011,156.9387755102041
Zambezi,2011,197.74556213017752
Chilubi,2011,148.96774193548387
Kaputa,2011,166.16129032258064
Kasama,2011,149.984375
Lunte District,2011,162.9578947368421
Lupososhi,2011,156.84782608695653
Luwingu,2011,153.9298245614035
Mbala,2011,166.31578947368422
Mporokoso,2011,163.9787234042553
Mpulungu,2011,163.71544715447155
Mungwi,2011,150.2521739130435
Nsama,2011,162.71428571428572
Senga Hill,2011,160.0344827586207
Chikankanta,2011,108.30555555555556
Choma,2011,115.05084745762711
Gwembe,2011,108.83333333333333
Kalomo,2011,109.11
Kazungula,2011,90.87053571428571
Livingstone,2011,54.111111111111114
Mazabuka,2011,113.80434782608695
Monze,2011,114.56666666666666
Namwala,2011,114.06060606060606
Pemba,2011,117.56
Siavonga,2011,106.56521739130434
Sinazongwe,2011,99.31147540983606
Zimba,2011,93.77611940298507
Kalabo,2011,122.40677966101696
Kaoma,2011,132.6909090909091
Limulunga,2011,122.63636363636364
Luampa,2011,110.91269841269842
Lukulu,2011,146.95726495726495
Mitete,2011,156.1578947368421
Mongu,2011,108.57333333333334
Mulobezi,2011,104.04666666666667
Mwandi,2011,81.31168831168831
Nalolo,2011,106.83050847457628
Nkeyema,2011,124.26666666666667
Senanga,2011,105.08396946564885
Sesheke,2011,83.18705035971223
Shang'ombo,2011,105.6701030927835
Sikongo,2011,111.6195652173913
Sioma,2011,101.88
Chibombo,2012,174.8090909090909
Chisamba,2012,175.82539682539684
Chitambo,2012,178.2605633802817
Itezhi-tezhi,2012,162.96464646464648
Kabwe,2012,175.44444444444446
Kapiri Mposhi,2012,176.6697247706422
Luano,2012,172.33333333333334
Mkushi,2012,178.62
Mumbwa,2012,173.47679324894514
Ngabwe,2012,176.025
Serenje,2012,178.66666666666666
Chililabombwe,2012,178.8125
Chingola,2012,179.0952380952381
Kalulushi,2012,178.91666666666666
Kitwe,2012,178.86666666666667
Luanshya,2012,179.77777777777777
Lufwanyama,2012,178.84496124031008
Masaiti,2012,179.70454545454547
Mpongwe,2012,178.94642857142858
Mufulira,2012,179.125
Ndola,2012,179.6153846153846
Chadiza,2012,182.1875
Chasefu,2012,180.03846153846155
Chipangali,2012,175.38709677419354
Chipata,2012,180.85
Kasenengwa,2012,178.13636363636363
Katete,2012,179.76666666666668
Lumezi,2012,178.12295081967213
Lundazi,2012,183.35294117647058
Mambwe,2012,175.0
Nyimba,2012,173.5275590551181
Petauke,2012,177.63636363636363
Sinda,2012,179.24242424242425
Vubwi,2012,182.8181818181818
Chembe,2012,181.95833333333334
Chiengi,2012,224.34782608695653
Chifunabuli,2012,197.21621621621622
Chipili,2012,198.96226415094338
Kawambwa,2012,216.63829787234042
Lunga,2012,192.51162790697674
Mansa,2012,188.7173913043478
Milengi,2012,188.45333333333335
Mwansabombwe,2012,217.125
Mwense,2012,195.15384615384616
Nchelenge,2012,222.0408163265306
Samfya,2012,194.05
Chilanga,2012,175.41176470588235
Chirundu,2012,141.0909090909091
Chongwe,2012,170.5
Kafue,2012,156.31578947368422
Luangwa,2012,144.64583333333334
Lusaka,2012,178.0
Rufunsa,2012,150.55652173913043
Shibuyunji,2012,174.0
Chama,2012,179.0754716981132
Chinsali,2012,190.78205128205127
Isoka,2012,194.53225806451613
Kanchibiya,2012,179.38834951456312
Lavushimanda,2012,179.13294797687863
Mafinga,2012,199.4468085106383
Mpika,2012,177.28155339805826
Nakonde,2012,197.13725490196077
Shiwamg'andu,2012,189.52293577981652
Chavuma,2012,189.40740740740742
Ikelenge,2012,216.25
Kabompo,2012,169.12941176470588
Kalumbila,2012,196.94267515923568
Kasempa,2012,183.33962264150944
Manyinga,2012,182.30107526881721
Mufumbwe,2012,174.17040358744396
Mushindano,2012,188.68421052631578
Mwinilunga,2012,206.57013574660633
Solwezi,2012,196.21768707482994
Zambezi,2012,180.55029585798817
Chilubi,2012,192.38709677419354
Kaputa,2012,222.6290322580645
Kasama,2012,195.421875
Lunte District,2012,204.23157894736843
Lupososhi,2012,198.8913043478261
Luwingu,2012,196.5438596491228
Mbala,2012,194.1578947368421
Mporokoso,2012,222.10638297872342
Mpulungu,2012,195.22764227642276
Mungwi,2012,194.41739130434783
Nsama,2012,212.67032967032966
Senga Hill,2012,193.4655172413793
Chikankanta,2012,151.08333333333334
Choma,2012,152.4915254237288
Gwembe,2012,133.52083333333334
Kalomo,2012,160.73
Kazungula,2012,141.39285714285714
Livingstone,2012,127.55555555555556
Mazabuka,2012,164.56521739130434
Monze,2012,158.91666666666666
Namwala,2012,168.1818181818182
Pemba,2012,137.08
Siavonga,2012,139.82608695652175
Sinazongwe,2012,130.49180327868854
Zimba,2012,137.0597014925373
Kalabo,2012,156.77118644067798
Kaoma,2012,168.5
Limulunga,2012,162.5681818181818
Luampa,2012,168.0952380952381
Lukulu,2012,166.5042735042735
Mitete,2012,169.76315789473685
Mongu,2012,148.38666666666666
Mulobezi,2012,140.39333333333335
Mwandi,2012,121.6103896103896
Nalolo,2012,137.01694915254237
Nkeyema,2012,171.46666666666667
Senanga,2012,133.05343511450383
Sesheke,2012,117.18705035971223
Shang'ombo,2012,127.31958762886597
Sikongo,2012,152.57608695652175
Sioma,2012,119.3
Chibombo,2013,161.42727272727274
Chisamba,2013,151.79365079365078
Chitambo,2013,166.88732394366198
Itezhi-tezhi,2013,160.5252525252525
Kabwe,2013,162.66666666666666
Kapiri Mposhi,2013,169.41284403669724
Luano,2013,150.43589743589743
Mkushi,2013,174.26
Mumbwa,2013,165.0801687763713
Ngabwe,2013,178.5375
Serenje,2013,169.35555555555555
Chililabombwe,2013,193.0
Chingola,2013,193.1904761904762
Kalulushi,2013,193.16666666666666
Kitwe,2013,193.0
Luanshya,2013,192.55555555555554
Lufwanyama,2013,192.87596899224806
Masaiti,2013,186.04545454545453
Mpongwe,2013,190.25892857142858
Mufulira,2013,193.375
Ndola,2013,189.76923076923077
Chadiza,2013,151.5
Chasefu,2013,151.8846153846154
Chipangali,2013,150.03225806451613
Chipata,2013,151.25
Kasenengwa,2013,148.45454545454547
Katete,2013,149.3
Lumezi,2013,150.0983606557377
Lundazi,2013,153.11764705882354
Mambwe,2013,145.57746478873239
Nyimba,2013,141.44094488188978
Petauke,2013,144.4318181818182
Sinda,2013,146.9090909090909
Vubwi,2013,150.72727272727272
Chembe,2013,195.16666666666666
Chiengi,2013,189.7173913043478
Chifunabuli,2013,198.6216216216216
Chipili,2013,198.9433962264151
Kawambwa,2013,198.80851063829786
Lunga,2013,184.6046511627907
Mansa,2013,197.19565217391303
Milengi,2013,194.48
Mwansabombwe,2013,198.5
Mwense,2013,195.30769230769232
Nchelenge,2013,198.14285714285714
Samfya,2013,192.225
Chilanga,2013,157.11764705882354
Chirundu,2013,132.3181818181818
Chongwe,2013,139.96428571428572
Kafue,2013,138.2280701754386
Luangwa,2013,127.85416666666667
Lusaka,2013,159.75
Rufunsa,2013,133.77391304347827
Shibuyunji,2013,158.0
Chama,2013,155.29716981132074
Chinsali,2013,170.5
Isoka,2013,180.2258064516129
Kanchibiya,2013,166.33009708737865
Lavushimanda,2013,161.72254335260115
Mafinga,2013,179.31914893617022
Mpika,2013,152.41747572815535
Nakonde,2013,183.98039215686273
Shiwamg'andu,2013,168.21100917431193
Chavuma,2013,191.74074074074073
Ikelenge,2013,245.66666666666666
Kabompo,2013,188.45882352941177
Kalumbila,2013,195.38853503184714
Kasempa,2013,187.1433962264151
Manyinga,2013,192.30107526881721
Mufumbwe,2013,185.92376681614348
Mushindano,2013,194.42105263157896
Mwinilunga,2013,211.04072398190044
Solwezi,2013,194.56462585034015
Zambezi,2013,188.76923076923077
Chilubi,2013,187.6290322580645
Kaputa,2013,190.56451612903226
Kasama,2013,179.2109375
Lunte District,2013,195.83157894736843
Lupososhi,2013,199.93478260869566
Luwingu,2013,190.3859649122807
Mbala,2013,183.97368421052633
Mporokoso,2013,194.17021276595744
Mpulungu,2013,186.9512195121951
Mungwi,2013,172.47826086956522
Nsama,2013,188.17582417582418
Senga Hill,2013,175.68965517241378
Chikankanta,2013,137.25
Choma,2013,147.57627118644066
Gwembe,2013,144.875
Kalomo,2013,146.3
Kazungula,2013,132.08928571428572
Livingstone,2013,87.55555555555556
Mazabuka,2013,151.45652173913044
Monze,2013,142.08333333333334
Namwala,2013,149.71212121212122
Pemba,2013,148.0
Siavonga,2013,139.47826086956522
Sinazongwe,2013,137.0327868852459
Zimba,2013,126.73134328358209
Kalabo,2013,169.0
Kaoma,2013,172.4181818181818
Limulunga,2013,167.02272727272728
Luampa,2013,166.46031746031747
Lukulu,2013,175.8034188034188
Mitete,2013,178.8421052631579
Mongu,2013,165.73333333333332
Mulobezi,2013,163.42666666666668
Mwandi,2013,131.07792207792207
Nalolo,2013,165.89830508474577
Nkeyema,2013,169.88888888888889
Senanga,2013,163.01526717557252
Sesheke,2013,128.4820143884892
Shang'ombo,2013,157.4742268041237
Sikongo,2013,166.40217391304347
Sioma,2013,140.54
Chibombo,2014,150.25454545454545
Chisamba,2014,148.984126984127
Chitambo,2014,169.46478873239437
Itezhi-tezhi,2014,142.6969696969697
Kabwe,2014,154.83333333333334
Kapiri Mposhi,2014,162.30275229357798
Luano,2014,156.10256410256412
Mkushi,2014,167.88
Mumbwa,2014,149.24472573839662
Ngabwe,2014,164.0
Serenje,2014,169.16296296296295
Chililabombwe,2014,169.5625
Chingola,2014,170.23809523809524
Kalulushi,2014,171.41666666666666
Kitwe,2014,171.66666666666666
Luanshya,2014,172.66666666666666
Lufwanyama,2014,170.90697674418604
Masaiti,2014,172.47727272727272
Mpongwe,2014,170.36607142857142
Mufulira,2014,171.75
Ndola,2014,172.3846153846154
Chadiza,2014,167.3125
Chasefu,2014,169.6153846153846
Chipangali,2014,163.16129032258064
Chipata,2014,166.55
Kasenengwa,2014,162.36363636363637
Katete,2014,164.73333333333332
Lumezi,2014,164.80327868852459
Lundazi,2014,169.58823529411765
Mambwe,2014,160.88732394366198
Nyimba,2014,156.251968503937
Petauke,2014,160.1931818181818
Sinda,2014,162.72727272727272
Vubwi,2014,164.63636363636363
Chembe,2014,169.58333333333334
Chiengi,2014,158.6086956521739
Chifunabuli,2014,173.43243243243242
Chipili,2014,168.88679245283018
Kawambwa,2014,167.09574468085106
Lunga,2014,172.34883720930233
Mansa,2014,170.8695652173913
Milengi,2014,173.50666666666666
Mwansabombwe,2014,165.9375
Mwense,2014,166.5
Nchelenge,2014,164.16326530612244
Samfya,2014,175.7
Chilanga,2014,152.94117647058823
Chirundu,2014,158.5909090909091
Chongwe,2014,150.53571428571428
Kafue,2014,157.91228070175438
Luangwa,2014,141.97916666666666
Lusaka,2014,149.75
Rufunsa,2014,148.50434782608696
Shibuyunji,2014,146.1
Chama,2014,165.94811320754718
Chinsali,2014,167.34615384615384
Isoka,2014,179.6451612903226
Kanchibiya,2014,165.79611650485438
Lavushimanda,2014,167.0635838150289
Mafinga,2014,186.5531914893617
Mpika,2014,164.7864077669903
Nakonde,2014,184.01960784313727
Shiwamg'andu,2014,167.60550458715596
Chavuma,2014,180.12962962962962
Ikelenge,2014,166.70833333333334
Kabompo,2014,164.75294117647059
Kalumbila,2014,166.7324840764331
Kasempa,2014,167.15471698113208
Manyinga,2014,164.21505376344086
Mufumbwe,2014,167.1659192825112
Mushindano,2014,169.01754385964912
Mwinilunga,2014,165.79638009049773
Solwezi,2014,169.91156462585033
Zambezi,2014,172.68639053254438
Chilubi,2014,169.4516129032258
Kaputa,2014,162.88709677419354
Kasama,2014,167.6875
Lunte District,2014,169.73684210526315
Lupososhi,2014,171.04347826086956
Luwingu,2014,169.03508771929825
Mbala,2014,173.57894736842104
Mporokoso,2014,165.14893617021278
Mpulungu,2014,165.7560975609756
Mungwi,2014,168.5391304347826
Nsama,2014,163.26373626373626
Senga Hill,2014,172.20689655172413
Chikankanta,2014,162.77777777777777
Choma,2014,145.57627118644066
Gwembe,2014,161.22916666666666
Kalomo,2014,128.83
Kazungula,2014,126.0
Livingstone,2014,121.11111111111111
Mazabuka,2014,149.95652173913044
Monze,2014,150.88333333333333
Namwala,2014,140.1818181818182
Pemba,2014,164.92
Siavonga,2014,155.69565217391303
Sinazongwe,2014,94.22950819672131
Zimba,2014,92.34328358208955
Kalabo,2014,182.03389830508473
Kaoma,2014,174.98181818181817
Limulunga,2014,180.5909090909091
Luampa,2014,166.3968253968254
Lukulu,2014,179.72649572649573
Mitete,2014,180.77631578947367
Mongu,2014,174.13333333333333
Mulobezi,2014,163.52
Mwandi,2014,145.83116883116884
Nalolo,2014,176.11864406779662
Nkeyema,2014,170.06666666666666
Senanga,2014,165.57251908396947
Sesheke,2014,169.31654676258992
Shang'ombo,2014,175.79381443298968
Sikongo,2014,185.06521739130434
Sioma,2014,166.82
Chibombo,2015,145.56363636363636
Chisamba,2015,147.0
Chitambo,2015,161.93661971830986
Itezhi-tezhi,2015,142.54040404040404
Kabwe,2015,147.83333333333334
Kapiri Mposhi,2015,152.8256880733945
Luano,2015,153.03418803418805
Mkushi,2015,157.1
Mumbwa,2015,145.49367088607596
Ngabwe,2015,151.525
Serenje,2015,159.38518518518518
Chililabombwe,2015,170.125
Chingola,2015,170.0
Kalulushi,2015,169.25
Kitwe,2015,168.13333333333333
Luanshya,2015,165.22222222222223
Lufwanyama,2015,166.27131782945736
Masaiti,2015,162.61363636363637
Mpongwe,2015,158.34821428571428
Mufulira,2015,169.25
Ndola,2015,166.23076923076923
Chadiza,2015,166.25
Chasefu,2015,139.8846153846154
Chipangali,2015,158.29032258064515
Chipata,2015,164.85
Kasenengwa,2015,159.0909090909091
Katete,2015,162.06666666666666
Lumezi,2015,150.31967213114754
Lundazi,2015,141.05882352941177
Mambwe,2015,154.69014084507043
Nyimba,2015,153.4015748031496
Petauke,2015,154.9318181818182
Sinda,2015,159.0
Vubwi,2015,165.45454545454547
Chembe,2015,173.70833333333334
Chiengi,2015,180.1304347826087
Chifunabuli,2015,182.16216216216216
Chipili,2015,176.9433962264151
Kawambwa,2015,181.24468085106383
Lunga,2015,178.06976744186048
Mansa,2015,177.7391304347826
Milengi,2015,178.94666666666666
Mwansabombwe,2015,177.9375
Mwense,2015,173.30769230769232
Nchelenge,2015,179.57142857142858
Samfya,2015,181.325
Chilanga,2015,146.64705882352942
Chirundu,2015,145.77272727272728
Chongwe,2015,149.0
Kafue,2015,147.50877192982455
Luangwa,2015,145.54166666666666
Lusaka,2015,148.75
Rufunsa,2015,151.70434782608694
Shibuyunji,2015,144.95
Chama,2015,155.12264150943398
Chinsali,2015,167.2948717948718
Isoka,2015,181.9516129032258
Kanchibiya,2015,167.1747572815534
Lavushimanda,2015,162.6878612716763
Mafinga,2015,182.89361702127658
Mpika,2015,161.77184466019418
Nakonde,2015,186.86274509803923
Shiwamg'andu,2015,168.03669724770643
Chavuma,2015,171.33333333333334
Ikelenge,2015,199.125
Kabompo,2015,153.8470588235294
Kalumbila,2015,169.9936305732484
Kasempa,2015,154.3622641509434
Manyinga,2015,161.86021505376345
Mufumbwe,2015,152.78923766816143
Mushindano,2015,170.78947368421052
Mwinilunga,2015,182.57013574660633
Solwezi,2015,168.02721088435374
Zambezi,2015,159.7337278106509
Chilubi,2015,175.9516129032258
Kaputa,2015,180.90322580645162
Kasama,2015,174.8203125
Lunte District,2015,183.4
Lupososhi,2015,182.1086956521739
Luwingu,2015,177.40350877192984
Mbala,2015,185.42105263157896
Mporokoso,2015,184.19148936170214
Mpulungu,2015,181.5040650406504
Mungwi,2015,172.5391304347826
Nsama,2015,181.62637362637363
Senga Hill,2015,180.98275862068965
Chikankanta,2015,148.58333333333334
Choma,2015,146.88135593220338
Gwembe,2015,146.5
Kalomo,2015,144.09
Kazungula,2015,141.13392857142858
Livingstone,2015,140.33333333333334
Mazabuka,2015,145.58695652173913
Monze,2015,146.25
Namwala,2015,142.54545454545453
Pemba,2015,150.32
Siavonga,2015,147.56521739130434
Sinazongwe,2015,143.14754098360655
Zimba,2015,143.65671641791045
Kalabo,2015,143.02542372881356
Kaoma,2015,145.83636363636364
Limulunga,2015,142.95454545454547
Luampa,2015,143.9920634920635
Lukulu,2015,147.68376068376068
Mitete,2015,152.32894736842104
Mongu,2015,141.13333333333333
Mulobezi,2015,141.5
Mwandi,2015,139.98701298701297
Nalolo,2015,139.20338983050848
Nkeyema,2015,146.7111111111111
Senanga,2015,137.44274809160305
Sesheke,2015,135.49640287769785
Shang'ombo,2015,140.88659793814432
Sikongo,2015,144.41304347826087
Sioma,2015,135.14
Chibombo,2016,154.3
Chisamba,2016,152.73015873015873
Chitambo,2016,163.96478873239437
Itezhi-tezhi,2016,150.03535353535352
Kabwe,2016,156.55555555555554
Kapiri Mposhi,2016,160.03669724770643
Luano,2016,159.57264957264957
Mkushi,2016,162.78
Mumbwa,2016,156.64135021097047
Ngabwe,2016,162.4875
Serenje,2016,163.4814814814815
Chililabombwe,2016,171.0625
Chingola,2016,171.33333333333334
Kalulushi,2016,170.75
Kitwe,2016,169.8
Luanshya,2016,168.22222222222223
Lufwanyama,2016,170.63565891472868
Masaiti,2016,165.27272727272728
Mpongwe,2016,166.84821428571428
Mufulira,2016,170.25
Ndola,2016,167.15384615384616
Chadiza,2016,164.625
Chasefu,2016,166.03846153846155
Chipangali,2016,160.1290322580645
Chipata,2016,163.95
Kasenengwa,2016,161.0909090909091
Katete,2016,162.76666666666668
Lumezi,2016,161.13114754098362
Lundazi,2016,165.88235294117646
Mambwe,2016,159.98591549295776
Nyimba,2016,160.41732283464566
Petauke,2016,161.27272727272728
Sinda,2016,162.63636363636363
Vubwi,2016,164.9090909090909
Chembe,2016,172.54166666666666
Chiengi,2016,200.02173913043478
Chifunabuli,2016,183.24324324324326
Chipili,2016,185.71698113207546
Kawambwa,2016,192.5
Lunga,2016,176.11627906976744
Mansa,2016,177.2608695652174
Milengi,2016,175.86666666666667
Mwansabombwe,2016,190.625
Mwense,2016,181.19230769230768
Nchelenge,2016,195.0612244897959
Samfya,2016,179.275
Chilanga,2016,149.41176470588235
Chirundu,2016,146.5
Chongwe,2016,148.21428571428572
Kafue,2016,148.4561403508772
Luangwa,2016,149.8125
Lusaka,2016,148.0
Rufunsa,2016,154.1304347826087
Shibuyunji,2016,152.6
Chama,2016,167.02830188679246
Chinsali,2016,173.51282051282053
Isoka,2016,188.69354838709677
Kanchibiya,2016,165.24271844660194
Lavushimanda,2016,163.14450867052022
Mafinga,2016,193.85106382978722
Mpika,2016,161.59223300970874
Nakonde,2016,195.66666666666666
Shiwamg'andu,2016,169.37614678899084
Chavuma,2016,169.4814814814815
Ikelenge,2016,199.20833333333334
Kabompo,2016,167.1529411764706
Kalumbila,2016,174.8535031847134
Kasempa,2016,166.69056603773586
Manyinga,2016,172.49462365591398
Mufumbwe,2016,166.97309417040358
Mushindano,2016,172.7719298245614
Mwinilunga,2016,180.3846153846154
Solwezi,2016,173.0748299319728
Zambezi,2016,166.76331360946745
Chilubi,2016,175.66129032258064
Kaputa,2016,197.79032258064515
Kasama,2016,176.484375
Lunte District,2016,189.31578947368422
Lupososhi,2016,185.56521739130434
Luwingu,2016,180.42105263157896
Mbala,2016,192.60526315789474
Mporokoso,2016,195.36170212765958
Mpulungu,2016,190.3739837398374
Mungwi,2016,178.96521739130435
Nsama,2016,194.13186813186815
Senga Hill,2016,188.29310344827587
Chikankanta,2016,148.25
Choma,2016,149.98305084745763
Gwembe,2016,142.1875
Kalomo,2016,148.67
Kazungula,2016,129.83482142857142
Livingstone,2016,110.66666666666667
Mazabuka,2016,150.1304347826087
Monze,2016,147.43333333333334
Namwala,2016,147.95454545454547
Pemba,2016,150.72
Siavonga,2016,144.56521739130434
Sinazongwe,2016,109.95081967213115
Zimba,2016,130.67164179104478
Kalabo,2016,162.03389830508473
Kaoma,2016,164.96363636363637
Limulunga,2016,163.29545454545453
Luampa,2016,159.84920634920636
Lukulu,2016,165.6153846153846
Mitete,2016,165.69736842105263
Mongu,2016,160.61333333333334
Mulobezi,2016,149.6
Mwandi,2016,115.42857142857143
Nalolo,2016,157.15254237288136
Nkeyema,2016,162.7111111111111
Senanga,2016,155.5648854961832
Sesheke,2016,138.20143884892087
Shang'ombo,2016,155.71134020618555
Sikongo,2016,160.8695652173913
Sioma,2016,151.87
Chibombo,2017,151.22727272727272
Chisamba,2017,151.76190476190476
Chitambo,2017,163.1338028169014
Itezhi-tezhi,2017,146.7828282828283
Kabwe,2017,153.61111111111111
Kapiri Mposhi,2017,158.39449541284404
Luano,2017,157.75213675213675
Mkushi,2017,161.82
Mumbwa,2017,151.79324894514767
Ngabwe,2017,158.575
Serenje,2017,162.73333333333332
Chililabombwe,2017,165.75
Chingola,2017,165.71428571428572
Kalulushi,2017,165.08333333333334
Kitwe,2017,165.0
Luanshya,2017,165.0
Lufwanyama,2017,165.19379844961242
Masaiti,2017,164.0909090909091
Mpongwe,2017,163.45535714285714
Mufulira,2017,165.125
Ndola,2017,164.92307692307693
Chadiza,2017,163.125
Chasefu,2017,156.26923076923077
Chipangali,2017,158.25806451612902
Chipata,2017,161.35
Kasenengwa,2017,161.5
Katete,2017,163.1
Lumezi,2017,158.27868852459017
Lundazi,2017,159.11764705882354
Mambwe,2017,160.08450704225353
Nyimba,2017,159.38582677165354
Petauke,2017,161.42045454545453
Sinda,2017,162.27272727272728
Vubwi,2017,161.54545454545453
Chembe,2017,166.375
Chiengi,2017,142.3695652173913
Chifunabuli,2017,174.02702702702703
Chipili,2017,169.49056603773585
Kawambwa,2017,166.5744680851064
Lunga,2017,173.25581395348837
Mansa,2017,169.5326086956522
Milengi,2017,171.50666666666666
Mwansabombwe,2017,164.5625
Mwense,2017,166.8846153846154
Nchelenge,2017,156.0408163265306
Samfya,2017,175.475
Chilanga,2017,148.76470588235293
Chirundu,2017,145.86363636363637
Chongwe,2017,150.42857142857142
Kafue,2017,148.80701754385964
Luangwa,2017,149.22916666666666
Lusaka,2017,150.5
Rufunsa,2017,153.19130434782608
Shibuyunji,2017,145.9
Chama,2017,158.47641509433961
Chinsali,2017,163.2948717948718
Isoka,2017,171.20967741935485
Kanchibiya,2017,163.80582524271844
Lavushimanda,2017,162.78034682080926
Mafinga,2017,181.0212765957447
Mpika,2017,161.26699029126215
Nakonde,2017,174.6078431372549
Shiwamg'andu,2017,163.5137614678899
Chavuma,2017,171.85185185185185
Ikelenge,2017,189.54166666666666
Kabompo,2017,162.11764705882354
Kalumbila,2017,171.02547770700636
Kasempa,2017,161.47169811320754
Manyinga,2017,168.7741935483871
Mufumbwe,2017,161.0896860986547
Mushindano,2017,167.859649122807
Mwinilunga,2017,180.5339366515837
Solwezi,2017,168.04761904761904
Zambezi,2017,163.30769230769232
Chilubi,2017,169.9516129032258
Kaputa,2017,154.51612903225808
Kasama,2017,166.9140625
Lunte District,2017,169.43157894736842
Lupososhi,2017,172.02173913043478
Luwingu,2017,169.8421052631579
Mbala,2017,166.55263157894737
Mporokoso,2017,164.89361702127658
Mpulungu,2017,162.89430894308944
Mungwi,2017,165.16521739130434
Nsama,2017,158.72527472527472
Senga Hill,2017,166.1551724137931
Chikankanta,2017,148.58333333333334
Choma,2017,147.67796610169492
Gwembe,2017,145.66666666666666
Kalomo,2017,146.19
Kazungula,2017,141.86160714285714
Livingstone,2017,141.0
Mazabuka,2017,145.2608695652174
Monze,2017,145.08333333333334
Namwala,2017,144.34848484848484
Pemba,2017,149.24
Siavonga,2017,146.69565217391303
Sinazongwe,2017,144.75409836065575
Zimba,2017,144.23880597014926
Kalabo,2017,153.3135593220339
Kaoma,2017,155.3909090909091
Limulunga,2017,153.6590909090909
Luampa,2017,151.84920634920636
Lukulu,2017,157.05982905982907
Mitete,2017,156.8815789473684
Mongu,2017,151.74666666666667
Mulobezi,2017,146.72666666666666
Mwandi,2017,141.87012987012986
Nalolo,2017,150.9322033898305
Nkeyema,2017,154.0888888888889
Senanga,2017,148.50381679389312
Sesheke,2017,143.59712230215828
Shang'ombo,2017,152.2577319587629
Sikongo,2017,154.1304347826087
Sioma,2017,147.97
Chibombo,2018,170.87272727272727
Chisamba,2018,168.17460317460316
Chitambo,2018,168.22535211267606
Itezhi-tezhi,2018,172.2070707070707
Kabwe,2018,167.16666666666666
Kapiri Mposhi,2018,168.08256880733944
Luano,2018,168.75213675213675
Mkushi,2018,169.28
Mumbwa,2018,177.63291139240508
Ngabwe,2018,177.7125
Serenje,2018,169.84444444444443
Chililabombwe,2018,182.25
Chingola,2018,184.42857142857142
Kalulushi,2018,184.0
Kitwe,2018,179.73333333333332
Luanshya,2018,175.44444444444446
Lufwanyama,2018,183.015503875969
Masaiti,2018,171.0
Mpongwe,2018,178.90178571428572
Mufulira,2018,180.625
Ndola,2018,174.0
Chadiza,2018,170.3125
Chasefu,2018,162.34615384615384
Chipangali,2018,165.93548387096774
Chipata,2018,169.4
Kasenengwa,2018,167.86363636363637
Katete,2018,169.8
Lumezi,2018,165.04098360655738
Lundazi,2018,166.1764705882353
Mambwe,2018,165.90140845070422
Nyimba,2018,167.96850393700788
Petauke,2018,169.0568181818182
Sinda,2018,169.84848484848484
Vubwi,2018,169.72727272727272
Chembe,2018,180.0
Chiengi,2018,204.93478260869566
Chifunabuli,2018,179.2972972972973
Chipili,2018,199.30188679245282
Kawambwa,2018,200.54255319148936
Lunga,2018,174.25581395348837
Mansa,2018,182.93478260869566
Milengi,2018,176.92
Mwansabombwe,2018,199.1875
Mwense,2018,197.92307692307693
Nchelenge,2018,200.73469387755102
Samfya,2018,176.2
Chilanga,2018,168.8235294117647
Chirundu,2018,154.8181818181818
Chongwe,2018,171.07142857142858
Kafue,2018,163.26315789473685
Luangwa,2018,162.0
Lusaka,2018,173.0
Rufunsa,2018,176.0782608695652
Shibuyunji,2018,165.1
Chama,2018,161.1509433962264
Chinsali,2018,161.8846153846154
Isoka,2018,174.24193548387098
Kanchibiya,2018,162.38834951456312
Lavushimanda,2018,165.79768786127167
Mafinga,2018,182.10638297872342
Mpika,2018,163.2135922330097
Nakonde,2018,177.62745098039215
Shiwamg'andu,2018,161.88073394495413
Chavuma,2018,181.8148148148148
Ikelenge,2018,194.25
Kabompo,2018,179.56470588235294
Kalumbila,2018,187.9171974522293
Kasempa,2018,181.3924528301887
Manyinga,2018,184.18279569892474
Mufumbwe,2018,180.47085201793723
Mushindano,2018,183.71929824561403
Mwinilunga,2018,193.31674208144796
Solwezi,2018,184.6326530612245
Zambezi,2018,178.23668639053255
Chilubi,2018,172.3709677419355
Kaputa,2018,203.3709677419355
Kasama,2018,169.8984375
Lunte District,2018,198.05263157894737
Lupososhi,2018,190.43478260869566
Luwingu,2018,182.57894736842104
Mbala,2018,184.6315789473684
Mporokoso,2018,201.0212765957447
Mpulungu,2018,198.40650406504065
Mungwi,2018,164.05217391304348
Nsama,2018,200.62637362637363
Senga Hill,2018,169.3448275862069
Chikankanta,2018,163.80555555555554
Choma,2018,171.77966101694915
Gwembe,2018,158.77083333333334
Kalomo,2018,168.2
Kazungula,2018,163.24553571428572
Livingstone,2018,158.11111111111111
Mazabuka,2018,160.19565217391303
Monze,2018,165.83333333333334
Namwala,2018,167.62121212121212
Pemba,2018,172.4
Siavonga,2018,157.7391304347826
Sinazongwe,2018,157.0983606557377
Zimba,2018,161.92537313432837
Kalabo,2018,133.02542372881356
Kaoma,2018,179.47272727272727
Limulunga,2018,179.70454545454547
Luampa,2018,176.9126984126984
Lukulu,2018,179.66666666666666
Mitete,2018,177.73684210526315
Mongu,2018,176.29333333333332
Mulobezi,2018,171.23333333333332
Mwandi,2018,166.5194805194805
Nalolo,2018,166.83050847457628
Nkeyema,2018,178.55555555555554
Senanga,2018,171.04580152671755
Sesheke,2018,169.01438848920864
Shang'ombo,2018,146.55670103092783
Sikongo,2018,110.82608695652173
Sioma,2018,163.7
Chibombo,2019,133.02727272727273
Chisamba,2019,127.07936507936508
Chitambo,2019,155.07746478873239
Itezhi-tezhi,2019,113.92929292929293
Kabwe,2019,142.38888888888889
Kapiri Mposhi,2019,145.13761467889907
Luano,2019,140.03418803418805
Mkushi,2019,149.71
Mumbwa,2019,130.35864978902953
Ngabwe,2019,145.2
Serenje,2019,152.74814814814815
Chililabombwe,2019,159.6875
Chingola,2019,159.0952380952381
Kalulushi,2019,158.08333333333334
Kitwe,2019,157.66666666666666
Luanshya,2019,154.88888888888889
Lufwanyama,2019,156.53488372093022
Masaiti,2019,151.52272727272728
Mpongwe,2019,149.73214285714286
Mufulira,2019,158.625
Ndola,2019,155.3846153846154
Chadiza,2019,156.0
Chasefu,2019,163.5
Chipangali,2019,153.41935483870967
Chipata,2019,157.05
Kasenengwa,2019,152.1818181818182
Katete,2019,152.6
Lumezi,2019,156.39344262295083
Lundazi,2019,161.94117647058823
Mambwe,2019,151.67605633802816
Nyimba,2019,140.8503937007874
Petauke,2019,146.89772727272728
Sinda,2019,150.87878787878788
Vubwi,2019,157.72727272727272
Chembe,2019,161.875
Chiengi,2019,181.67391304347825
Chifunabuli,2019,164.97297297297297
Chipili,2019,162.37735849056602
Kawambwa,2019,169.2340425531915
Lunga,2019,164.06976744186048
Mansa,2019,162.1304347826087
Milengi,2019,163.25333333333333
Mwansabombwe,2019,165.9375
Mwense,2019,161.30769230769232
Nchelenge,2019,172.30612244897958
Samfya,2019,164.575
Chilanga,2019,109.58823529411765
Chirundu,2019,104.5909090909091
Chongwe,2019,111.53571428571429
Kafue,2019,108.36842105263158
Luangwa,2019,112.27083333333333
Lusaka,2019,112.0
Rufunsa,2019,118.58260869565217
Shibuyunji,2019,109.1
Chama,2019,165.25471698113208
Chinsali,2019,168.02564102564102
Isoka,2019,179.53225806451613
Kanchibiya,2019,160.93203883495147
Lavushimanda,2019,156.0635838150289
Mafinga,2019,185.74468085106383
Mpika,2019,158.40291262135923
Nakonde,2019,181.66666666666666
Shiwamg'andu,2019,165.60550458715596
Chavuma,2019,184.7037037037037
Ikelenge,2019,175.33333333333334
Kabompo,2019,166.57647058823528
Kalumbila,2019,160.96815286624204
Kasempa,2019,147.88679245283018
Manyinga,2019,160.67741935483872
Mufumbwe,2019,146.86547085201795
Mushindano,2019,161.1578947368421
Mwinilunga,2019,171.05882352941177
Solwezi,2019,158.8231292517007
Zambezi,2019,182.04142011834318
Chilubi,2019,164.2741935483871
Kaputa,2019,178.1451612903226
Kasama,2019,166.796875
Lunte District,2019,171.98947368421054
Lupososhi,2019,165.43478260869566
Luwingu,2019,166.6140350877193
Mbala,2019,177.47368421052633
Mporokoso,2019,173.59574468085106
Mpulungu,2019,173.29268292682926
Mungwi,2019,169.50434782608696
Nsama,2019,174.84615384615384
Senga Hill,2019,174.70689655172413
Chikankanta,2019,107.05555555555556
Choma,2019,102.64406779661017
Gwembe,2019,101.70833333333333
Kalomo,2019,100.09
Kazungula,2019,95.83928571428571
Livingstone,2019,90.66666666666667
Mazabuka,2019,104.8695652173913
Monze,2019,103.86666666666666
Namwala,2019,105.98484848484848
Pemba,2019,104.36
Siavonga,2019,103.8695652173913
Sinazongwe,2019,94.8688524590164
Zimba,2019,94.26865671641791
Kalabo,2019,174.0084745762712
Kaoma,2019,161.35454545454544
Limulunga,2019,175.0
Luampa,2019,149.1984126984127
Lukulu,2019,172.5897435897436
Mitete,2019,178.77631578947367
Mongu,2019,173.28
Mulobezi,2019,133.35333333333332
Mwandi,2019,93.32467532467533
Nalolo,2019,172.42372881355934
Nkeyema,2019,141.0222222222222
Senanga,2019,163.93893129770993
Sesheke,2019,92.46762589928058
Shang'ombo,2019,164.88659793814432
Sikongo,2019,172.77173913043478
Sioma,2019,131.86
Chibombo,2020,149.76363636363635
Chisamba,2020,153.44444444444446
Chitambo,2020,164.0
Itezhi-tezhi,2020,113.1010101010101
Kabwe,2020,157.66666666666666
Kapiri Mposhi,2020,167.27522935779817
Luano,2020,161.64102564102564
Mkushi,2020,168.12
Mumbwa,2020,146.0590717299578
Ngabwe,2020,162.5125
Serenje,2020,165.83703703703705
Chililabombwe,2020,171.125
Chingola,2020,171.66666666666666
Kalulushi,2020,171.0
Kitwe,2020,169.13333333333333
Luanshya,2020,167.44444444444446
Lufwanyama,2020,170.11627906976744
Masaiti,2020,166.5909090909091
Mpongwe,2020,166.76785714285714
Mufulira,2020,170.125
Ndola,2020,166.6153846153846
Chadiza,2020,171.8125
Chasefu,2020,161.57692307692307
Chipangali,2020,159.25806451612902
Chipata,2020,167.6
Kasenengwa,2020,163.77272727272728
Katete,2020,169.6
Lumezi,2020,158.7622950819672
Lundazi,2020,161.7058823529412
Mambwe,2020,158.49295774647888
Nyimba,2020,159.37007874015748
Petauke,2020,166.5
Sinda,2020,169.54545454545453
Vubwi,2020,171.0909090909091
Chembe,2020,173.20833333333334
Chiengi,2020,195.19565217391303
Chifunabuli,2020,182.8918918918919
Chipili,2020,196.50943396226415
Kawambwa,2020,195.58510638297872
Lunga,2020,175.25581395348837
Mansa,2020,183.67391304347825
Milengi,2020,176.94666666666666
Mwansabombwe,2020,192.125
Mwense,2020,190.34615384615384
Nchelenge,2020,192.6530612244898
Samfya,2020,179.0
Chilanga,2020,151.64705882352942
Chirundu,2020,91.54545454545455
Chongwe,2020,158.60714285714286
Kafue,2020,141.94736842105263
Luangwa,2020,114.375
Lusaka,2020,172.0
Rufunsa,2020,164.5391304347826
Shibuyunji,2020,147.15
Chama,2020,159.8679245283019
Chinsali,2020,162.76923076923077
Isoka,2020,176.2741935483871
Kanchibiya,2020,164.09708737864077
Lavushimanda,2020,162.3121387283237
Mafinga,2020,182.93617021276594
Mpika,2020,159.90776699029126
Nakonde,2020,179.9607843137255
Shiwamg'andu,2020,163.86238532110093
Chavuma,2020,201.2962962962963
Ikelenge,2020,217.54166666666666
Kabompo,2020,200.95294117647057
Kalumbila,2020,205.10191082802547
Kasempa,2020,163.7056603773585
Manyinga,2020,205.5268817204301
Mufumbwe,2020,168.44394618834082
Mushindano,2020,185.0
Mwinilunga,2020,216.2714932126697
Solwezi,2020,179.79591836734693
Zambezi,2020,200.10650887573965
Chilubi,2020,172.4516129032258
Kaputa,2020,194.74193548387098
Kasama,2020,169.4765625
Lunte District,2020,179.7157894736842
Lupososhi,2020,196.6304347826087
Luwingu,2020,178.12280701754386
Mbala,2020,175.5
Mporokoso,2020,189.08510638297872
Mpulungu,2020,172.89430894308944
Mungwi,2020,166.66086956521738
Nsama,2020,180.8901098901099
Senga Hill,2020,172.01724137931035
Chikankanta,2020,111.41666666666667
Choma,2020,90.08474576271186
Gwembe,2020,92.08333333333333
Kalomo,2020,83.91
Kazungula,2020,82.38392857142857
Livingstone,2020,81.0
Mazabuka,2020,131.30434782608697
Monze,2020,98.43333333333334
Namwala,2020,105.06060606060606
Pemba,2020,92.32
Siavonga,2020,92.0
Sinazongwe,2020,88.37704918032787
Zimba,2020,82.34328358208955
Kalabo,2020,153.16101694915255
Kaoma,2020,164.07272727272726
Limulunga,2020,157.86363636363637
Luampa,2020,145.83333333333334
Lukulu,2020,179.73504273504273
Mitete,2020,189.57894736842104
Mongu,2020,146.62666666666667
Mulobezi,2020,131.64
Mwandi,2020,96.1038961038961
Nalolo,2020,142.94915254237287
Nkeyema,2020,152.04444444444445
Senanga,2020,142.25954198473283
Sesheke,2020,124.30935251798562
Shang'ombo,2020,141.79381443298968
Sikongo,2020,148.1086956521739
Sioma,2020,139.14
Chibombo,2021,142.20909090909092
Chisamba,2021,140.36507936507937
Chitambo,2021,153.72535211267606
Itezhi-tezhi,2021,141.36868686868686
Kabwe,2021,144.22222222222223
Kapiri Mposhi,2021,150.08256880733944
Luano,2021,143.54700854700855
Mkushi,2021,152.31
Mumbwa,2021,143.9704641350211
Ngabwe,2021,153.15
Serenje,2021,151.61481481481482
Chililabombwe,2021,165.0
Chingola,2021,165.47619047619048
Kalulushi,2021,165.58333333333334
Kitwe,2021,164.4
Luanshya,2021,162.77777777777777
Lufwanyama,2021,164.94573643410854
Masaiti,2021,159.3409090909091
Mpongwe,2021,159.98214285714286
Mufulira,2021,165.0
Ndola,2021,162.53846153846155
Chadiza,2021,140.8125
Chasefu,2021,125.61538461538461
Chipangali,2021,115.74193548387096
Chipata,2021,121.55
Kasenengwa,2021,141.8181818181818
Katete,2021,144.06666666666666
Lumezi,2021,123.68032786885246
Lundazi,2021,125.41176470588235
Mambwe,2021,130.25352112676057
Nyimba,2021,140.84251968503938
Petauke,2021,141.76136363636363
Sinda,2021,142.78787878787878
Vubwi,2021,130.0
Chembe,2021,163.58333333333334
Chiengi,2021,188.1086956521739
Chifunabuli,2021,167.54054054054055
Chipili,2021,166.9056603773585
Kawambwa,2021,169.19148936170214
Lunga,2021,165.5581395348837
Mansa,2021,165.42391304347825
Milengi,2021,165.37333333333333
Mwansabombwe,2021,166.5
Mwense,2021,164.46153846153845
Nchelenge,2021,170.3469387755102
Samfya,2021,166.8
Chilanga,2021,141.52941176470588
Chirundu,2021,136.0909090909091
Chongwe,2021,140.42857142857142
Kafue,2021,139.98245614035088
Luangwa,2021,134.4375
Lusaka,2021,142.25
Rufunsa,2021,138.72173913043477
Shibuyunji,2021,140.1
Chama,2021,140.47169811320754
Chinsali,2021,166.2051282051282
Isoka,2021,175.9516129032258
Kanchibiya,2021,160.6990291262136
Lavushimanda,2021,154.6878612716763
Mafinga,2021,163.85106382978722
Mpika,2021,155.75242718446603
Nakonde,2021,183.05882352941177
Shiwamg'andu,2021,163.19266055045873
Chavuma,2021,178.46296296296296
Ikelenge,2021,184.41666666666666
Kabompo,2021,176.65882352941176
Kalumbila,2021,172.96815286624204
Kasempa,2021,161.2377358490566
Manyinga,2021,177.5268817204301
Mufumbwe,2021,162.88340807174887
Mushindano,2021,166.03508771929825
Mwinilunga,2021,182.1266968325792
Solwezi,2021,166.73469387755102
Zambezi,2021,176.63905325443787
Chilubi,2021,165.40322580645162
Kaputa,2021,182.06451612903226
Kasama,2021,167.6015625
Lunte District,2021,172.18947368421053
Lupososhi,2021,167.8913043478261
Luwingu,2021,167.08771929824562
Mbala,2021,178.6578947368421
Mporokoso,2021,172.91489361702128
Mpulungu,2021,174.6747967479675
Mungwi,2021,170.2086956521739
Nsama,2021,176.12087912087912
Senga Hill,2021,176.06896551724137
Chikankanta,2021,143.47222222222223
Choma,2021,152.6271186440678
Gwembe,2021,146.875
Kalomo,2021,149.07
Kazungula,2021,145.58928571428572
Livingstone,2021,148.55555555555554
Mazabuka,2021,142.06521739130434
Monze,2021,146.25
Namwala,2021,141.0151515151515
Pemba,2021,155.96
Siavonga,2021,140.82608695652175
Sinazongwe,2021,150.0327868852459
Zimba,2021,150.44776119402985
Kalabo,2021,160.61016949152543
Kaoma,2021,159.35454545454544
Limulunga,2021,161.45454545454547
Luampa,2021,151.75396825396825
Lukulu,2021,161.57264957264957
Mitete,2021,164.85526315789474
Mongu,2021,159.05333333333334
Mulobezi,2021,146.12
Mwandi,2021,143.01298701298703
Nalolo,2021,158.61016949152543
Nkeyema,2021,152.9777777777778
Senanga,2021,151.2824427480916
Sesheke,2021,141.8273381294964
Shang'ombo,2021,155.17525773195877
Sikongo,2021,161.18478260869566
Sioma,2021,145.94
