district,year,mean_start_day
Chibombo,2000,307.6545454545454
Chisamba,2000,309.9047619047619
Chitambo,2000,308.78169014084506
Itezhi-tezhi,2000,316.0353535353535
Kabwe,2000,309.94444444444446
Kapiri Mposhi,2000,309.4954128440367
Luano,2000,309.9145299145299
Mkushi,2000,309.16
Mumbwa,2000,306.7848101265823
Ngabwe,2000,307.1875
Serenje,2000,308.97777777777776
Chililabombwe,2000,307.0
Chingola,2000,307.0
Kalulushi,2000,307.0
Kitwe,2000,307.0
Luanshya,2000,307.77777777777777
Lufwanyama,2000,307.6356589147287
Masaiti,2000,308.29545454545456
Mpongwe,2000,307.70535714285717
Mufulira,2000,307.0
Ndola,2000,307.46153846153845
Chadiza,2000,308.5
Chasefu,2000,308.1923076923077
Chipangali,2000,309.741935483871
Chipata,2000,308.6
Kasenengwa,2000,309.95454545454544
Katete,2000,309.5
Lumezi,2000,309.71311475409834
Lundazi,2000,308.7647058823529
Mambwe,2000,311.53521126760563
Nyimba,2000,309.12598425196853
Petauke,2000,309.3068181818182
Sinda,2000,309.1212121212121
Vubwi,2000,307.90909090909093
Chembe,2000,308.125
Chiengi,2000,307.80434782608694
Chifunabuli,2000,308.7837837837838
Chipili,2000,308.4339622641509
Kawambwa,2000,306.8936170212766
Lunga,2000,307.8837209302326
Mansa,2000,308.9021739130435
Milengi,2000,308.81333333333333
Mwansabombwe,2000,306.3125
Mwense,2000,308.0769230769231
Nchelenge,2000,306.2857142857143
Samfya,2000,309.0
Chilanga,2000,308.8235294117647
Chirundu,2000,319.5
Chongwe,2000,310.0
Kafue,2000,310.94736842105266
Luangwa,2000,334.0
Lusaka,2000,309.0
Rufunsa,2000,317.1913043478261
Shibuyunji,2000,308.25
Chama,2000,308.14622641509436
Chinsali,2000,307.79487179487177
Isoka,2000,308.741935483871
Kanchibiya,2000,307.3592233009709
Lavushimanda,2000,309.0982658959538
Mafinga,2000,308.82978723404256
Mpika,2000,308.9660194174757
Nakonde,2000,307.6470588235294
Shiwamg'andu,2000,307.0550458715596
Chavuma,2000,298.0740740740741
Ikelenge,2000,306.5416666666667
Kabompo,2000,305.78823529411767
Kalumbila,2000,309.1656050955414
Kasempa,2000,307.5509433962264
Manyinga,2000,308.01075268817203
Mufumbwe,2000,308.53811659192826
Mushindano,2000,307.43859649122805
Mwinilunga,2000,307.6244343891403
Solwezi,2000,308.687074829932
Zambezi,2000,301.2189349112426
Chilubi,2000,307.16129032258067
Kaputa,2000,306.9032258064516
Kasama,2000,306.9765625
Lunte District,2000,306.2421052631579
Lupososhi,2000,308.1304347826087
Luwingu,2000,306.7543859649123
Mbala,2000,308.39473684210526
Mporokoso,2000,306.531914893617
Mpulungu,2000,307.1707317073171
Mungwi,2000,307.89565217391305
Nsama,2000,306.6373626373626
Senga Hill,2000,307.9655172413793
Chikankanta,2000,315.1388888888889
Choma,2000,316.49152542372883
Gwembe,2000,322.6458333333333
Kalomo,2000,317.43
Kazungula,2000,331.17857142857144
Livingstone,2000,333.8888888888889
Mazabuka,2000,312.39130434782606
Monze,2000,314.35
Namwala,2000,311.25757575757575
Pemba,2000,320.36
Siavonga,2000,321.0869565217391
Sinazongwe,2000,316.327868852459
Zimba,2000,309.5074626865672
Kalabo,2000,326.5169491525424
Kaoma,2000,310.95454545454544
Limulunga,2000,313.65909090909093
Luampa,2000,312.6746031746032
Lukulu,2000,309.22222222222223
Mitete,2000,315.9868421052632
Mongu,2000,314.76
Mulobezi,2000,327.8
Mwandi,2000,334.16883116883116
Nalolo,2000,316.0508474576271
Nkeyema,2000,311.1111111111111
Senanga,2000,317.7022900763359
Sesheke,2000,334.8776978417266
Shang'ombo,2000,316.7525773195876
Sikongo,2000,322.17391304347825
Sioma,2000,325.57
Chibombo,2001,320.4818181818182
Chisamba,2001,321.73015873015873
Chitambo,2001,332.50704225352115
Itezhi-tezhi,2001,313.72727272727275
Kabwe,2001,321.1666666666667
Kapiri Mposhi,2001,320.26605504587155
Luano,2001,323.12820512820514
Mkushi,2001,326.02
Mumbwa,2001,314.7299578059072
Ngabwe,2001,309.125
Serenje,2001,335.5407407407407
Chililabombwe,2001,299.0625
Chingola,2001,299.23809523809524
Kalulushi,2001,299.0
Kitwe,2001,299.46666666666664
Luanshya,2001,299.8888888888889
Lufwanyama,2001,299.70542635658916
Masaiti,2001,307.1818181818182
Mpongwe,2001,303.60714285714283
Mufulira,2001,299.125
Ndola,2001,300.0
Chadiza,2001,327.9375
Chasefu,2001,340.0
Chipangali,2001,340.2258064516129
Chipata,2001,339.2
Kasenengwa,2001,331.3636363636364
Katete,2001,324.4
Lumezi,2001,339.89344262295083
Lundazi,2001,340.2352941176471
Mambwe,2001,330.4225352112676
Nyimba,2001,323.7165354330709
Petauke,2001,322.8068181818182
Sinda,2001,322.4848484848485
Vubwi,2001,332.6363636363636
Chembe,2001,304.8333333333333
Chiengi,2001,298.0652173913044
Chifunabuli,2001,308.3783783783784
Chipili,2001,305.3207547169811
Kawambwa,2001,299.21276595744683
Lunga,2001,308.7906976744186
Mansa,2001,308.3804347826087
Milengi,2001,308.4
Mwansabombwe,2001,299.4375
Mwense,2001,306.0
Nchelenge,2001,298.81632653061223
Samfya,2001,310.25
Chilanga,2001,322.0
Chirundu,2001,322.0
Chongwe,2001,322.0
Kafue,2001,322.0
Luangwa,2001,322.9583333333333
Lusaka,2001,322.0
Rufunsa,2001,322.55652173913046
Shibuyunji,2001,322.0
Chama,2001,338.50943396226415
Chinsali,2001,319.2564102564103
Isoka,2001,339.4193548387097
Kanchibiya,2001,309.05825242718447
Lavushimanda,2001,322.6820809248555
Mafinga,2001,339.1276595744681
Mpika,2001,322.4757281553398
Nakonde,2001,330.84313725490193
Shiwamg'andu,2001,307.9816513761468
Chavuma,2001,295.85185185185185
Ikelenge,2001,292.3333333333333
Kabompo,2001,323.2
Kalumbila,2001,299.5796178343949
Kasempa,2001,304.4075471698113
Manyinga,2001,312.0967741935484
Mufumbwe,2001,310.5695067264574
Mushindano,2001,300.17543859649123
Mwinilunga,2001,295.2760180995475
Solwezi,2001,302.0204081632653
Zambezi,2001,297.6686390532544
Chilubi,2001,306.98387096774195
Kaputa,2001,298.16129032258067
Kasama,2001,305.296875
Lunte District,2001,300.4315789473684
Lupososhi,2001,306.2608695652174
Luwingu,2001,304.5263157894737
Mbala,2001,302.86842105263156
Mporokoso,2001,298.5744680851064
Mpulungu,2001,301.2926829268293
Mungwi,2001,306.2
Nsama,2001,298.967032967033
Senga Hill,2001,305.4655172413793
Chikankanta,2001,322.0
Choma,2001,321.1525423728813
Gwembe,2001,322.125
Kalomo,2001,319.95
Kazungula,2001,242.14732142857142
Livingstone,2001,34.888888888888886
Mazabuka,2001,321.89130434782606
Monze,2001,321.4
Namwala,2001,321.4848484848485
Pemba,2001,321.96
Siavonga,2001,322.0
Sinazongwe,2001,321.9344262295082
Zimba,2001,302.8358208955224
Kalabo,2001,300.728813559322
Kaoma,2001,300.3909090909091
Limulunga,2001,301.6818181818182
Luampa,2001,300.62698412698415
Lukulu,2001,304.56410256410254
Mitete,2001,298.86842105263156
Mongu,2001,303.1066666666667
Mulobezi,2001,304.12
Mwandi,2001,303.57142857142856
Nalolo,2001,304.7457627118644
Nkeyema,2001,300.0
Senanga,2001,304.206106870229
Sesheke,2001,305.57553956834533
Shang'ombo,2001,304.17525773195877
Sikongo,2001,301.07608695652175
Sioma,2001,304.82
Chibombo,2002,345.1545454545454
Chisamba,2002,345.14285714285717
Chitambo,2002,340.9718309859155
Itezhi-tezhi,2002,345.8888888888889
Kabwe,2002,332.05555555555554
Kapiri Mposhi,2002,313.6697247706422
Luano,2002,341.21367521367523
Mkushi,2002,341.77
Mumbwa,2002,335.69620253164555
Ngabwe,2002,304.3875
Serenje,2002,343.6222222222222
Chililabombwe,2002,307.5
Chingola,2002,306.0
Kalulushi,2002,307.0
Kitwe,2002,306.4
Luanshya,2002,306.44444444444446
Lufwanyama,2002,304.91472868217056
Masaiti,2002,327.15909090909093
Mpongwe,2002,304.5357142857143
Mufulira,2002,307.0
Ndola,2002,320.9230769230769
Chadiza,2002,316.625
Chasefu,2002,346.0
Chipangali,2002,341.1290322580645
Chipata,2002,320.6
Kasenengwa,2002,323.0
Katete,2002,321.6333333333333
Lumezi,2002,346.92622950819674
Lundazi,2002,347.7647058823529
Mambwe,2002,338.63380281690144
Nyimba,2002,343.5196850393701
Petauke,2002,337.52272727272725
Sinda,2002,329.54545454545456
Vubwi,2002,321.27272727272725
Chembe,2002,310.6666666666667
Chiengi,2002,309.8695652173913
Chifunabuli,2002,311.5135135135135
Chipili,2002,309.77358490566036
Kawambwa,2002,308.9255319148936
Lunga,2002,313.16279069767444
Mansa,2002,311.0108695652174
Milengi,2002,313.25333333333333
Mwansabombwe,2002,308.0
Mwense,2002,308.88461538461536
Nchelenge,2002,308.7755102040816
Samfya,2002,313.4
Chilanga,2002,347.0
Chirundu,2002,347.8636363636364
Chongwe,2002,347.0
Kafue,2002,347.0175438596491
Luangwa,2002,346.5208333333333
Lusaka,2002,347.0
Rufunsa,2002,346.2
Shibuyunji,2002,347.05
Chama,2002,331.35377358490564
Chinsali,2002,313.11538461538464
Isoka,2002,314.241935483871
Kanchibiya,2002,313.5728155339806
Lavushimanda,2002,327.7514450867052
Mafinga,2002,317.8085106382979
Mpika,2002,322.57766990291265
Nakonde,2002,313.37254901960785
Shiwamg'andu,2002,313.0091743119266
Chavuma,2002,303.48148148148147
Ikelenge,2002,282.375
Kabompo,2002,307.32941176470587
Kalumbila,2002,301.94267515923565
Kasempa,2002,302.07924528301885
Manyinga,2002,305.3225806451613
Mufumbwe,2002,304.49775784753365
Mushindano,2002,302.8070175438597
Mwinilunga,2002,300.6108597285068
Solwezi,2002,302.04761904761904
Zambezi,2002,304.8343195266272
Chilubi,2002,312.1290322580645
Kaputa,2002,309.19354838709677
Kasama,2002,312.2734375
Lunte District,2002,309.3157894736842
Lupososhi,2002,310.4130434782609
Luwingu,2002,311.17543859649123
Mbala,2002,311.44736842105266
Mporokoso,2002,308.5744680851064
Mpulungu,2002,309.7886178861789
Mungwi,2002,313.0173913043478
Nsama,2002,308.7692307692308
Senga Hill,2002,312.63793103448273
Chikankanta,2002,347.1666666666667
Choma,2002,346.7118644067797
Gwembe,2002,347.4166666666667
Kalomo,2002,346.05
Kazungula,2002,289.8125
Livingstone,2002,163.44444444444446
Mazabuka,2002,347.5217391304348
Monze,2002,347.01666666666665
Namwala,2002,346.8636363636364
Pemba,2002,347.0
Siavonga,2002,347.95652173913044
Sinazongwe,2002,346.9836065573771
Zimba,2002,346.1641791044776
Kalabo,2002,325.5169491525424
Kaoma,2002,321.7818181818182
Limulunga,2002,310.0681818181818
Luampa,2002,335.6746031746032
Lukulu,2002,311.3931623931624
Mitete,2002,308.60526315789474
Mongu,2002,309.74666666666667
Mulobezi,2002,344.22
Mwandi,2002,323.4805194805195
Nalolo,2002,321.2542372881356
Nkeyema,2002,331.02222222222224
Senanga,2002,327.8396946564886
Sesheke,2002,344.1726618705036
Shang'ombo,2002,333.08247422680415
Sikongo,2002,332.57608695652175
Sioma,2002,338.8
Chibombo,2003,331.1363636363636
Chisamba,2003,331.95238095238096
Chitambo,2003,335.2957746478873
Itezhi-tezhi,2003,330.0959595959596
Kabwe,2003,331.1666666666667
Kapiri Mposhi,2003,331.1834862385321
Luano,2003,334.4957264957265
Mkushi,2003,333.99
Mumbwa,2003,328.71308016877634
Ngabwe,2003,328.7625
Serenje,2003,336.97037037037035
Chililabombwe,2003,327.125
Chingola,2003,323.0
Kalulushi,2003,326.6666666666667
Kitwe,2003,326.93333333333334
Luanshya,2003,328.3333333333333
Lufwanyama,2003,321.31007751937983
Masaiti,2003,329.52272727272725
Mpongwe,2003,326.0
Mufulira,2003,327.0
Ndola,2003,328.15384615384613
Chadiza,2003,337.5625
Chasefu,2003,334.11538461538464
Chipangali,2003,336.83870967741933
Chipata,2003,336.95
Kasenengwa,2003,336.40909090909093
Katete,2003,336.53333333333336
Lumezi,2003,335.1803278688525
Lundazi,2003,334.6470588235294
Mambwe,2003,335.7887323943662
Nyimba,2003,339.20472440944883
Petauke,2003,335.9886363636364
Sinda,2003,336.2121212121212
Vubwi,2003,337.45454545454544
Chembe,2003,327.5833333333333
Chiengi,2003,315.89130434782606
Chifunabuli,2003,329.8918918918919
Chipili,2003,318.8301886792453
Kawambwa,2003,305.82978723404256
Lunga,2003,330.0
Mansa,2003,327.5217391304348
Milengi,2003,328.3333333333333
Mwansabombwe,2003,300.75
Mwense,2003,316.5769230769231
Nchelenge,2003,294.9183673469388
Samfya,2003,329.45
Chilanga,2003,332.2352941176471
Chirundu,2003,334.0
Chongwe,2003,333.0
Kafue,2003,333.719298245614
Luangwa,2003,335.125
Lusaka,2003,332.0
Rufunsa,2003,334.9391304347826
Shibuyunji,2003,331.35
Chama,2003,334.20283018867923
Chinsali,2003,332.9230769230769
Isoka,2003,334.0483870967742
Kanchibiya,2003,332.6601941747573
Lavushimanda,2003,333.8323699421965
Mafinga,2003,334.74468085106383
Mpika,2003,333.5145631067961
Nakonde,2003,333.2549019607843
Shiwamg'andu,2003,332.74311926605503
Chavuma,2003,311.0
Ikelenge,2003,290.3333333333333
Kabompo,2003,301.1058823529412
Kalumbila,2003,295.11464968152865
Kasempa,2003,310.8641509433962
Manyinga,2003,295.3440860215054
Mufumbwe,2003,302.26008968609864
Mushindano,2003,308.3859649122807
Mwinilunga,2003,293.81900452488685
Solwezi,2003,296.51020408163265
Zambezi,2003,311.3786982248521
Chilubi,2003,331.43548387096774
Kaputa,2003,322.66129032258067
Kasama,2003,332.2890625
Lunte District,2003,331.17894736842106
Lupososhi,2003,329.6304347826087
Luwingu,2003,331.4035087719298
Mbala,2003,339.2894736842105
Mporokoso,2003,319.8723404255319
Mpulungu,2003,335.1707317073171
Mungwi,2003,333.1391304347826
Nsama,2003,333.032967032967
Senga Hill,2003,336.6551724137931
Chikankanta,2003,332.8611111111111
Choma,2003,334.93220338983053
Gwembe,2003,332.7916666666667
Kalomo,2003,335.82
Kazungula,2003,285.6205357142857
Livingstone,2003,52.44444444444444
Mazabuka,2003,331.69565217391306
Monze,2003,331.21666666666664
Namwala,2003,331.3787878787879
Pemba,2003,332.4
Siavonga,2003,333.39130434782606
Sinazongwe,2003,193.88524590163934
Zimba,2003,167.16417910447763
Kalabo,2003,312.3220338983051
Kaoma,2003,309.4
Limulunga,2003,314.6363636363636
Luampa,2003,317.031746031746
Lukulu,2003,309.5811965811966
Mitete,2003,311.30263157894734
Mongu,2003,319.32
Mulobezi,2003,325.12
Mwandi,2003,203.46753246753246
Nalolo,2003,321.64406779661016
Nkeyema,2003,315.5111111111111
Senanga,2003,326.80152671755724
Sesheke,2003,291.58992805755395
Shang'ombo,2003,322.50515463917526
Sikongo,2003,313.35869565217394
Sioma,2003,330.55
Chibombo,2004,322.3636363636364
Chisamba,2004,323.73015873015873
Chitambo,2004,326.83098591549293
Itezhi-tezhi,2004,334.76262626262627
Kabwe,2004,319.8888888888889
Kapiri Mposhi,2004,317.9449541284404
Luano,2004,322.79487179487177
Mkushi,2004,319.55
Mumbwa,2004,330.3164556962025
Ngabwe,2004,309.3375
Serenje,2004,323.6222222222222
Chililabombwe,2004,310.6875
Chingola,2004,310.9047619047619
Kalulushi,2004,310.0
Kitwe,2004,307.26666666666665
Luanshya,2004,310.1111111111111
Lufwanyama,2004,312.30232558139534
Masaiti,2004,312.47727272727275
Mpongwe,2004,313.5625
Mufulira,2004,307.625
Ndola,2004,308.7692307692308
Chadiza,2004,312.6875
Chasefu,2004,310.2307692307692
Chipangali,2004,327.741935483871
Chipata,2004,316.65
Kasenengwa,2004,325.1363636363636
Katete,2004,313.76666666666665
Lumezi,2004,332.3688524590164
Lundazi,2004,324.94117647058823
Mambwe,2004,327.88732394366195
Nyimba,2004,309.1496062992126
Petauke,2004,309.82954545454544
Sinda,2004,307.09090909090907
Vubwi,2004,311.8181818181818
Chembe,2004,305.4583333333333
Chiengi,2004,287.2173913043478
Chifunabuli,2004,304.97297297297297
Chipili,2004,303.35849056603774
Kawambwa,2004,299.97872340425533
Lunga,2004,316.2325581395349
Mansa,2004,304.7391304347826
Milengi,2004,310.48
Mwansabombwe,2004,293.875
Mwense,2004,303.4230769230769
Nchelenge,2004,287.48979591836735
Samfya,2004,314.5
Chilanga,2004,328.4117647058824
Chirundu,2004,331.0
Chongwe,2004,328.9642857142857
Kafue,2004,330.0701754385965
Luangwa,2004,331.3333333333333
Lusaka,2004,328.0
Rufunsa,2004,328.3565217391304
Shibuyunji,2004,328.6
Chama,2004,327.75471698113205
Chinsali,2004,330.1666666666667
Isoka,2004,331.0967741935484
Kanchibiya,2004,322.0
Lavushimanda,2004,326.1676300578035
Mafinga,2004,331.1276595744681
Mpika,2004,329.1116504854369
Nakonde,2004,330.37254901960785
Shiwamg'andu,2004,326.3119266055046
Chavuma,2004,303.0925925925926
Ikelenge,2004,287.4583333333333
Kabompo,2004,323.3529411764706
Kalumbila,2004,303.4203821656051
Kasempa,2004,314.52830188679246
Manyinga,2004,314.1720430107527
Mufumbwe,2004,317.390134529148
Mushindano,2004,306.1929824561403
Mwinilunga,2004,289.7873303167421
Solwezi,2004,308.734693877551
Zambezi,2004,306.1065088757396
Chilubi,2004,312.3225806451613
Kaputa,2004,292.1290322580645
Kasama,2004,319.1796875
Lunte District,2004,306.5473684210526
Lupososhi,2004,303.67391304347825
Luwingu,2004,307.87719298245617
Mbala,2004,329.55263157894734
Mporokoso,2004,297.9574468085106
Mpulungu,2004,323.9186991869919
Mungwi,2004,329.4869565217391
Nsama,2004,301.64835164835165
Senga Hill,2004,329.0344827586207
Chikankanta,2004,329.1666666666667
Choma,2004,337.35593220338984
Gwembe,2004,332.6875
Kalomo,2004,339.08
Kazungula,2004,338.4732142857143
Livingstone,2004,341.0
Mazabuka,2004,328.6304347826087
Monze,2004,328.26666666666665
Namwala,2004,334.3939393939394
Pemba,2004,334.16
Siavonga,2004,331.0
Sinazongwe,2004,340.26229508196724
Zimba,2004,340.2238805970149
Kalabo,2004,331.04237288135596
Kaoma,2004,316.6181818181818
Limulunga,2004,318.02272727272725
Luampa,2004,319.2063492063492
Lukulu,2004,317.0
Mitete,2004,307.0921052631579
Mongu,2004,321.72
Mulobezi,2004,329.6
Mwandi,2004,344.4805194805195
Nalolo,2004,357.93220338983053
Nkeyema,2004,316.35555555555555
Senanga,2004,345.62595419847327
Sesheke,2004,356.40287769784175
Shang'ombo,2004,360.77319587628864
Sikongo,2004,350.30434782608694
Sioma,2004,363.1
Chibombo,2005,324.58181818181816
Chisamba,2005,333.95238095238096
Chitambo,2005,335.32394366197184
Itezhi-tezhi,2005,318.1212121212121
Kabwe,2005,333.1666666666667
Kapiri Mposhi,2005,326.8256880733945
Luano,2005,335.0683760683761
Mkushi,2005,334.67
Mumbwa,2005,313.084388185654
Ngabwe,2005,314.2875
Serenje,2005,336.31111111111113
Chililabombwe,2005,312.0
Chingola,2005,312.5238095238095
Kalulushi,2005,313.0
Kitwe,2005,313.0
Luanshya,2005,313.0
Lufwanyama,2005,312.4496124031008
Masaiti,2005,313.45454545454544
Mpongwe,2005,312.61607142857144
Mufulira,2005,312.75
Ndola,2005,313.0
Chadiza,2005,334.0
Chasefu,2005,348.1923076923077
Chipangali,2005,334.0
Chipata,2005,334.0
Kasenengwa,2005,334.0
Katete,2005,334.1333333333333
Lumezi,2005,334.11475409836066
Lundazi,2005,337.11764705882354
Mambwe,2005,335.50704225352115
Nyimba,2005,335.7716535433071
Petauke,2005,335.1136363636364
Sinda,2005,334.75757575757575
Vubwi,2005,334.0
Chembe,2005,312.0
Chiengi,2005,305.80434782608694
Chifunabuli,2005,332.27027027027026
Chipili,2005,326.8490566037736
Kawambwa,2005,300.67021276595744
Lunga,2005,314.95348837209303
Mansa,2005,313.42391304347825
Milengi,2005,318.93333333333334
Mwansabombwe,2005,296.3125
Mwense,2005,309.61538461538464
Nchelenge,2005,294.0408163265306
Samfya,2005,322.45
Chilanga,2005,333.94117647058823
Chirundu,2005,333.77272727272725
Chongwe,2005,334.0
Kafue,2005,334.05263157894734
Luangwa,2005,335.125
Lusaka,2005,334.0
Rufunsa,2005,334.5130434782609
Shibuyunji,2005,330.2
Chama,2005,346.4339622641509
Chinsali,2005,350.0769230769231
Isoka,2005,352.6774193548387
Kanchibiya,2005,313.20388349514565
Lavushimanda,2005,333.1676300578035
Mafinga,2005,353.27659574468083
Mpika,2005,321.47087378640776
Nakonde,2005,340.6666666666667
Shiwamg'andu,2005,318.3211009174312
Chavuma,2005,302.22222222222223
Ikelenge,2005,300.125
Kabompo,2005,309.8235294117647
Kalumbila,2005,311.09554140127386
Kasempa,2005,312.188679245283
Manyinga,2005,310.5376344086022
Mufumbwe,2005,311.86995515695065
Mushindano,2005,311.64912280701753
Mwinilunga,2005,304.34841628959276
Solwezi,2005,311.7074829931973
Zambezi,2005,306.56804733727813
Chilubi,2005,325.8709677419355
Kaputa,2005,301.3709677419355
Kasama,2005,336.21875
Lunte District,2005,312.81052631578945
Lupososhi,2005,330.60869565217394
Luwingu,2005,329.2631578947368
Mbala,2005,311.07894736842104
Mporokoso,2005,300.531914893617
Mpulungu,2005,309.520325203252
Mungwi,2005,346.5826086956522
Nsama,2005,303.7032967032967
Senga Hill,2005,328.2931034482759
Chikankanta,2005,333.5833333333333
Choma,2005,332.52542372881356
Gwembe,2005,333.0
Kalomo,2005,332.24
Kazungula,2005,318.61607142857144
Livingstone,2005,316.0
Mazabuka,2005,332.2391304347826
Monze,2005,332.18333333333334
Namwala,2005,323.75757575757575
Pemba,2005,332.48
Siavonga,2005,333.0869565217391
Sinazongwe,2005,333.78688524590166
Zimba,2005,332.6268656716418
Kalabo,2005,314.4406779661017
Kaoma,2005,312.6727272727273
Limulunga,2005,313.3636363636364
Luampa,2005,313.1666666666667
Lukulu,2005,312.1880341880342
Mitete,2005,313.14473684210526
Mongu,2005,313.94666666666666
Mulobezi,2005,314.0
Mwandi,2005,314.1038961038961
Nalolo,2005,314.7457627118644
Nkeyema,2005,313.0
Senanga,2005,314.23664122137404
Sesheke,2005,314.61870503597123
Shang'ombo,2005,315.0
Sikongo,2005,314.9891304347826
Sioma,2005,314.68
Chibombo,2006,321.3545454545455
Chisamba,2006,321.984126984127
Chitambo,2006,320.8521126760563
Itezhi-tezhi,2006,320.64646464646466
Kabwe,2006,321.5
Kapiri Mposhi,2006,321.2201834862385
Luano,2006,324.54700854700855
Mkushi,2006,321.24
Mumbwa,2006,320.2320675105485
Ngabwe,2006,320.7625
Serenje,2006,320.8740740740741
Chililabombwe,2006,311.1875
Chingola,2006,311.57142857142856
Kalulushi,2006,315.8333333333333
Kitwe,2006,321.0
Luanshya,2006,321.0
Lufwanyama,2006,315.2248062015504
Masaiti,2006,321.0
Mpongwe,2006,319.89285714285717
Mufulira,2006,321.0
Ndola,2006,321.0
Chadiza,2006,321.5625
Chasefu,2006,325.5769230769231
Chipangali,2006,322.0967741935484
Chipata,2006,322.0
Kasenengwa,2006,321.8181818181818
Katete,2006,321.23333333333335
Lumezi,2006,322.27868852459017
Lundazi,2006,323.6470588235294
Mambwe,2006,321.80281690140845
Nyimba,2006,322.61417322834643
Petauke,2006,321.375
Sinda,2006,321.06060606060606
Vubwi,2006,322.54545454545456
Chembe,2006,316.3333333333333
Chiengi,2006,300.80434782608694
Chifunabuli,2006,316.3243243243243
Chipili,2006,309.37735849056605
Kawambwa,2006,304.3510638297872
Lunga,2006,319.8837209302326
Mansa,2006,313.70652173913044
Milengi,2006,319.06666666666666
Mwansabombwe,2006,303.6875
Mwense,2006,308.84615384615387
Nchelenge,2006,300.1224489795918
Samfya,2006,319.975
Chilanga,2006,322.0
Chirundu,2006,344.5
Chongwe,2006,325.25
Kafue,2006,336.29824561403507
Luangwa,2006,344.0
Lusaka,2006,322.0
Rufunsa,2006,341.8695652173913
Shibuyunji,2006,322.1
Chama,2006,324.5801886792453
Chinsali,2006,320.94871794871796
Isoka,2006,321.35483870967744
Kanchibiya,2006,319.84466019417476
Lavushimanda,2006,320.46242774566474
Mafinga,2006,322.8723404255319
Mpika,2006,320.90776699029124
Nakonde,2006,318.52941176470586
Shiwamg'andu,2006,319.8440366972477
Chavuma,2006,302.77777777777777
Ikelenge,2006,276.0833333333333
Kabompo,2006,305.8588235294118
Kalumbila,2006,303.19745222929936
Kasempa,2006,312.0
Manyinga,2006,304.752688172043
Mufumbwe,2006,308.5919282511211
Mushindano,2006,308.7368421052632
Mwinilunga,2006,295.70588235294116
Solwezi,2006,308.04761904761904
Zambezi,2006,304.46153846153845
Chilubi,2006,317.7258064516129
Kaputa,2006,301.4516129032258
Kasama,2006,317.1328125
Lunte District,2006,309.9894736842105
Lupososhi,2006,311.7826086956522
Luwingu,2006,313.64912280701753
Mbala,2006,312.6842105263158
Mporokoso,2006,304.6808510638298
Mpulungu,2006,310.6016260162602
Mungwi,2006,320.0608695652174
Nsama,2006,306.1978021978022
Senga Hill,2006,315.4310344827586
Chikankanta,2006,322.97222222222223
Choma,2006,322.45762711864404
Gwembe,2006,322.7291666666667
Kalomo,2006,321.77
Kazungula,2006,321.97767857142856
Livingstone,2006,323.0
Mazabuka,2006,322.7173913043478
Monze,2006,322.65
Namwala,2006,321.9848484848485
Pemba,2006,322.88
Siavonga,2006,329.7391304347826
Sinazongwe,2006,322.9672131147541
Zimba,2006,322.67164179104475
Kalabo,2006,321.6525423728813
Kaoma,2006,309.25454545454545
Limulunga,2006,322.8863636363636
Luampa,2006,312.62698412698415
Lukulu,2006,307.97435897435895
Mitete,2006,306.94736842105266
Mongu,2006,326.6666666666667
Mulobezi,2006,317.00666666666666
Mwandi,2006,322.8051948051948
Nalolo,2006,334.728813559322
Nkeyema,2006,311.93333333333334
Senanga,2006,322.5267175572519
Sesheke,2006,316.41726618705036
Shang'ombo,2006,325.78350515463916
Sikongo,2006,328.2826086956522
Sioma,2006,321.68
Chibombo,2007,313.0
Chisamba,2007,312.95238095238096
Chitambo,2007,317.2535211267606
Itezhi-tezhi,2007,315.010101010101
Kabwe,2007,312.8888888888889
Kapiri Mposhi,2007,311.86238532110093
Luano,2007,318.2478632478632
Mkushi,2007,306.19
Mumbwa,2007,311.8143459915612
Ngabwe,2007,312.1875
Serenje,2007,308.76296296296294
Chililabombwe,2007,303.0
Chingola,2007,303.8095238095238
Kalulushi,2007,304.0833333333333
Kitwe,2007,302.2
Luanshya,2007,302.0
Lufwanyama,2007,305.29457364341084
Masaiti,2007,303.34090909090907
Mpongwe,2007,308.79464285714283
Mufulira,2007,302.0
Ndola,2007,302.0
Chadiza,2007,337.25
Chasefu,2007,336.1923076923077
Chipangali,2007,337.7096774193548
Chipata,2007,336.25
Kasenengwa,2007,337.95454545454544
Katete,2007,337.3333333333333
Lumezi,2007,338.38524590163934
Lundazi,2007,337.4117647058824
Mambwe,2007,338.7323943661972
Nyimba,2007,326.3543307086614
Petauke,2007,336.53409090909093
Sinda,2007,336.7878787878788
Vubwi,2007,336.8181818181818
Chembe,2007,301.0833333333333
Chiengi,2007,296.7173913043478
Chifunabuli,2007,300.1081081081081
Chipili,2007,299.0943396226415
Kawambwa,2007,296.6808510638298
Lunga,2007,302.09302325581393
Mansa,2007,300.4782608695652
Milengi,2007,301.52
Mwansabombwe,2007,298.0
Mwense,2007,299.1923076923077
Nchelenge,2007,292.46938775510205
Samfya,2007,302.025
Chilanga,2007,313.3529411764706
Chirundu,2007,317.27272727272725
Chongwe,2007,313.0
Kafue,2007,317.2456140350877
Luangwa,2007,338.0833333333333
Lusaka,2007,313.0
Rufunsa,2007,331.9217391304348
Shibuyunji,2007,313.5
Chama,2007,331.5518867924528
Chinsali,2007,325.6666666666667
Isoka,2007,340.30645161290323
Kanchibiya,2007,306.80582524271847
Lavushimanda,2007,319.34104046242777
Mafinga,2007,337.0851063829787
Mpika,2007,320.873786407767
Nakonde,2007,342.01960784313724
Shiwamg'andu,2007,300.7522935779817
Chavuma,2007,300.74074074074076
Ikelenge,2007,275.0833333333333
Kabompo,2007,302.3411764705882
Kalumbila,2007,300.38853503184714
Kasempa,2007,304.3698113207547
Manyinga,2007,301.23655913978496
Mufumbwe,2007,303.1434977578475
Mushindano,2007,301.63157894736844
Mwinilunga,2007,280.6425339366516
Solwezi,2007,302.0
Zambezi,2007,301.3905325443787
Chilubi,2007,300.80645161290323
Kaputa,2007,296.7258064516129
Kasama,2007,299.015625
Lunte District,2007,297.2315789473684
Lupososhi,2007,299.4130434782609
Luwingu,2007,299.2280701754386
Mbala,2007,297.55263157894734
Mporokoso,2007,296.29787234042556
Mpulungu,2007,297.1869918699187
Mungwi,2007,305.7391304347826
Nsama,2007,296.7912087912088
Senga Hill,2007,304.01724137931035
Chikankanta,2007,314.69444444444446
Choma,2007,315.66101694915255
Gwembe,2007,315.0416666666667
Kalomo,2007,320.65
Kazungula,2007,327.16517857142856
Livingstone,2007,329.0
Mazabuka,2007,314.9347826086956
Monze,2007,315.5
Namwala,2007,315.4848484848485
Pemba,2007,315.0
Siavonga,2007,314.39130434782606
Sinazongwe,2007,317.91803278688525
Zimba,2007,326.1641791044776
Kalabo,2007,302.1949152542373
Kaoma,2007,303.4727272727273
Limulunga,2007,303.3181818181818
Luampa,2007,304.85714285714283
Lukulu,2007,302.9230769230769
Mitete,2007,301.9736842105263
Mongu,2007,303.5733333333333
Mulobezi,2007,311.4266666666667
Mwandi,2007,324.8831168831169
Nalolo,2007,303.135593220339
Nkeyema,2007,304.0
Senanga,2007,303.3206106870229
Sesheke,2007,315.43884892086334
Shang'ombo,2007,317.64948453608247
Sikongo,2007,303.2608695652174
Sioma,2007,312.09
Chibombo,2008,320.09090909090907
Chisamba,2008,322.3174603174603
Chitambo,2008,322.0845070422535
Itezhi-tezhi,2008,319.25757575757575
Kabwe,2008,320.3333333333333
Kapiri Mposhi,2008,319.13761467889907
Luano,2008,323.0940170940171
Mkushi,2008,318.85
Mumbwa,2008,318.50632911392404
Ngabwe,2008,317.3125
Serenje,2008,319.9185185185185
Chililabombwe,2008,314.8125
Chingola,2008,315.4761904761905
Kalulushi,2008,315.6666666666667
Kitwe,2008,315.0
Luanshya,2008,315.22222222222223
Lufwanyama,2008,315.5891472868217
Masaiti,2008,316.3181818181818
Mpongwe,2008,316.25
Mufulira,2008,315.0
Ndola,2008,315.15384615384613
Chadiza,2008,323.875
Chasefu,2008,330.96153846153845
Chipangali,2008,329.93548387096774
Chipata,2008,329.2
Kasenengwa,2008,329.5
Katete,2008,323.1666666666667
Lumezi,2008,331.7704918032787
Lundazi,2008,331.1764705882353
Mambwe,2008,328.6901408450704
Nyimba,2008,322.5748031496063
Petauke,2008,322.375
Sinda,2008,322.1212121212121
Vubwi,2008,325.45454545454544
Chembe,2008,314.875
Chiengi,2008,292.8695652173913
Chifunabuli,2008,315.02702702702703
Chipili,2008,297.0566037735849
Kawambwa,2008,295.28723404255317
Lunga,2008,317.0
Mansa,2008,310.44565217391306
Milengi,2008,315.81333333333333
Mwansabombwe,2008,295.3125
Mwense,2008,296.0
Nchelenge,2008,295.0
Samfya,2008,316.8
Chilanga,2008,323.3529411764706
Chirundu,2008,323.95454545454544
Chongwe,2008,324.57142857142856
Kafue,2008,326.87719298245617
Luangwa,2008,334.1875
Lusaka,2008,323.0
Rufunsa,2008,329.7304347826087
Shibuyunji,2008,322.8
Chama,2008,330.57547169811323
Chinsali,2008,321.06410256410254
Isoka,2008,330.69354838709677
Kanchibiya,2008,321.9805825242718
Lavushimanda,2008,326.0115606936416
Mafinga,2008,330.3191489361702
Mpika,2008,330.13592233009706
Nakonde,2008,321.921568627451
Shiwamg'andu,2008,323.27522935779814
Chavuma,2008,297.0
Ikelenge,2008,310.2083333333333
Kabompo,2008,311.52941176470586
Kalumbila,2008,308.0191082802548
Kasempa,2008,315.39622641509436
Manyinga,2008,304.9139784946237
Mufumbwe,2008,315.1793721973094
Mushindano,2008,314.2631578947368
Mwinilunga,2008,300.289592760181
Solwezi,2008,314.46938775510205
Zambezi,2008,303.603550295858
Chilubi,2008,316.1774193548387
Kaputa,2008,295.43548387096774
Kasama,2008,315.9921875
Lunte District,2008,305.14736842105265
Lupososhi,2008,308.9782608695652
Luwingu,2008,312.87719298245617
Mbala,2008,315.07894736842104
Mporokoso,2008,295.0
Mpulungu,2008,308.4552845528455
Mungwi,2008,317.0695652173913
Nsama,2008,297.38461538461536
Senga Hill,2008,316.58620689655174
Chikankanta,2008,323.69444444444446
Choma,2008,319.7457627118644
Gwembe,2008,322.4375
Kalomo,2008,318.63
Kazungula,2008,318.16517857142856
Livingstone,2008,318.0
Mazabuka,2008,322.69565217391306
Monze,2008,321.51666666666665
Namwala,2008,320.6060606060606
Pemba,2008,320.68
Siavonga,2008,323.2608695652174
Sinazongwe,2008,320.37704918032784
Zimba,2008,318.8955223880597
Kalabo,2008,314.0508474576271
Kaoma,2008,314.5090909090909
Limulunga,2008,314.0
Luampa,2008,316.23015873015873
Lukulu,2008,314.017094017094
Mitete,2008,310.7236842105263
Mongu,2008,314.28
Mulobezi,2008,317.05333333333334
Mwandi,2008,317.53246753246754
Nalolo,2008,314.9491525423729
Nkeyema,2008,316.1111111111111
Senanga,2008,315.59541984732823
Sesheke,2008,316.6906474820144
Shang'ombo,2008,315.12371134020617
Sikongo,2008,314.35869565217394
Sioma,2008,315.28
Chibombo,2009,313.77272727272725
Chisamba,2009,313.85714285714283
Chitambo,2009,315.943661971831
Itezhi-tezhi,2009,313.8838383838384
Kabwe,2009,312.3888888888889
Kapiri Mposhi,2009,309.2844036697248
Luano,2009,315.3247863247863
Mkushi,2009,313.73
Mumbwa,2009,313.75949367088606
Ngabwe,2009,313.2
Serenje,2009,316.037037037037
Chililabombwe,2009,298.75
Chingola,2009,298.7142857142857
Kalulushi,2009,298.0
Kitwe,2009,297.46666666666664
Luanshya,2009,297.77777777777777
Lufwanyama,2009,298.0
Masaiti,2009,298.1136363636364
Mpongwe,2009,308.91964285714283
Mufulira,2009,298.0
Ndola,2009,298.0
Chadiza,2009,319.125
Chasefu,2009,314.11538461538464
Chipangali,2009,316.06451612903226
Chipata,2009,317.0
Kasenengwa,2009,316.95454545454544
Katete,2009,318.3666666666667
Lumezi,2009,316.89344262295083
Lundazi,2009,317.0
Mambwe,2009,316.8169014084507
Nyimba,2009,317.748031496063
Petauke,2009,318.5113636363636
Sinda,2009,318.93939393939394
Vubwi,2009,319.45454545454544
Chembe,2009,305.1666666666667
Chiengi,2009,308.8478260869565
Chifunabuli,2009,310.64864864864865
Chipili,2009,306.1320754716981
Kawambwa,2009,305.4255319148936
Lunga,2009,310.0232558139535
Mansa,2009,306.6847826086956
Milengi,2009,301.16
Mwansabombwe,2009,306.5625
Mwense,2009,306.4230769230769
Nchelenge,2009,306.9183673469388
Samfya,2009,303.2
Chilanga,2009,314.3529411764706
Chirundu,2009,317.77272727272725
Chongwe,2009,315.57142857142856
Kafue,2009,315.96491228070175
Luangwa,2009,319.1666666666667
Lusaka,2009,314.0
Rufunsa,2009,317.495652173913
Shibuyunji,2009,314.0
Chama,2009,316.5660377358491
Chinsali,2009,313.2307692307692
Isoka,2009,313.5967741935484
Kanchibiya,2009,313.252427184466
Lavushimanda,2009,315.5433526011561
Mafinga,2009,320.0851063829787
Mpika,2009,315.8883495145631
Nakonde,2009,312.5686274509804
Shiwamg'andu,2009,311.61467889908255
Chavuma,2009,309.01851851851853
Ikelenge,2009,282.25
Kabompo,2009,308.78823529411767
Kalumbila,2009,302.4458598726115
Kasempa,2009,308.6716981132075
Manyinga,2009,306.81720430107526
Mufumbwe,2009,308.19282511210764
Mushindano,2009,302.64912280701753
Mwinilunga,2009,287.43891402714934
Solwezi,2009,301.68027210884355
Zambezi,2009,309.27810650887574
Chilubi,2009,311.5
Kaputa,2009,308.1290322580645
Kasama,2009,311.21875
Lunte District,2009,307.2526315789474
Lupososhi,2009,307.0652173913044
Luwingu,2009,308.859649122807
Mbala,2009,311.7105263157895
Mporokoso,2009,305.2340425531915
Mpulungu,2009,309.7560975609756
Mungwi,2009,311.9217391304348
Nsama,2009,308.2087912087912
Senga Hill,2009,310.6551724137931
Chikankanta,2009,315.52777777777777
Choma,2009,314.7457627118644
Gwembe,2009,315.4791666666667
Kalomo,2009,313.57
Kazungula,2009,310.9732142857143
Livingstone,2009,310.0
Mazabuka,2009,314.0652173913044
Monze,2009,313.8
Namwala,2009,313.7121212121212
Pemba,2009,314.28
Siavonga,2009,316.82608695652175
Sinazongwe,2009,316.9836065573771
Zimba,2009,311.8805970149254
Kalabo,2009,310.9491525423729
Kaoma,2009,311.3181818181818
Limulunga,2009,310.22727272727275
Luampa,2009,312.8492063492063
Lukulu,2009,309.4957264957265
Mitete,2009,310.0
Mongu,2009,310.8933333333333
Mulobezi,2009,312.00666666666666
Mwandi,2009,298.94805194805195
Nalolo,2009,312.8135593220339
Nkeyema,2009,312.9555555555556
Senanga,2009,312.206106870229
Sesheke,2009,295.7841726618705
Shang'ombo,2009,319.70103092783506
Sikongo,2009,315.2173913043478
Sioma,2009,315.91
Chibombo,2010,324.2
Chisamba,2010,327.7936507936508
Chitambo,2010,327.26056338028167
Itezhi-tezhi,2010,316.3181818181818
Kabwe,2010,326.8888888888889
Kapiri Mposhi,2010,326.56880733944956
Luano,2010,327.4188034188034
Mkushi,2010,327.0
Mumbwa,2010,316.9957805907173
Ngabwe,2010,319.55
Serenje,2010,327.0
Chililabombwe,2010,316.25
Chingola,2010,316.0
Kalulushi,2010,316.0
Kitwe,2010,316.0
Luanshya,2010,316.77777777777777
Lufwanyama,2010,316.0
Masaiti,2010,324.84090909090907
Mpongwe,2010,317.1607142857143
Mufulira,2010,316.25
Ndola,2010,320.46153846153845
Chadiza,2010,327.4375
Chasefu,2010,329.7307692307692
Chipangali,2010,328.7096774193548
Chipata,2010,327.85
Kasenengwa,2010,327.09090909090907
Katete,2010,327.0
Lumezi,2010,329.0
Lundazi,2010,329.0
Mambwe,2010,327.7887323943662
Nyimba,2010,327.3622047244094
Petauke,2010,327.1363636363636
Sinda,2010,327.0
Vubwi,2010,328.09090909090907
Chembe,2010,316.0
Chiengi,2010,289.0
Chifunabuli,2010,316.4864864864865
Chipili,2010,312.6981132075472
Kawambwa,2010,299.36170212765956
Lunga,2010,321.0232558139535
Mansa,2010,316.0869565217391
Milengi,2010,316.97333333333336
Mwansabombwe,2010,292.625
Mwense,2010,311.4230769230769
Nchelenge,2010,289.0
Samfya,2010,319.8
Chilanga,2010,327.7647058823529
Chirundu,2010,328.0
Chongwe,2010,328.0
Kafue,2010,328.0
Luangwa,2010,328.0
Lusaka,2010,328.0
Rufunsa,2010,328.0
Shibuyunji,2010,327.05
Chama,2010,330.3490566037736
Chinsali,2010,329.05128205128204
Isoka,2010,330.1774193548387
Kanchibiya,2010,328.68932038834953
Lavushimanda,2010,327.71098265895955
Mafinga,2010,332.78723404255317
Mpika,2010,329.0
Nakonde,2010,328.72549019607845
Shiwamg'andu,2010,329.0
Chavuma,2010,300.1296296296296
Ikelenge,2010,290.375
Kabompo,2010,303.5882352941176
Kalumbila,2010,303.62420382165607
Kasempa,2010,313.811320754717
Manyinga,2010,301.6559139784946
Mufumbwe,2010,312.2062780269058
Mushindano,2010,315.5263157894737
Mwinilunga,2010,295.9547511312217
Solwezi,2010,311.2448979591837
Zambezi,2010,301.0
Chilubi,2010,320.30645161290323
Kaputa,2010,292.1290322580645
Kasama,2010,326.4140625
Lunte District,2010,312.05263157894734
Lupososhi,2010,314.95652173913044
Luwingu,2010,319.43859649122805
Mbala,2010,322.89473684210526
Mporokoso,2010,299.70212765957444
Mpulungu,2010,315.9105691056911
Mungwi,2010,328.09565217391304
Nsama,2010,302.3296703296703
Senga Hill,2010,326.3965517241379
Chikankanta,2010,328.0
Choma,2010,321.96610169491527
Gwembe,2010,328.8958333333333
Kalomo,2010,316.0
Kazungula,2010,316.45535714285717
Livingstone,2010,317.22222222222223
Mazabuka,2010,327.7608695652174
Monze,2010,327.8
Namwala,2010,318.59090909090907
Pemba,2010,328.72
Siavonga,2010,328.1304347826087
Sinazongwe,2010,330.11475409836066
Zimba,2010,323.2686567164179
Kalabo,2010,316.6186440677966
Kaoma,2010,313.4
Limulunga,2010,315.34090909090907
Luampa,2010,314.8015873015873
Lukulu,2010,311.991452991453
Mitete,2010,311.25
Mongu,2010,315.76
Mulobezi,2010,316.20666666666665
Mwandi,2010,280.2857142857143
Nalolo,2010,317.5762711864407
Nkeyema,2010,314.44444444444446
Senanga,2010,316.25954198473283
Sesheke,2010,313.0935251798561
Shang'ombo,2010,320.64948453608247
Sikongo,2010,317.32608695652175
Sioma,2010,320.25
Chibombo,2011,340.53636363636366
Chisamba,2011,343.984126984127
Chitambo,2011,350.86619718309856
Itezhi-tezhi,2011,338.95454545454544
Kabwe,2011,339.3888888888889
Kapiri Mposhi,2011,341.8807339449541
Luano,2011,348.7521367521368
Mkushi,2011,350.0
Mumbwa,2011,338.8523206751055
Ngabwe,2011,338.2
Serenje,2011,350.97777777777776
Chililabombwe,2011,337.5625
Chingola,2011,336.7142857142857
Kalulushi,2011,337.6666666666667
Kitwe,2011,339.1333333333333
Luanshya,2011,338.77777777777777
Lufwanyama,2011,337.1860465116279
Masaiti,2011,347.09090909090907
Mpongwe,2011,338.33035714285717
Mufulira,2011,339.25
Ndola,2011,347.0
Chadiza,2011,351.4375
Chasefu,2011,351.0
Chipangali,2011,351.7096774193548
Chipata,2011,351.6
Kasenengwa,2011,351.22727272727275
Katete,2011,351.03333333333336
Lumezi,2011,351.0983606557377
Lundazi,2011,351.05882352941177
Mambwe,2011,351.76056338028167
Nyimba,2011,350.59842519685037
Petauke,2011,351.03409090909093
Sinda,2011,351.0
Vubwi,2011,352.0
Chembe,2011,341.8333333333333
Chiengi,2011,300.0652173913044
Chifunabuli,2011,343.9189189189189
Chipili,2011,338.0188679245283
Kawambwa,2011,336.21276595744683
Lunga,2011,348.25581395348837
Mansa,2011,342.05434782608694
Milengi,2011,344.68
Mwansabombwe,2011,335.0
Mwense,2011,337.34615384615387
Nchelenge,2011,331.9795918367347
Samfya,2011,347.4
Chilanga,2011,347.11764705882354
Chirundu,2011,349.54545454545456
Chongwe,2011,349.0
Kafue,2011,348.56140350877195
Luangwa,2011,350.0833333333333
Lusaka,2011,349.0
Rufunsa,2011,348.76521739130436
Shibuyunji,2011,341.1
Chama,2011,350.72169811320754
Chinsali,2011,350.0
Isoka,2011,350.0
Kanchibiya,2011,350.378640776699
Lavushimanda,2011,350.7225433526012
Mafinga,2011,350.06382978723406
Mpika,2011,351.0
Nakonde,2011,349.45098039215685
Shiwamg'andu,2011,350.5045871559633
Chavuma,2011,275.0
Ikelenge,2011,275.0
Kabompo,2011,276.0
Kalumbila,2011,287.8789808917197
Kasempa,2011,337.5132075471698
Manyinga,2011,276.9462365591398
Mufumbwe,2011,328.23766816143495
Mushindano,2011,335.2280701754386
Mwinilunga,2011,275.1131221719457
Solwezi,2011,331.4761904761905
Zambezi,2011,279.0887573964497
Chilubi,2011,346.258064516129
Kaputa,2011,331.0483870967742
Kasama,2011,346.8515625
Lunte District,2011,339.7578947368421
Lupososhi,2011,340.17391304347825
Luwingu,2011,342.50877192982455
Mbala,2011,342.8157894736842
Mporokoso,2011,337.0425531914894
Mpulungu,2011,339.4227642276423
Mungwi,2011,348.9826086956522
Nsama,2011,336.74725274725273
Senga Hill,2011,347.12068965517244
Chikankanta,2011,348.5
Choma,2011,340.76271186440675
Gwembe,2011,348.75
Kalomo,2011,340.26
Kazungula,2011,283.1607142857143
Livingstone,2011,65.22222222222223
Mazabuka,2011,342.4347826086956
Monze,2011,341.6
Namwala,2011,339.1818181818182
Pemba,2011,342.64
Siavonga,2011,349.1304347826087
Sinazongwe,2011,321.6393442622951
Zimba,2011,282.3134328358209
Kalabo,2011,329.364406779661
Kaoma,2011,332.4818181818182
Limulunga,2011,331.9318181818182
Luampa,2011,337.6825396825397
Lukulu,2011,320.3247863247863
Mitete,2011,310.9342105263158
Mongu,2011,336.62666666666667
Mulobezi,2011,338.35333333333335
Mwandi,2011,319.61038961038963
Nalolo,2011,336.864406779661
Nkeyema,2011,337.9111111111111
Senanga,2011,337.9618320610687
Sesheke,2011,332.48201438848923
Shang'ombo,2011,337.1958762886598
Sikongo,2011,335.3152173913044
Sioma,2011,338.15
Chibombo,2012,308.2090909090909
Chisamba,2012,308.7936507936508
Chitambo,2012,313.2957746478873
Itezhi-tezhi,2012,311.9191919191919
Kabwe,2012,309.55555555555554
Kapiri Mposhi,2012,309.77064220183485
Luano,2012,315.0
Mkushi,2012,310.56
Mumbwa,2012,307.6033755274262
Ngabwe,2012,309.4125
Serenje,2012,311.7851851851852
Chililabombwe,2012,313.0
Chingola,2012,312.76190476190476
Kalulushi,2012,313.0
Kitwe,2012,313.0
Luanshya,2012,311.44444444444446
Lufwanyama,2012,312.2480620155039
Masaiti,2012,310.75
Mpongwe,2012,309.5892857142857
Mufulira,2012,313.0
Ndola,2012,311.9230769230769
Chadiza,2012,310.3125
Chasefu,2012,321.61538461538464
Chipangali,2012,314.80645161290323
Chipata,2012,311.85
Kasenengwa,2012,311.59090909090907
Katete,2012,310.73333333333335
Lumezi,2012,315.60655737704917
Lundazi,2012,317.0
Mambwe,2012,313.9154929577465
Nyimba,2012,314.2992125984252
Petauke,2012,311.0
Sinda,2012,310.1212121212121
Vubwi,2012,310.54545454545456
Chembe,2012,313.0
Chiengi,2012,293.0
Chifunabuli,2012,313.0
Chipili,2012,311.64150943396226
Kawambwa,2012,297.4468085106383
Lunga,2012,312.90697674418607
Mansa,2012,313.0
Milengi,2012,312.92
Mwansabombwe,2012,293.0
Mwense,2012,308.7692307692308
Nchelenge,2012,292.9591836734694
Samfya,2012,312.9
Chilanga,2012,307.1764705882353
Chirundu,2012,335.0
Chongwe,2012,313.7857142857143
Kafue,2012,324.1929824561403
Luangwa,2012,336.8541666666667
Lusaka,2012,308.0
Rufunsa,2012,335.16521739130434
Shibuyunji,2012,307.0
Chama,2012,324.2830188679245
Chinsali,2012,317.12820512820514
Isoka,2012,324.7258064516129
Kanchibiya,2012,317.6116504854369
Lavushimanda,2012,313.5433526011561
Mafinga,2012,324.48936170212767
Mpika,2012,318.0485436893204
Nakonde,2012,323.62745098039215
Shiwamg'andu,2012,313.7155963302752
Chavuma,2012,292.3888888888889
Ikelenge,2012,289.1666666666667
Kabompo,2012,312.2705882352941
Kalumbila,2012,295.3312101910828
Kasempa,2012,302.42641509433963
Manyinga,2012,303.23655913978496
Mufumbwe,2012,309.13004484304935
Mushindano,2012,304.0175438596491
Mwinilunga,2012,291.79638009049773
Solwezi,2012,296.23809523809524
Zambezi,2012,300.03550295857985
Chilubi,2012,313.0
Kaputa,2012,294.0483870967742
Kasama,2012,313.390625
Lunte District,2012,311.4736842105263
Lupososhi,2012,312.9782608695652
Luwingu,2012,313.0175438596491
Mbala,2012,323.63157894736844
Mporokoso,2012,293.82978723404256
Mpulungu,2012,320.4634146341463
Mungwi,2012,317.0695652173913
Nsama,2012,303.15384615384613
Senga Hill,2012,322.5689655172414
Chikankanta,2012,327.94444444444446
Choma,2012,318.8474576271187
Gwembe,2012,335.625
Kalomo,2012,307.4
Kazungula,2012,321.11160714285717
Livingstone,2012,334.77777777777777
Mazabuka,2012,313.82608695652175
Monze,2012,316.45
Namwala,2012,306.27272727272725
Pemba,2012,334.24
Siavonga,2012,335.2608695652174
Sinazongwe,2012,335.1967213114754
Zimba,2012,327.76119402985074
Kalabo,2012,318.02542372881356
Kaoma,2012,311.3272727272727
Limulunga,2012,313.40909090909093
Luampa,2012,309.36507936507934
Lukulu,2012,312.7264957264957
Mitete,2012,308.11842105263156
Mongu,2012,325.6933333333333
Mulobezi,2012,322.9266666666667
Mwandi,2012,331.4025974025974
Nalolo,2012,331.8474576271187
Nkeyema,2012,308.9111111111111
Senanga,2012,330.793893129771
Sesheke,2012,334.9280575539568
Shang'ombo,2012,334.4226804123711
Sikongo,2012,319.7608695652174
Sioma,2012,335.15
Chibombo,2013,303.06363636363636
Chisamba,2013,313.5079365079365
Chitambo,2013,320.6267605633803
Itezhi-tezhi,2013,302.1363636363636
Kabwe,2013,305.3888888888889
Kapiri Mposhi,2013,305.7155963302752
Luano,2013,321.3247863247863
Mkushi,2013,308.6
Mumbwa,2013,300.2447257383966
Ngabwe,2013,298.6375
Serenje,2013,316.162962962963
Chililabombwe,2013,298.0
Chingola,2013,298.0
Kalulushi,2013,298.0
Kitwe,2013,298.0
Luanshya,2013,298.0
Lufwanyama,2013,298.0
Masaiti,2013,303.29545454545456
Mpongwe,2013,298.13392857142856
Mufulira,2013,298.0
Ndola,2013,300.84615384615387
Chadiza,2013,335.0
Chasefu,2013,336.0
Chipangali,2013,335.0
Chipata,2013,335.0
Kasenengwa,2013,335.0
Katete,2013,335.0
Lumezi,2013,335.9016393442623
Lundazi,2013,336.0
Mambwe,2013,335.3521126760563
Nyimba,2013,331.8582677165354
Petauke,2013,334.1818181818182
Sinda,2013,335.0
Vubwi,2013,335.0
Chembe,2013,298.0
Chiengi,2013,296.1521739130435
Chifunabuli,2013,300.2432432432432
Chipili,2013,298.0
Kawambwa,2013,297.9148936170213
Lunga,2013,310.5348837209302
Mansa,2013,298.5652173913044
Milengi,2013,301.8933333333333
Mwansabombwe,2013,297.3125
Mwense,2013,298.0
Nchelenge,2013,297.0408163265306
Samfya,2013,306.275
Chilanga,2013,309.47058823529414
Chirundu,2013,338.45454545454544
Chongwe,2013,329.7142857142857
Kafue,2013,332.140350877193
Luangwa,2013,337.375
Lusaka,2013,307.0
Rufunsa,2013,336.4
Shibuyunji,2013,305.0
Chama,2013,330.22641509433964
Chinsali,2013,316.29487179487177
Isoka,2013,316.0
Kanchibiya,2013,321.43689320388347
Lavushimanda,2013,325.7630057803468
Mafinga,2013,322.74468085106383
Mpika,2013,334.18446601941747
Nakonde,2013,315.19607843137254
Shiwamg'andu,2013,318.9357798165138
Chavuma,2013,296.4074074074074
Ikelenge,2013,254.66666666666666
Kabompo,2013,298.0
Kalumbila,2013,297.859872611465
Kasempa,2013,298.0867924528302
Manyinga,2013,298.0
Mufumbwe,2013,298.0
Mushindano,2013,298.0
Mwinilunga,2013,286.1085972850679
Solwezi,2013,298.0
Zambezi,2013,297.7100591715976
Chilubi,2013,304.7741935483871
Kaputa,2013,296.6774193548387
Kasama,2013,310.1171875
Lunte District,2013,298.94736842105266
Lupososhi,2013,298.04347826086956
Luwingu,2013,302.3333333333333
Mbala,2013,305.1578947368421
Mporokoso,2013,298.0
Mpulungu,2013,298.1951219512195
Mungwi,2013,315.97391304347826
Nsama,2013,297.04395604395603
Senga Hill,2013,313.6034482758621
Chikankanta,2013,337.05555555555554
Choma,2013,332.1694915254237
Gwembe,2013,338.6458333333333
Kalomo,2013,327.78
Kazungula,2013,324.2232142857143
Livingstone,2013,353.1111111111111
Mazabuka,2013,314.6304347826087
Monze,2013,329.8333333333333
Namwala,2013,314.3484848484849
Pemba,2013,336.28
Siavonga,2013,338.5652173913044
Sinazongwe,2013,340.60655737704917
Zimba,2013,340.0149253731343
Kalabo,2013,297.9491525423729
Kaoma,2013,298.0
Limulunga,2013,298.0
Luampa,2013,298.0
Lukulu,2013,298.0
Mitete,2013,298.0
Mongu,2013,297.9866666666667
Mulobezi,2013,298.0133333333333
Mwandi,2013,310.38961038961037
Nalolo,2013,297.0169491525424
Nkeyema,2013,298.0
Senanga,2013,297.77862595419845
Sesheke,2013,310.0575539568345
Shang'ombo,2013,296.4742268041237
Sikongo,2013,297.60869565217394
Sioma,2013,299.19
Chibombo,2014,324.7090909090909
Chisamba,2014,325.23809523809524
Chitambo,2014,325.1901408450704
Itezhi-tezhi,2014,321.07575757575756
Kabwe,2014,324.0
Kapiri Mposhi,2014,323.4036697247706
Luano,2014,325.7521367521368
Mkushi,2014,323.84
Mumbwa,2014,324.126582278481
Ngabwe,2014,322.9875
Serenje,2014,324.3925925925926
Chililabombwe,2014,324.0
Chingola,2014,324.0
Kalulushi,2014,324.0
Kitwe,2014,324.0
Luanshya,2014,323.22222222222223
Lufwanyama,2014,323.8992248062016
Masaiti,2014,323.0
Mpongwe,2014,323.1607142857143
Mufulira,2014,324.0
Ndola,2014,323.61538461538464
Chadiza,2014,325.0
Chasefu,2014,327.9230769230769
Chipangali,2014,325.0
Chipata,2014,325.0
Kasenengwa,2014,325.0
Katete,2014,325.0
Lumezi,2014,327.172131147541
Lundazi,2014,327.47058823529414
Mambwe,2014,325.3943661971831
Nyimba,2014,326.1968503937008
Petauke,2014,325.6136363636364
Sinda,2014,325.0
Vubwi,2014,325.09090909090907
Chembe,2014,324.875
Chiengi,2014,322.1304347826087
Chifunabuli,2014,325.0
Chipili,2014,324.77358490566036
Kawambwa,2014,325.1808510638298
Lunga,2014,326.04651162790697
Mansa,2014,324.60869565217394
Milengi,2014,324.58666666666664
Mwansabombwe,2014,323.75
Mwense,2014,324.4230769230769
Nchelenge,2014,324.1224489795918
Samfya,2014,324.95
Chilanga,2014,319.70588235294116
Chirundu,2014,310.59090909090907
Chongwe,2014,322.92857142857144
Kafue,2014,314.10526315789474
Luangwa,2014,328.125
Lusaka,2014,325.0
Rufunsa,2014,327.02608695652174
Shibuyunji,2014,325.0
Chama,2014,329.9292452830189
Chinsali,2014,328.70512820512823
Isoka,2014,328.4193548387097
Kanchibiya,2014,328.6504854368932
Lavushimanda,2014,327.04624277456645
Mafinga,2014,328.8085106382979
Mpika,2014,329.72330097087377
Nakonde,2014,327.19607843137254
Shiwamg'andu,2014,328.61467889908255
Chavuma,2014,306.0740740740741
Ikelenge,2014,321.2916666666667
Kabompo,2014,322.7176470588235
Kalumbila,2014,323.3503184713376
Kasempa,2014,323.05283018867925
Manyinga,2014,323.19354838709677
Mufumbwe,2014,322.39461883408075
Mushindano,2014,323.94736842105266
Mwinilunga,2014,322.4343891402715
Solwezi,2014,323.4761904761905
Zambezi,2014,313.6923076923077
Chilubi,2014,326.3709677419355
Kaputa,2014,323.0967741935484
Kasama,2014,327.671875
Lunte District,2014,327.1684210526316
Lupososhi,2014,325.0
Luwingu,2014,326.12280701754383
Mbala,2014,326.3421052631579
Mporokoso,2014,326.78723404255317
Mpulungu,2014,326.2032520325203
Mungwi,2014,328.1304347826087
Nsama,2014,324.5934065934066
Senga Hill,2014,327.8965517241379
Chikankanta,2014,310.0
Choma,2014,253.6271186440678
Gwembe,2014,311.8125
Kalomo,2014,193.9
Kazungula,2014,174.22321428571428
Livingstone,2014,148.55555555555554
Mazabuka,2014,320.54347826086956
Monze,2014,320.15
Namwala,2014,324.9848484848485
Pemba,2014,296.4
Siavonga,2014,314.95652173913044
Sinazongwe,2014,39.98360655737705
Zimba,2014,34.04477611940298
Kalabo,2014,307.0
Kaoma,2014,311.22727272727275
Limulunga,2014,307.0
Luampa,2014,307.0079365079365
Lukulu,2014,308.37606837606836
Mitete,2014,306.92105263157896
Mongu,2014,307.0
Mulobezi,2014,306.94666666666666
Mwandi,2014,226.35064935064935
Nalolo,2014,307.0
Nkeyema,2014,308.8666666666667
Senanga,2014,306.69465648854964
Sesheke,2014,303.0575539568345
Shang'ombo,2014,307.02061855670104
Sikongo,2014,307.0
Sioma,2014,306.74
Chibombo,2015,323.0
Chisamba,2015,323.0
Chitambo,2015,325.14084507042253
Itezhi-tezhi,2015,322.74747474747477
Kabwe,2015,323.0
Kapiri Mposhi,2015,323.0
Luano,2015,323.1111111111111
Mkushi,2015,323.01
Mumbwa,2015,322.56540084388183
Ngabwe,2015,323.0
Serenje,2015,323.9555555555556
Chililabombwe,2015,323.75
Chingola,2015,323.7142857142857
Kalulushi,2015,323.0
Kitwe,2015,323.0
Luanshya,2015,323.0
Lufwanyama,2015,323.4651162790698
Masaiti,2015,323.0
Mpongwe,2015,323.0267857142857
Mufulira,2015,323.0
Ndola,2015,323.0
Chadiza,2015,326.0
Chasefu,2015,350.84615384615387
Chipangali,2015,326.0
Chipata,2015,326.0
Kasenengwa,2015,326.0
Katete,2015,326.0
Lumezi,2015,335.9918032786885
Lundazi,2015,350.6470588235294
Mambwe,2015,326.0
Nyimba,2015,324.48818897637796
Petauke,2015,325.95454545454544
Sinda,2015,326.0
Vubwi,2015,326.1818181818182
Chembe,2015,324.0
Chiengi,2015,324.0
Chifunabuli,2015,324.94594594594594
Chipili,2015,324.49056603773585
Kawambwa,2015,324.01063829787233
Lunga,2015,325.0
Mansa,2015,324.19565217391306
Milengi,2015,323.6
Mwansabombwe,2015,324.3125
Mwense,2015,325.0
Nchelenge,2015,324.0
Samfya,2015,324.65
Chilanga,2015,323.0
Chirundu,2015,323.0
Chongwe,2015,323.0
Kafue,2015,323.0
Luangwa,2015,323.6875
Lusaka,2015,323.0
Rufunsa,2015,323.09565217391304
Shibuyunji,2015,323.0
Chama,2015,332.9292452830189
Chinsali,2015,325.93589743589746
Isoka,2015,326.0
Kanchibiya,2015,325.97087378640776
Lavushimanda,2015,325.87861271676303
Mafinga,2015,333.6170212765957
Mpika,2015,326.7669902912621
Nakonde,2015,325.70588235294116
Shiwamg'andu,2015,325.8807339449541
Chavuma,2015,309.6296296296296
Ikelenge,2015,300.7916666666667
Kabompo,2015,323.32941176470587
Kalumbila,2015,322.8471337579618
Kasempa,2015,323.59622641509435
Manyinga,2015,321.7956989247312
Mufumbwe,2015,323.76233183856505
Mushindano,2015,324.9824561403509
Mwinilunga,2015,314.33031674208144
Solwezi,2015,324.8095238095238
Zambezi,2015,317.9230769230769
Chilubi,2015,325.0
Kaputa,2015,324.0
Kasama,2015,324.671875
Lunte District,2015,324.22105263157897
Lupososhi,2015,324.6521739130435
Luwingu,2015,324.859649122807
Mbala,2015,324.10526315789474
Mporokoso,2015,324.0
Mpulungu,2015,324.0894308943089
Mungwi,2015,324.9304347826087
Nsama,2015,324.27472527472526
Senga Hill,2015,324.63793103448273
Chikankanta,2015,323.0
Choma,2015,323.20338983050846
Gwembe,2015,324.7291666666667
Kalomo,2015,323.12
Kazungula,2015,322.42857142857144
Livingstone,2015,323.0
Mazabuka,2015,323.0
Monze,2015,323.0
Namwala,2015,323.0
Pemba,2015,323.24
Siavonga,2015,323.5217391304348
Sinazongwe,2015,325.8524590163934
Zimba,2015,323.7761194029851
Kalabo,2015,323.08474576271186
Kaoma,2015,324.6545454545454
Limulunga,2015,325.0
Luampa,2015,323.3174603174603
Lukulu,2015,324.5128205128205
Mitete,2015,319.0263157894737
Mongu,2015,324.68
Mulobezi,2015,322.1
Mwandi,2015,321.3246753246753
Nalolo,2015,324.6949152542373
Nkeyema,2015,322.3777777777778
Senanga,2015,323.2290076335878
Sesheke,2015,321.55395683453236
Shang'ombo,2015,320.4639175257732
Sikongo,2015,320.79347826086956
Sioma,2015,321.1
Chibombo,2016,326.3272727272727
Chisamba,2016,327.6825396825397
Chitambo,2016,327.34507042253523
Itezhi-tezhi,2016,325.35858585858585
Kabwe,2016,327.05555555555554
Kapiri Mposhi,2016,326.70642201834863
Luano,2016,328.1709401709402
Mkushi,2016,327.2
Mumbwa,2016,324.71729957805906
Ngabwe,2016,323.925
Serenje,2016,327.45185185185187
Chililabombwe,2016,322.0
Chingola,2016,322.04761904761904
Kalulushi,2016,322.3333333333333
Kitwe,2016,323.0
Luanshya,2016,323.77777777777777
Lufwanyama,2016,322.14728682170545
Masaiti,2016,325.6818181818182
Mpongwe,2016,323.63392857142856
Mufulira,2016,322.75
Ndola,2016,324.7692307692308
Chadiza,2016,330.0
Chasefu,2016,331.4230769230769
Chipangali,2016,330.61290322580646
Chipata,2016,330.0
Kasenengwa,2016,330.0
Katete,2016,329.8666666666667
Lumezi,2016,330.9918032786885
Lundazi,2016,331.0
Mambwe,2016,330.0422535211268
Nyimba,2016,328.53543307086613
Petauke,2016,329.1818181818182
Sinda,2016,329.1212121212121
Vubwi,2016,330.1818181818182
Chembe,2016,322.0
Chiengi,2016,320.0869565217391
Chifunabuli,2016,322.5135135135135
Chipili,2016,322.0
Kawambwa,2016,321.8085106382979
Lunga,2016,324.6744186046512
Mansa,2016,322.05434782608694
Milengi,2016,323.2
Mwansabombwe,2016,321.3125
Mwense,2016,322.0
Nchelenge,2016,320.9591836734694
Samfya,2016,324.1
Chilanga,2016,327.6470588235294
Chirundu,2016,328.90909090909093
Chongwe,2016,328.0
Kafue,2016,328.10526315789474
Luangwa,2016,329.1041666666667
Lusaka,2016,328.0
Rufunsa,2016,328.89565217391305
Shibuyunji,2016,327.25
Chama,2016,330.4481132075472
Chinsali,2016,326.5128205128205
Isoka,2016,327.66129032258067
Kanchibiya,2016,327.84466019417476
Lavushimanda,2016,328.5606936416185
Mafinga,2016,330.36170212765956
Mpika,2016,330.68932038834953
Nakonde,2016,324.62745098039215
Shiwamg'andu,2016,327.0642201834862
Chavuma,2016,321.3703703703704
Ikelenge,2016,303.4166666666667
Kabompo,2016,322.0
Kalumbila,2016,321.37579617834393
Kasempa,2016,322.0037735849057
Manyinga,2016,321.4623655913978
Mufumbwe,2016,322.0224215246637
Mushindano,2016,321.49122807017545
Mwinilunga,2016,320.3891402714932
Solwezi,2016,321.34013605442175
Zambezi,2016,322.0
Chilubi,2016,323.9516129032258
Kaputa,2016,320.2741935483871
Kasama,2016,325.046875
Lunte District,2016,322.5578947368421
Lupososhi,2016,322.0
Luwingu,2016,323.0
Mbala,2016,323.44736842105266
Mporokoso,2016,321.5744680851064
Mpulungu,2016,322.4227642276423
Mungwi,2016,325.1391304347826
Nsama,2016,320.9010989010989
Senga Hill,2016,324.17241379310343
Chikankanta,2016,328.0
Choma,2016,327.3050847457627
Gwembe,2016,333.875
Kalomo,2016,327.05
Kazungula,2016,271.625
Livingstone,2016,237.66666666666666
Mazabuka,2016,327.7391304347826
Monze,2016,327.7
Namwala,2016,326.09090909090907
Pemba,2016,328.2
Siavonga,2016,331.3478260869565
Sinazongwe,2016,175.49180327868854
Zimba,2016,278.8358208955224
Kalabo,2016,322.93220338983053
Kaoma,2016,322.2181818181818
Limulunga,2016,322.77272727272725
Luampa,2016,323.36507936507934
Lukulu,2016,322.1709401709402
Mitete,2016,322.2894736842105
Mongu,2016,323.08
Mulobezi,2016,312.3
Mwandi,2016,198.16883116883116
Nalolo,2016,323.9830508474576
Nkeyema,2016,322.97777777777776
Senanga,2016,323.8320610687023
Sesheke,2016,289.75539568345323
Shang'ombo,2016,323.659793814433
Sikongo,2016,322.9021739130435
Sioma,2016,325.23
Chibombo,2017,330.1
Chisamba,2017,330.25396825396825
Chitambo,2017,329.09154929577466
Itezhi-tezhi,2017,330.8787878787879
Kabwe,2017,329.6666666666667
Kapiri Mposhi,2017,328.9816513761468
Luano,2017,330.37606837606836
Mkushi,2017,329.02
Mumbwa,2017,330.13502109704643
Ngabwe,2017,328.5875
Serenje,2017,329.06666666666666
Chililabombwe,2017,327.25
Chingola,2017,327.2857142857143
Kalulushi,2017,328.0
Kitwe,2017,328.0
Luanshya,2017,328.0
Lufwanyama,2017,327.7984496124031
Masaiti,2017,328.0
Mpongwe,2017,328.0
Mufulira,2017,328.0
Ndola,2017,328.0
Chadiza,2017,331.75
Chasefu,2017,334.9230769230769
Chipangali,2017,333.2903225806452
Chipata,2017,333.45
Kasenengwa,2017,330.8181818181818
Katete,2017,330.0
Lumezi,2017,332.45081967213116
Lundazi,2017,335.1764705882353
Mambwe,2017,330.23943661971833
Nyimba,2017,330.3543307086614
Petauke,2017,330.10227272727275
Sinda,2017,330.0
Vubwi,2017,334.3636363636364
Chembe,2017,327.875
Chiengi,2017,321.0869565217391
Chifunabuli,2017,326.97297297297297
Chipili,2017,323.7169811320755
Kawambwa,2017,322.9574468085106
Lunga,2017,328.0
Mansa,2017,326.7282608695652
Milengi,2017,327.97333333333336
Mwansabombwe,2017,322.3125
Mwense,2017,323.84615384615387
Nchelenge,2017,321.9591836734694
Samfya,2017,328.0
Chilanga,2017,331.0
Chirundu,2017,331.0
Chongwe,2017,331.0
Kafue,2017,331.0
Luangwa,2017,331.9791666666667
Lusaka,2017,331.0
Rufunsa,2017,331.03478260869565
Shibuyunji,2017,331.0
Chama,2017,331.67452830188677
Chinsali,2017,326.64102564102564
Isoka,2017,327.38709677419354
Kanchibiya,2017,328.9611650485437
Lavushimanda,2017,329.36416184971097
Mafinga,2017,329.8510638297872
Mpika,2017,329.6456310679612
Nakonde,2017,326.0
Shiwamg'andu,2017,328.348623853211
Chavuma,2017,318.55555555555554
Ikelenge,2017,307.75
Kabompo,2017,325.5764705882353
Kalumbila,2017,322.0191082802548
Kasempa,2017,328.1320754716981
Manyinga,2017,322.48387096774195
Mufumbwe,2017,327.73991031390136
Mushindano,2017,325.2105263157895
Mwinilunga,2017,315.1628959276018
Solwezi,2017,325.3945578231293
Zambezi,2017,324.1242603550296
Chilubi,2017,327.2741935483871
Kaputa,2017,321.4516129032258
Kasama,2017,326.3125
Lunte District,2017,324.30526315789473
Lupososhi,2017,324.8478260869565
Luwingu,2017,325.4035087719298
Mbala,2017,325.44736842105266
Mporokoso,2017,322.59574468085106
Mpulungu,2017,323.9268292682927
Mungwi,2017,326.0
Nsama,2017,322.2087912087912
Senga Hill,2017,325.9655172413793
Chikankanta,2017,331.0
Choma,2017,331.271186440678
Gwembe,2017,331.9791666666667
Kalomo,2017,331.09
Kazungula,2017,331.2857142857143
Livingstone,2017,331.77777777777777
Mazabuka,2017,331.0
Monze,2017,331.0
Namwala,2017,331.0151515151515
Pemba,2017,331.32
Siavonga,2017,331.0
Sinazongwe,2017,333.8196721311475
Zimba,2017,332.4029850746269
Kalabo,2017,328.52542372881356
Kaoma,2017,329.2090909090909
Limulunga,2017,329.1136363636364
Luampa,2017,329.968253968254
Lukulu,2017,328.52991452991455
Mitete,2017,327.44736842105266
Mongu,2017,329.76
Mulobezi,2017,330.31333333333333
Mwandi,2017,331.0
Nalolo,2017,329.9830508474576
Nkeyema,2017,330.0
Senanga,2017,330.0610687022901
Sesheke,2017,330.9424460431655
Shang'ombo,2017,329.0412371134021
Sikongo,2017,328.0108695652174
Sioma,2017,330.07
Chibombo,2018,327.8181818181818
Chisamba,2018,332.5079365079365
Chitambo,2018,330.48591549295776
Itezhi-tezhi,2018,318.8333333333333
Kabwe,2018,331.55555555555554
Kapiri Mposhi,2018,330.79816513761466
Luano,2018,332.45299145299145
Mkushi,2018,331.04
Mumbwa,2018,318.52742616033754
Ngabwe,2018,320.4875
Serenje,2018,329.94074074074075
Chililabombwe,2018,317.75
Chingola,2018,316.95238095238096
Kalulushi,2018,318.3333333333333
Kitwe,2018,321.4
Luanshya,2018,325.8888888888889
Lufwanyama,2018,317.6744186046512
Masaiti,2018,328.95454545454544
Mpongwe,2018,321.35714285714283
Mufulira,2018,320.75
Ndola,2018,326.53846153846155
Chadiza,2018,331.3125
Chasefu,2018,337.5769230769231
Chipangali,2018,331.93548387096774
Chipata,2018,331.0
Kasenengwa,2018,331.04545454545456
Katete,2018,331.0
Lumezi,2018,332.9918032786885
Lundazi,2018,334.5882352941176
Mambwe,2018,331.6056338028169
Nyimba,2018,332.40944881889766
Petauke,2018,331.0113636363636
Sinda,2018,331.0
Vubwi,2018,331.54545454545456
Chembe,2018,319.875
Chiengi,2018,298.95652173913044
Chifunabuli,2018,322.64864864864865
Chipili,2018,300.4339622641509
Kawambwa,2018,300.0
Lunga,2018,327.5348837209302
Mansa,2018,316.9673913043478
Milengi,2018,325.37333333333333
Mwansabombwe,2018,300.0
Mwense,2018,300.2692307692308
Nchelenge,2018,300.0
Samfya,2018,327.05
Chilanga,2018,331.94117647058823
Chirundu,2018,335.0
Chongwe,2018,333.07142857142856
Kafue,2018,333.8421052631579
Luangwa,2018,336.5833333333333
Lusaka,2018,332.0
Rufunsa,2018,334.60869565217394
Shibuyunji,2018,331.55
Chama,2018,337.62264150943395
Chinsali,2018,336.2435897435897
Isoka,2018,336.46774193548384
Kanchibiya,2018,334.8543689320388
Lavushimanda,2018,332.0115606936416
Mafinga,2018,337.6595744680851
Mpika,2018,334.00485436893206
Nakonde,2018,335.4313725490196
Shiwamg'andu,2018,336.41284403669727
Chavuma,2018,312.6296296296296
Ikelenge,2018,304.9166666666667
Kabompo,2018,318.0
Kalumbila,2018,311.71974522292993
Kasempa,2018,317.1547169811321
Manyinga,2018,316.02150537634407
Mufumbwe,2018,317.7309417040359
Mushindano,2018,315.43859649122805
Mwinilunga,2018,307.9366515837104
Solwezi,2018,315.0612244897959
Zambezi,2018,316.81065088757396
Chilubi,2018,327.06451612903226
Kaputa,2018,299.1774193548387
Kasama,2018,328.734375
Lunte District,2018,302.70526315789476
Lupososhi,2018,310.04347826086956
Luwingu,2018,316.70175438596493
Mbala,2018,317.7105263157895
Mporokoso,2018,300.0
Mpulungu,2018,300.8292682926829
Mungwi,2018,334.83478260869566
Nsama,2018,299.31868131868134
Senga Hill,2018,331.82758620689657
Chikankanta,2018,333.05555555555554
Choma,2018,320.5762711864407
Gwembe,2018,333.7291666666667
Kalomo,2018,319.0
Kazungula,2018,319.63839285714283
Livingstone,2018,320.3333333333333
Mazabuka,2018,331.7608695652174
Monze,2018,326.31666666666666
Namwala,2018,320.6363636363636
Pemba,2018,324.44
Siavonga,2018,334.5652173913044
Sinazongwe,2018,328.3114754098361
Zimba,2018,320.17910447761193
Kalabo,2018,135.34745762711864
Kaoma,2018,317.27272727272725
Limulunga,2018,317.1136363636364
Luampa,2018,318.36507936507934
Lukulu,2018,317.1025641025641
Mitete,2018,317.42105263157896
Mongu,2018,314.61333333333334
Mulobezi,2018,321.62666666666667
Mwandi,2018,322.4805194805195
Nalolo,2018,296.2542372881356
Nkeyema,2018,317.9555555555556
Senanga,2018,322.3206106870229
Sesheke,2018,322.9640287769784
Shang'ombo,2018,190.58762886597938
Sikongo,2018,33.5
Sioma,2018,280.32
Chibombo,2019,306.73636363636365
Chisamba,2019,217.73015873015873
Chitambo,2019,344.38028169014086
Itezhi-tezhi,2019,216.87878787878788
Kabwe,2019,344.0
Kapiri Mposhi,2019,343.9449541284404
Luano,2019,262.5982905982906
Mkushi,2019,343.98
Mumbwa,2019,341.9957805907173
Ngabwe,2019,343.775
Serenje,2019,344.2518518518518
Chililabombwe,2019,344.0
Chingola,2019,344.0
Kalulushi,2019,344.0
Kitwe,2019,344.0
Luanshya,2019,344.0
Lufwanyama,2019,344.0
Masaiti,2019,343.97727272727275
Mpongwe,2019,343.92857142857144
Mufulira,2019,344.0
Ndola,2019,344.0
Chadiza,2019,346.0
Chasefu,2019,343.1923076923077
Chipangali,2019,346.0
Chipata,2019,346.0
Kasenengwa,2019,346.0
Katete,2019,345.9
Lumezi,2019,345.5245901639344
Lundazi,2019,344.52941176470586
Mambwe,2019,345.943661971831
Nyimba,2019,250.84251968503938
Petauke,2019,306.9886363636364
Sinda,2019,346.0
Vubwi,2019,346.27272727272725
Chembe,2019,344.0
Chiengi,2019,343.32608695652175
Chifunabuli,2019,344.0
Chipili,2019,343.9622641509434
Kawambwa,2019,343.6595744680851
Lunga,2019,344.0
Mansa,2019,344.0
Milengi,2019,344.0
Mwansabombwe,2019,344.0
Mwense,2019,344.0
Nchelenge,2019,343.9591836734694
Samfya,2019,344.0
Chilanga,2019,24.176470588235293
Chirundu,2019,3.0
Chongwe,2019,3.0
Kafue,2019,3.0
Luangwa,2019,3.0
Lusaka,2019,3.0
Rufunsa,2019,2.7130434782608694
Shibuyunji,2019,165.8
Chama,2019,341.8632075471698
Chinsali,2019,340.94871794871796
Isoka,2019,339.98387096774195
Kanchibiya,2019,343.99029126213594
Lavushimanda,2019,344.4104046242775
Mafinga,2019,340.1276595744681
Mpika,2019,344.0873786407767
Nakonde,2019,339.80392156862746
Shiwamg'andu,2019,342.5963302752294
Chavuma,2019,303.64814814814815
Ikelenge,2019,331.8333333333333
Kabompo,2019,322.3764705882353
Kalumbila,2019,341.61783439490443
Kasempa,2019,343.62264150943395
Manyinga,2019,336.35483870967744
Mufumbwe,2019,342.88789237668163
Mushindano,2019,342.7368421052632
Mwinilunga,2019,334.5113122171946
Solwezi,2019,343.6462585034014
Zambezi,2019,305.1065088757396
Chilubi,2019,343.7258064516129
Kaputa,2019,342.758064516129
Kasama,2019,342.8203125
Lunte District,2019,342.8315789473684
Lupososhi,2019,343.60869565217394
Luwingu,2019,343.0701754385965
Mbala,2019,341.2631578947368
Mporokoso,2019,343.1063829787234
Mpulungu,2019,342.5853658536585
Mungwi,2019,341.2608695652174
Nsama,2019,342.94505494505495
Senga Hill,2019,340.91379310344826
Chikankanta,2019,3.0
Choma,2019,3.9491525423728815
Gwembe,2019,3.9791666666666665
Kalomo,2019,4.34
Kazungula,2019,4.401785714285714
Livingstone,2019,5.0
Mazabuka,2019,2.9782608695652173
Monze,2019,3.0833333333333335
Namwala,2019,68.39393939393939
Pemba,2019,4.04
Siavonga,2019,3.4347826086956523
Sinazongwe,2019,4.934426229508197
Zimba,2019,5.0
Kalabo,2019,305.7457627118644
Kaoma,2019,322.8727272727273
Limulunga,2019,305.3636363636364
Luampa,2019,322.13492063492066
Lukulu,2019,312.2735042735043
Mitete,2019,304.75
Mongu,2019,305.50666666666666
Mulobezi,2019,143.33333333333334
Mwandi,2019,3.7012987012987013
Nalolo,2019,305.0
Nkeyema,2019,341.97777777777776
Senanga,2019,280.0610687022901
Sesheke,2019,3.0215827338129495
Shang'ombo,2019,283.0412371134021
Sikongo,2019,305.9673913043478
Sioma,2019,159.23
Chibombo,2020,332.9727272727273
Chisamba,2020,330.6984126984127
Chitambo,2020,336.943661971831
Itezhi-tezhi,2020,217.23737373737373
Kabwe,2020,331.8888888888889
Kapiri Mposhi,2020,331.51376146788994
Luano,2020,334.3162393162393
Mkushi,2020,335.33
Mumbwa,2020,336.042194092827
Ngabwe,2020,335.7
Serenje,2020,336.4592592592593
Chililabombwe,2020,336.0
Chingola,2020,336.0
Kalulushi,2020,336.0
Kitwe,2020,336.06666666666666
Luanshya,2020,336.77777777777777
Lufwanyama,2020,336.09302325581393
Masaiti,2020,336.15909090909093
Mpongwe,2020,335.89285714285717
Mufulira,2020,336.0
Ndola,2020,337.0
Chadiza,2020,337.0625
Chasefu,2020,341.0
Chipangali,2020,338.7096774193548
Chipata,2020,338.0
Kasenengwa,2020,338.0
Katete,2020,336.06666666666666
Lumezi,2020,339.8606557377049
Lundazi,2020,341.0
Mambwe,2020,337.49295774647885
Nyimba,2020,334.76377952755905
Petauke,2020,334.9318181818182
Sinda,2020,335.030303030303
Vubwi,2020,338.27272727272725
Chembe,2020,336.0
Chiengi,2020,315.8695652173913
Chifunabuli,2020,333.1621621621622
Chipili,2020,316.35849056603774
Kawambwa,2020,316.0
Lunga,2020,337.0
Mansa,2020,328.35869565217394
Milengi,2020,336.5733333333333
Mwansabombwe,2020,316.0
Mwense,2020,316.4230769230769
Nchelenge,2020,315.9591836734694
Samfya,2020,336.925
Chilanga,2020,330.11764705882354
Chirundu,2020,20.863636363636363
Chongwe,2020,329.85714285714283
Kafue,2020,280.2105263157895
Luangwa,2020,151.0
Lusaka,2020,330.0
Rufunsa,2020,330.4782608695652
Shibuyunji,2020,331.35
Chama,2020,340.2311320754717
Chinsali,2020,338.56410256410254
Isoka,2020,338.85483870967744
Kanchibiya,2020,337.1456310679612
Lavushimanda,2020,337.42774566473986
Mafinga,2020,340.6595744680851
Mpika,2020,338.747572815534
Nakonde,2020,338.11764705882354
Shiwamg'andu,2020,338.35779816513764
Chavuma,2020,299.0
Ikelenge,2020,297.1666666666667
Kabompo,2020,300.74117647058824
Kalumbila,2020,302.35668789808915
Kasempa,2020,336.5245283018868
Manyinga,2020,301.2795698924731
Mufumbwe,2020,332.4439461883408
Mushindano,2020,322.3157894736842
Mwinilunga,2020,298.00904977375563
Solwezi,2020,324.8775510204082
Zambezi,2020,299.0
Chilubi,2020,336.43548387096774
Kaputa,2020,315.7741935483871
Kasama,2020,336.28125
Lunte District,2020,333.4
Lupososhi,2020,318.2608695652174
Luwingu,2020,331.4035087719298
Mbala,2020,336.3157894736842
Mporokoso,2020,322.468085106383
Mpulungu,2020,335.5934959349593
Mungwi,2020,337.5739130434783
Nsama,2020,328.31868131868134
Senga Hill,2020,337.2068965517241
Chikankanta,2020,123.66666666666667
Choma,2020,21.47457627118644
Gwembe,2020,21.0
Kalomo,2020,21.95
Kazungula,2020,41.45982142857143
Livingstone,2020,22.0
Mazabuka,2020,256.0217391304348
Monze,2020,67.71666666666667
Namwala,2020,158.77272727272728
Pemba,2020,21.04
Siavonga,2020,21.0
Sinazongwe,2020,21.934426229508198
Zimba,2020,22.0
Kalabo,2020,335.6186440677966
Kaoma,2020,335.56363636363636
Limulunga,2020,336.54545454545456
Luampa,2020,336.8015873015873
Lukulu,2020,320.3931623931624
Mitete,2020,306.5657894736842
Mongu,2020,336.70666666666665
Mulobezi,2020,305.5133333333333
Mwandi,2020,106.84415584415585
Nalolo,2020,336.3898305084746
Nkeyema,2020,337.02222222222224
Senanga,2020,335.58015267175574
Sesheke,2020,259.42446043165467
Shang'ombo,2020,334.4845360824742
Sikongo,2020,335.7282608695652
Sioma,2020,333.96
Chibombo,2021,322.22727272727275
Chisamba,2021,323.74603174603175
Chitambo,2021,325.2323943661972
Itezhi-tezhi,2021,321.969696969697
Kabwe,2021,323.05555555555554
Kapiri Mposhi,2021,323.0366972477064
Luano,2021,324.7606837606838
Mkushi,2021,323.49
Mumbwa,2021,321.8523206751055
Ngabwe,2021,321.9625
Serenje,2021,324.44444444444446
Chililabombwe,2021,321.25
Chingola,2021,321.04761904761904
Kalulushi,2021,321.3333333333333
Kitwe,2021,322.0
Luanshya,2021,322.0
Lufwanyama,2021,321.31007751937983
Masaiti,2021,322.84090909090907
Mpongwe,2021,321.8125
Mufulira,2021,322.0
Ndola,2021,322.6923076923077
Chadiza,2021,331.1875
Chasefu,2021,362.2692307692308
Chipangali,2021,358.7096774193548
Chipata,2021,351.95
Kasenengwa,2021,329.8636363636364
Katete,2021,327.0
Lumezi,2021,355.92622950819674
Lundazi,2021,361.11764705882354
Mambwe,2021,341.15492957746477
Nyimba,2021,326.0551181102362
Petauke,2021,326.97727272727275
Sinda,2021,327.0
Vubwi,2021,341.6363636363636
Chembe,2021,322.875
Chiengi,2021,305.2608695652174
Chifunabuli,2021,323.0
Chipili,2021,323.0
Kawambwa,2021,322.9148936170213
Lunga,2021,323.3953488372093
Mansa,2021,322.9782608695652
Milengi,2021,323.0
Mwansabombwe,2021,322.3125
Mwense,2021,323.0
Nchelenge,2021,321.18367346938777
Samfya,2021,323.0
Chilanga,2021,322.7647058823529
Chirundu,2021,325.8636363636364
Chongwe,2021,324.57142857142856
Kafue,2021,324.35087719298247
Luangwa,2021,326.3125
Lusaka,2021,323.0
Rufunsa,2021,325.5913043478261
Shibuyunji,2021,322.0
Chama,2021,347.4009433962264
Chinsali,2021,325.0128205128205
Isoka,2021,325.3225806451613
Kanchibiya,2021,325.6019417475728
Lavushimanda,2021,326.02890173410407
Mafinga,2021,342.1489361702128
Mpika,2021,327.873786407767
Nakonde,2021,324.3137254901961
Shiwamg'andu,2021,325.5321100917431
Chavuma,2021,305.1666666666667
Ikelenge,2021,303.1666666666667
Kabompo,2021,307.0470588235294
Kalumbila,2021,313.7261146496815
Kasempa,2021,321.1283018867924
Manyinga,2021,307.2795698924731
Mufumbwe,2021,320.35874439461884
Mushindano,2021,321.0
Mwinilunga,2021,304.57013574660635
Solwezi,2021,321.0
Zambezi,2021,306.63313609467457
Chilubi,2021,323.30645161290323
Kaputa,2021,314.4193548387097
Kasama,2021,323.65625
Lunte District,2021,323.0
Lupososhi,2021,323.0
Luwingu,2021,323.2280701754386
Mbala,2021,323.0
Mporokoso,2021,323.0
Mpulungu,2021,322.9918699186992
Mungwi,2021,323.5217391304348
Nsama,2021,320.967032967033
Senga Hill,2021,323.1551724137931
Chikankanta,2021,323.80555555555554
Choma,2021,322.0
Gwembe,2021,324.0625
Kalomo,2021,322.0
Kazungula,2021,322.0
Livingstone,2021,322.0
Mazabuka,2021,322.2826086956522
Monze,2021,322.3833333333333
Namwala,2021,322.0
Pemba,2021,322.2
Siavonga,2021,325.3478260869565
Sinazongwe,2021,323.11475409836066
Zimba,2021,322.04477611940297
Kalabo,2021,320.50847457627117
Kaoma,2021,321.0
Limulunga,2021,321.0
Luampa,2021,321.1984126984127
Lukulu,2021,321.0
Mitete,2021,317.55263157894734
Mongu,2021,321.0
Mulobezi,2021,321.38
Mwandi,2021,322.7402597402597
Nalolo,2021,321.0
Nkeyema,2021,321.0
Senanga,2021,321.12213740458014
Sesheke,2021,324.47482014388487
Shang'ombo,2021,323.12371134020617
Sikongo,2021,320.9021739130435
Sioma,2021,324.35
