term,Coef.,Std.Err.,t,P>|t|,[0.025,0.975],district
Intercept,5.5864054846951755e-14,3.724625786821993e-14,1.499856845877054,0.15754094778715633,-2.4601593222014957e-14,1.3632970291591845e-13,Chadiza
mean_spei_lag4,0.10119480478181421,0.18513861106907661,0.5465894131832806,0.5939187629377856,-0.2987728476725448,0.5011624572361733,Chadiza
pop_density_wi,-1.2825232855262625,2.8653804776051444,-0.4475926654592769,0.661814694696218,-7.4728014581797035,4.9077548871271786,Chadiza
spei4_x_popdens,-0.14035494565848117,4.272718216042932,-0.0328490994635418,0.9742939240097517,-9.371001457487646,9.090291566170682,Chadiza
percent_forest_2000,8.866367313345306e-07,9.748582711835305e-09,90.95032145114857,1.2842926762251227e-19,8.655761987989639e-07,9.076972638700974e-07,Chadiza
Intercept,2.445491044982302e-13,2.40621104864425e-13,1.0163244185750806,0.32801756852821606,-2.75281188533892e-13,7.643793975303524e-13,Chama
mean_spei_lag4,0.18620724025274296,0.19206355208119427,0.9695084686032696,0.34998450799299796,-0.22872083771203647,0.6011353182175224,Chama
pop_density_wi,18.484488436912923,10.885389747938282,1.6981007446622596,0.11328099308066696,-5.031966387894986,42.000943261720835,Chama
spei4_x_popdens,-1.2571645805125897,15.769415439201468,-0.07972169833178357,0.9376727669592363,-35.32491542607581,32.81058626505064,Chama
percent_forest_2000,6.17402745996455e-07,4.239019384315138e-09,145.64754015537568,2.835968475503505e-22,6.082449013844499e-07,6.2656059060846e-07,Chama
Intercept,3.3080449183516566e-14,4.7563885183694e-15,6.9549510212965755,9.99236062801884e-06,2.2804896510480276e-14,4.3356001856552856e-14,Chasefu
mean_spei_lag4,0.21069172018614327,0.24273846956097828,0.8679782836532033,0.4011455787538617,-0.31371286117070984,0.7350963015429963,Chasefu
pop_density_wi,-8.109943917103612,3.71084985783333,-2.1854680808451787,0.04775416964722097,-16.126747638799543,-0.09314019540768115,Chasefu
spei4_x_popdens,-4.9114609627601356,4.48746786310251,-1.094483818623826,0.29360751075447833,-14.606045881082878,4.783123955562606,Chasefu
percent_forest_2000,8.009758487210279e-07,8.252182434486493e-09,97.06230504232303,5.520337239695993e-20,7.831480924421651e-07,8.188036049998907e-07,Chasefu
Intercept,-1.0856344413958541e-13,1.682535690558692e-12,-0.06452370951105146,0.9495348756345943,-3.743460813399569e-12,3.5263339251203982e-12,Chavuma
mean_spei_lag4,-0.7580582982722122,0.5572098827001412,-1.3604537927410671,0.19680916696939688,-1.9618370639279146,0.44572046738349025,Chavuma
pop_density_wi,69.10650656375987,99.58545644660128,0.6939417564533177,0.4999317652570271,-146.03479218284085,284.2478053103606,Chavuma
spei4_x_popdens,71.75453966881187,164.48241692224988,0.4362444388370699,0.669816591840148,-283.5881183889693,427.097197726593,Chavuma
percent_forest_2000,1.2706326545963034e-06,4.6895988194657616e-08,27.094698363580996,8.007727501947707e-13,1.1693200315867993e-06,1.3719452776058075e-06,Chavuma
Intercept,1.5663575805629144e-14,3.844877627138779e-15,4.0738814923702575,0.0013160334963957829,7.357222692030332e-15,2.3969928919227956e-14,Chembe
mean_spei_lag4,-0.3322821046130474,0.5471689213615323,-0.607275178908595,0.5541278824582354,-1.5143686921120825,0.8498044828859875,Chembe
pop_density_wi,7.218114913433576,2.3936397816459394,3.0155393341892824,0.009937426691204659,2.0469705543075056,12.389259272559645,Chembe
spei4_x_popdens,4.123540621408859,2.179217966495472,1.8922111898885294,0.0809449316724347,-0.5843735690046641,8.831454811822383,Chembe
percent_forest_2000,2.384441121542502e-07,6.430982051785679e-09,37.07740283430613,1.425728438892346e-14,2.245508200993091e-07,2.523374042091913e-07,Chembe
Intercept,4.1442606993953513e-13,1.7223125681915462e-14,24.06218694523542,3.642439264842181e-12,3.7721776905003625e-13,4.51634370829034e-13,Chibombo
mean_spei_lag4,-0.23802534076874254,0.2929314013040696,-0.8125634182921438,0.4310977890652067,-0.8708651586392571,0.39481447710177203,Chibombo
pop_density_wi,1.2482147270189756,4.855796197785945,0.25705665480526413,0.801158707986705,-9.242095180840339,11.73852463487829,Chibombo
spei4_x_popdens,8.773975418377498,6.366378079537115,1.378173791873736,0.1914082678946462,-4.97974823983494,22.527699076589936,Chibombo
percent_forest_2000,2.5105293351014586e-06,4.480368877581668e-08,56.033987461687445,6.862782992184007e-17,2.41373685017635e-06,2.607321820026567e-06,Chibombo
Intercept,1.7904909086941444e-14,1.2554746876848702e-14,1.4261465613423547,0.1773967039360016,-9.217972555604284e-15,4.5027790729487174e-14,Chiengi
mean_spei_lag4,-0.27149821910887945,0.3582219731168762,-0.7579049848522229,0.4620265565771504,-1.0453897418861984,0.5023933036684394,Chiengi
pop_density_wi,1.561960715877425,5.494244029230688,0.284290378724975,0.7806657060240961,-10.307631875820618,13.431553307575467,Chiengi
spei4_x_popdens,7.331048320164355,8.487727196162643,0.8637233679563558,0.40339483413476707,-11.005571479017133,25.66766811934584,Chiengi
percent_forest_2000,3.3508209063019407e-07,5.616396932850914e-09,59.66139762491903,3.045347554421041e-17,3.229486027342192e-07,3.4721557852616893e-07,Chiengi
Intercept,8.310154249045796e-13,3.019380127482821e-14,27.52271624697271,6.55290730719329e-13,7.657856830110282e-13,8.96245166798131e-13,Chifunabuli
mean_spei_lag4,-0.9178530781684879,0.7253049219624572,-1.2654720109785733,0.22791354337713846,-2.4847790979530813,0.6490729416161054,Chifunabuli
pop_density_wi,-21.167786952604377,21.813460045960905,-0.9704002440696663,0.34955651265667465,-68.29290232486292,25.957328419654164,Chifunabuli
spei4_x_popdens,29.246263128654316,24.21935788989021,1.207557329208239,0.24872895768199654,-23.07647853627623,81.56900479358487,Chifunabuli
percent_forest_2000,3.390486621808155e-06,1.1596388537617327e-07,29.237435524084187,3.0218788490381816e-13,3.1399618785600328e-06,3.6410113650562773e-06,Chifunabuli
Intercept,4.3365774152275254e-13,4.907277481111591e-13,0.8837033226507519,0.3929061994598475,-6.264951043522906e-13,1.4938105873977955e-12,Chikankanta
mean_spei_lag4,-0.1689677376257666,0.30687709490288734,-0.5506039402492299,0.5912417309676947,-0.8319353948397761,0.4939999195882428,Chikankanta
pop_density_wi,-126.57130247876655,107.46217701629358,-1.1778218717789015,0.2599801324226719,-358.7292214598322,105.58661650229912,Chikankanta
spei4_x_popdens,128.63173638392584,102.8927898832186,1.250153062521878,0.23328006555857622,-93.65462185560841,350.9180946234601,Chikankanta
percent_forest_2000,1.7842815975485564e-06,4.018607693117469e-08,44.40049225517669,1.3928290717158608e-15,1.6974648565203157e-06,1.8710983385767971e-06,Chikankanta
Intercept,2.662327099969718e-13,6.1293474733286204e-15,43.43573457949035,1.8499101141496447e-15,2.529910598310341e-13,2.7947436016290944e-13,Chilanga
mean_spei_lag4,0.16597942150897466,0.30094096294378564,0.5515348255863022,0.5906218702456252,-0.48416400227997497,0.8161228452979243,Chilanga
pop_density_wi,0.18593918997578893,0.7394762414860231,0.25144714534997453,0.805399443087987,-1.41160210432821,1.783480484279788,Chilanga
spei4_x_popdens,1.2427979875916753,1.2479301496628685,0.9958874604699792,0.33748129899105983,-1.4531911931926864,3.938787168376037,Chilanga
percent_forest_2000,1.8359464563932675e-06,4.2287922712993705e-08,43.41538525913785,1.861141394674647e-15,1.74458895361727e-06,1.927303959169265e-06,Chilanga
Intercept,8.837346115088456e-15,1.1295924711755611e-15,7.823481778248286,2.852462930237643e-06,6.397009945786434e-15,1.1277682284390477e-14,Chililabombwe
mean_spei_lag4,-0.15698235278774983,0.3273267215959154,-0.47958917628956804,0.6394873529813577,-0.8641287425457056,0.5501640369702059,Chililabombwe
pop_density_wi,7.4281862580124445,2.6551783879020987,2.7976222960603336,0.015098278222425928,1.69202209147607,13.164350424548818,Chililabombwe
spei4_x_popdens,2.7873693017994916,2.566093568303554,1.0862305787400508,0.297108479346451,-2.756338812709703,8.331077416308686,Chililabombwe
percent_forest_2000,2.934139465472634e-07,5.748612158103223e-09,51.04083185254864,2.2972636080576013e-16,2.809948250227465e-07,3.0583306807178026e-07,Chililabombwe
Intercept,-1.000980870767559e-13,1.7329570540458261e-13,-0.5776143548569953,0.5733933234074511,-4.744806973321175e-13,2.742845231786057e-13,Chilubi
mean_spei_lag4,-1.2088372111061336,0.47272009161769707,-2.557194484730631,0.02386548166844148,-2.2300868803163847,-0.18758754189588256,Chilubi
pop_density_wi,-42.94971877751244,19.560899092484423,-2.1956924666113293,0.04686673989718026,-85.20847206911245,-0.6909654859124217,Chilubi
spei4_x_popdens,-8.017009503733908,22.644420233555984,-0.3540390710402812,0.7289858256834008,-56.937305220039825,40.903286212572006,Chilubi
percent_forest_2000,7.641352109694433e-07,1.3536623504529298e-08,56.449469154089044,6.236648542417408e-17,7.348911138359449e-07,7.933793081029418e-07,Chilubi
Intercept,8.87150609221513e-15,9.152292504034164e-16,9.69320647073368,2.579728916730292e-07,6.8942735061672815e-15,1.084873867826298e-14,Chingola
mean_spei_lag4,-0.4157671258893327,0.23153920192862615,-1.7956662302805046,0.09581577558477893,-0.9159771604779339,0.08444290869926857,Chingola
pop_density_wi,5.465542232351455,1.4710514693792858,3.7153983705666365,0.002592819131081856,2.2875287458635283,8.64355571883938,Chingola
spei4_x_popdens,1.4729329752912617,1.4755379214571558,0.998234578638737,0.3363845344944294,-1.7147729016444093,4.660638852226933,Chingola
percent_forest_2000,2.994673482794742e-07,4.0994536817503665e-09,73.05055051911428,2.206685343849312e-18,2.9061101703680704e-07,3.083236795221414e-07,Chingola
Intercept,4.576024816025055e-12,2.603066419376157e-12,1.7579362485578571,0.10226347238280546,-1.047558287081392e-12,1.0199607919131503e-11,Chinsali
mean_spei_lag4,-0.5356705326453207,0.7493221446496363,-0.7148734846156007,0.48732733318388377,-2.15448260753854,1.083141542247899,Chinsali
pop_density_wi,168.1897416707833,87.09776557781166,1.9310454241277344,0.07557729162054891,-19.97354113130993,356.35302447287654,Chinsali
spei4_x_popdens,142.42825562341673,103.83148136078113,1.3717251623187787,0.1933594864948697,-81.88602226233067,366.7425335091641,Chinsali
percent_forest_2000,9.091008865242123e-07,4.220307144276087e-08,21.54110720963062,1.4858155292158744e-11,8.179266937728868e-07,1.0002750792755378e-06,Chinsali
Intercept,5.4566122379638445e-14,8.531834697240245e-15,6.3955906690607485,2.3596986363831777e-05,3.6134214117614085e-14,7.29980306416628e-14,Chipangali
mean_spei_lag4,0.0720415581153459,0.26333191068624345,0.27357701513502664,0.7887080001281463,-0.49685244797720524,0.6409355642078971,Chipangali
pop_density_wi,-10.313823065242635,5.420697007848052,-1.9026747022219368,0.07946557862428584,-22.024526977169565,1.396880846684292,Chipangali
spei4_x_popdens,0.8162633451527977,8.2949081954724,0.09840535011566949,0.9231115710936166,-17.103796328567356,18.73632301887295,Chipangali
percent_forest_2000,9.83045032896344e-07,1.2352730925220835e-08,79.58119049523211,7.266381122935941e-19,9.563585801838004e-07,1.0097314856088877e-06,Chipangali
Intercept,7.921320929313976e-14,8.150297471194808e-15,9.719057442148472,2.501731766719197e-07,6.160556209553704e-14,9.682085649074248e-14,Chipata
mean_spei_lag4,0.14928200646214182,0.3340824574484332,0.44684179948354225,0.6623428285893027,-0.5724592632829232,0.8710232762072069,Chipata
pop_density_wi,3.62238904757364,1.1393452618120725,3.179360259779734,0.007250024109291983,1.1609832550674724,6.083794840079808,Chipata
spei4_x_popdens,0.6446915324597529,2.3083285665608835,0.27928932726429906,0.7844166859514013,-4.342149151551959,5.631532216471464,Chipata
percent_forest_2000,1.0215816013965408e-06,1.680641630741629e-08,60.78521337982922,2.39127399415693e-17,9.852735463785635e-07,1.057889656414518e-06,Chipata
Intercept,-1.694130468205332e-13,6.359079843404988e-13,-0.2664112591639052,0.7941013446092187,-1.5432087245830474e-12,1.2043826309419811e-12,Chipili
mean_spei_lag4,-1.0782792107251222,0.7812777166553997,-1.3801484257623102,0.19081403427786364,-2.766127101778876,0.6095686803286313,Chipili
pop_density_wi,40.13748752696555,109.18322600412475,0.3676158783350954,0.719075316233012,-195.73853174364456,276.01350679757564,Chipili
spei4_x_popdens,25.09526861479763,127.7903059294384,0.1963785001708534,0.8473505619877171,-250.978902914725,301.1694401443203,Chipili
percent_forest_2000,2.373233596123632e-07,6.097902838222941e-09,38.918848972923996,7.63237062452475e-15,2.241496414505217e-07,2.504970777742047e-07,Chipili
Intercept,1.662015617800726e-13,1.4737913549530502e-14,11.277143214438736,4.3866803675195835e-08,1.3436223528603483e-13,1.9804088827411036e-13,Chirundu
mean_spei_lag4,-0.11978731887576555,0.28025746928047696,-0.42741882734937714,0.6760689191680643,-0.7252467712483931,0.485672133496862,Chirundu
pop_density_wi,-3.7162272888983683,4.929399134715156,-0.753890522422285,0.4643517484480999,-14.365546674723028,6.933092096926291,Chirundu
spei4_x_popdens,5.9750975245083096,7.300345537058375,0.8184677689812385,0.4278387480479249,-9.796340155087641,21.746535204104262,Chirundu
percent_forest_2000,1.3755941527048269e-06,3.185455639888088e-08,43.18359155530901,1.994384092854617e-15,1.306776567495215e-06,1.4444117379144388e-06,Chirundu
Intercept,8.566133511296861e-13,1.5562887859151893e-13,5.50420563896788,0.00010142039531331942,5.203975997803923e-13,1.1928291024789799e-12,Chisamba
mean_spei_lag4,-0.24993600570123564,0.2758398731731549,-0.9060909245138087,0.3813751729659013,-0.8458518219067004,0.3459798105042291,Chisamba
pop_density_wi,18.803273303737786,14.090980612918052,1.3344190741771151,0.20496995865198636,-11.638439551210165,49.244986158685734,Chisamba
spei4_x_popdens,15.237826711582944,16.290869342158558,0.9353599486645883,0.366653521532896,-19.956456801718044,50.43211022488393,Chisamba
percent_forest_2000,3.1483646384556576e-06,6.105601850614705e-08,51.56518088611828,2.0126633475617543e-16,3.016461129786674e-06,3.2802681471246412e-06,Chisamba
Intercept,8.193331967791634e-13,7.025356622437594e-13,1.1662513959254053,0.26446323521651344,-6.984028279783348e-13,2.3370692215366616e-12,Chitambo
mean_spei_lag4,0.016748815562565963,0.2608533315581521,0.0642077885780506,0.9497815966517821,-0.5467905458690983,0.5802881769942301,Chitambo
pop_density_wi,109.63386068474075,31.52384313298575,3.4778075827316455,0.004084246058400908,41.5307380490446,177.7369833204369,Chitambo
spei4_x_popdens,-5.820974050936353,57.33927111638457,-0.1015181033452834,0.9206882826671066,-129.69493815509384,118.05299005322114,Chitambo
percent_forest_2000,4.9284691030898e-07,6.86147061959447e-09,71.82817469210536,2.7465863107959464e-18,4.7802360424518e-07,5.0767021637278e-07,Chitambo
Intercept,9.707398030931517e-13,3.595221450908735e-14,27.00083475658462,8.371102337066561e-13,8.930697657373565e-13,1.0484098404489468e-12,Choma
mean_spei_lag4,-0.27343655062571826,0.22342939169374632,-1.2238163858070945,0.2427398751051681,-0.7561264053730383,0.2092533041216018,Choma
pop_density_wi,2.593539934502525,3.477115551648283,0.7458883364612631,0.4690083281720515,-4.91831151817157,10.10539138717662,Choma
spei4_x_popdens,12.86916128466384,5.606195323522743,2.295524958016856,0.038981101858104196,0.757712625726997,24.980609943600683,Choma
percent_forest_2000,3.6449163280966905e-06,6.265400870402797e-08,58.17530918596055,4.222330342357129e-17,3.509560571490873e-06,3.780272084702508e-06,Choma
Intercept,3.593383308494961e-13,9.018730006194894e-15,39.843562297870044,5.637831521206723e-15,3.398545492230282e-13,3.78822112475964e-13,Chongwe
mean_spei_lag4,-0.17808845474027196,0.21638353626585224,-0.8230222031378102,0.42533581534299214,-0.645556664263214,0.2893797547826701,Chongwe
pop_density_wi,1.0405024661743703,1.3630976041312703,0.763336728801239,0.45889206897322954,-1.9042908734879278,3.9852958058366683,Chongwe
spei4_x_popdens,4.439252244922603,1.9473530636481724,2.279633995391727,0.04014617305007415,0.2322517231537633,8.646252766691443,Chongwe
percent_forest_2000,2.207330209676226e-06,3.194483416841841e-08,69.09818964903116,4.539685741551053e-18,2.13831759120293e-06,2.276342828149522e-06,Chongwe
Intercept,3.331649504487972e-13,4.9036902494180495e-14,6.79416793277952,1.2737173441237665e-05,2.2722716329043477e-13,4.3910273760715955e-13,Gwembe
mean_spei_lag4,-0.20459924099422705,0.35056064322854597,-0.583634372386862,0.5694545430429353,-0.9619394668139893,0.5527409848255351,Gwembe
pop_density_wi,8.26701278745854,10.004579611186665,0.8263228550067954,0.4235279001825054,-13.346567425618037,29.880593000535118,Gwembe
spei4_x_popdens,15.568548082813168,15.547887815351435,1.0013288150588102,0.33494257866463817,-18.020621427644166,49.1577175932705,Gwembe
percent_forest_2000,1.9150412496713934e-06,4.988018358943369e-08,38.39282680741905,9.096400499784409e-15,1.80728166446626e-06,2.022800834876527e-06,Gwembe
Intercept,1.29045603869666e-15,3.8115746818868485e-15,0.33856244371364225,0.7403451626094761,-6.9439504358120434e-15,9.524862513205363e-15,Ikelenge
mean_spei_lag4,0.4146731509669266,0.4361980686738893,0.9506533401846508,0.35912083818886753,-0.5276754846049723,1.3570217865388254,Ikelenge
pop_density_wi,-7.216140213572079,13.60020957267666,-0.530590368847667,0.6046487155130376,-36.59760669568376,22.1653262685396,Ikelenge
spei4_x_popdens,-4.117704167594485,8.19854639274123,-0.5022480779324721,0.6238923295984866,-21.82958682301414,13.594178487825168,Ikelenge
percent_forest_2000,1.916250555743139e-07,4.7181014668649865e-09,40.61486530548103,4.4021843144159046e-15,1.8143221704729604e-07,2.0181789410133174e-07,Ikelenge
Intercept,3.346916089164365e-13,2.513081179961322e-13,1.3317978407748359,0.2058066497078797,-2.0822657231661327e-13,8.776097901494864e-13,Isoka
mean_spei_lag4,-0.24745905553379224,0.3660419089422732,-0.6760402278767973,0.5108635700737043,-1.0382445225638353,0.5433264114962508,Isoka
pop_density_wi,3.747003732676927,7.101312471276326,0.5276494659026706,0.606631617731873,-11.594449150004143,19.088456615357998,Isoka
spei4_x_popdens,18.798839973685606,14.667437836911263,1.2816716990869041,0.22234597356436517,-12.888232999767801,50.48591294713901,Isoka
percent_forest_2000,5.937790740891029e-07,9.898877217064212e-09,59.98448723714998,2.839540128040014e-17,5.723938500152014e-07,6.151642981630044e-07,Isoka
Intercept,9.840303888598569e-13,1.3896366764413416e-13,7.081206228521661,8.278156947746675e-06,6.83817636894604e-13,1.2842431408251097e-12,Itezhi-Tezhi
mean_spei_lag4,-0.32652841040026503,0.2651728780749255,-1.2313793656831047,0.23999292391496244,-0.8993995847368917,0.24634276393636168,Itezhi-Tezhi
pop_density_wi,16.992880425745124,21.827301477529055,0.7785149457544759,0.45020415626389987,-30.162137541433797,64.14789839292405,Itezhi-Tezhi
spei4_x_popdens,38.8749405675314,37.750666601339155,1.0297815659274308,0.32189199273248026,-42.680416318511305,120.4302974535741,Itezhi-Tezhi
percent_forest_2000,3.3265405974877775e-06,5.990187703518302e-08,55.53316126527977,7.708895322506276e-17,3.1971304598777865e-06,3.4559507350977685e-06,Itezhi-Tezhi
Intercept,9.211427459228696e-14,1.571482783998684e-13,0.5861615254727734,0.5678053907963747,-2.473839404795979e-13,4.316124896641719e-13,Kabompo
mean_spei_lag4,0.041198557186713225,0.3156787413011612,0.13050786067158485,0.898162538863037,-0.64078390103138,0.7231810154048064,Kabompo
pop_density_wi,27.25704619916005,14.995845526202702,1.8176398357487062,0.0922304617076041,-5.139508452779367,59.65360085109947,Kabompo
spei4_x_popdens,5.394438789258333,32.778055488957555,0.16457470428883864,0.8718101471524886,-65.41824490882543,76.20712248734209,Kabompo
percent_forest_2000,2.0428437869421174e-07,1.8202273852492831e-09,112.23014242598853,8.37750962848708e-21,2.003520165034872e-07,2.0821674088493627e-07,Kabompo
Intercept,3.319460312714017e-13,2.8483566317639453e-13,1.1653949072586194,0.2647974469873393,-2.8340400769716735e-13,9.472960702399708e-13,Kabwe
mean_spei_lag4,-1.0854201764279006,1.2807163247399613,-0.8475102217880185,0.41204276439563203,-3.8522395822140565,1.6813992293582556,Kabwe
pop_density_wi,7.2959351896694695,18.07821880486047,0.4035759976368856,0.6930842236059318,-31.759682080995155,46.3515524603341,Kabwe
spei4_x_popdens,27.47146962686365,22.656828897820397,1.2125028507191677,0.2468951362864401,-21.47563337878765,76.41857263251495,Kabwe
percent_forest_2000,1.322594229908959e-06,1.1231258496959109e-07,11.776010945407897,2.6188187256832797e-08,1.0799576416145402e-06,1.565230818203378e-06,Kabwe
Intercept,1.3630660865851433e-13,1.0241812949499721e-13,1.330883597763543,0.20609912563347133,-8.495430815584283e-14,3.575675254728715e-13,Kafue
mean_spei_lag4,-0.34427242840083544,0.2806081897263137,-1.2268794746746898,0.24162436422096817,-0.9504895662318287,0.26194470943015785,Kafue
pop_density_wi,19.636636452023005,8.94516689434552,2.195223038760277,0.04690714246124885,0.3117782666662414,38.96149463737977,Kafue
spei4_x_popdens,11.370392296209989,12.734669727863013,0.8928690369827156,0.388156948306282,-16.141189034248157,38.881973626668135,Kafue
percent_forest_2000,7.284601026198565e-07,1.3474730768887744e-08,54.06119907804187,1.0915638101958344e-16,6.993497166125006e-07,7.575704886272124e-07,Kafue
Intercept,-6.077935165909057e-11,8.516056977076331e-11,-0.7137029710193049,0.4880270819935322,-2.4475757735820884e-10,1.231988740400277e-10,Kalabo
mean_spei_lag4,0.3304868385836598,0.7280216106074564,0.4539519620961578,0.6573493502013799,-1.2423082301989532,1.903281907366273,Kalabo
pop_density_wi,-959.2474758912638,634.6783349836094,-1.511391555402685,0.15461037360015276,-2330.3866577247163,411.891705942189,Kalabo
spei4_x_popdens,-1107.6164462969573,1233.274834966559,-0.8981099872414011,0.385458976332514,-3771.9447445608394,1556.7118519669248,Kalabo
percent_forest_2000,4.861581630584441e-06,1.508400967873077e-07,32.230035210329525,8.651603010699139e-14,4.5357114133475955e-06,5.187451847821286e-06,Kalabo
Intercept,1.1506302858272462e-10,1.0245773507583832e-11,11.23029203188573,4.608894283831794e-08,9.292838063574189e-11,1.3719767652970734e-10,Kalomo
mean_spei_lag4,-1.2805292212584372,0.9096639366748858,-1.4076948306197377,0.18268178695974427,-3.2457386779637956,0.6846802354469215,Kalomo
pop_density_wi,-10.719268934460425,22.61922198880893,-0.4739008680211849,0.643430903413677,-59.58512715261697,38.14658928369612,Kalomo
spei4_x_popdens,29.02558890684595,36.20447950418219,0.8017126417600627,0.4371289908459075,-49.1894338374744,107.2406116511663,Kalomo
percent_forest_2000,3.645872154310955e-05,3.24776014181649e-06,11.225804847373363,4.630800149581759e-08,2.9442362329025832e-05,4.347508075719327e-05,Kalomo
Intercept,1.6301613103833255e-14,1.4641018279182638e-15,11.134207193096492,5.103192568451888e-08,1.3138613404931364e-14,1.9464612802735147e-14,Kalulushi
mean_spei_lag4,-0.2806374263791206,0.23797838590547085,-1.179255945078116,0.25942860552374575,-0.794758472204483,0.23348361944624185,Kalulushi
pop_density_wi,6.189463490999839,2.5047898329786373,2.4710510277181514,0.02807911009593612,0.7781940448105757,11.600732937189102,Kalulushi
spei4_x_popdens,9.757730826511835,2.2799186088343895,4.279859284757751,0.0008961160690551115,4.832266124703824,14.683195528319846,Kalulushi
percent_forest_2000,3.599855778002954e-07,5.059287709962417e-09,71.15341100120388,3.1042410230569017e-18,3.490556512076742e-07,3.709155043929166e-07,Kalulushi
Intercept,-2.1315131380846597e-13,1.6188807634646314e-13,-1.3166585125904662,0.2106934892130824,-5.628892398021324e-13,1.3658661218520044e-13,Kalumbila
mean_spei_lag4,0.02149823639027509,0.21356582284291753,0.1006632807819982,0.9213536837855296,-0.43988267337086934,0.4828791461514195,Kalumbila
pop_density_wi,61.64025334518773,17.4236179625914,3.5377413277500507,0.0036409100712639754,23.99881521665418,99.28169147372128,Kalumbila
spei4_x_popdens,5.205109897315526,25.181116978774625,0.20670687093439727,0.8394411865946169,-49.19538595830741,59.60560575293846,Kalumbila
percent_forest_2000,1.493377037923547e-07,1.3894028220211537e-09,107.48337445803823,1.4684412883778644e-20,1.4633608148446174e-07,1.523393261002477e-07,Kalumbila
Intercept,2.0290396101812594e-12,4.0251526184148494e-13,5.040901060244315,0.0002260416109450558,1.1594582547517178e-12,2.898620965610801e-12,Kanchibiya
mean_spei_lag4,-0.3501662898285422,0.17277325653107573,-2.02673895751661,0.06370958502475461,-0.7234202179129762,0.023087638255891774,Kanchibiya
pop_density_wi,64.29487295251491,9.08305861159918,7.078548724810555,8.31083683071714e-06,44.67211782321776,83.91762808181205,Kanchibiya
spei4_x_popdens,45.89678328281627,13.868623246356035,3.3093972247660273,0.005644741094166331,15.935444313122115,75.85812225251043,Kanchibiya
percent_forest_2000,5.899548717873304e-07,5.148215472723545e-09,114.59405203862386,6.390613443729608e-21,5.788328284433509e-07,6.0107691513131e-07,Kanchibiya
Intercept,2.7248551214570095e-11,8.29189894229537e-12,3.286165377098425,0.005902770949117884,9.334992637092955e-12,4.516210979204724e-11,Kaoma
mean_spei_lag4,0.10733897270683014,0.13668694521506988,0.7852905962448556,0.44635967867637405,-0.18795521948321042,0.4026331648968707,Kaoma
pop_density_wi,241.6107067938283,58.94204163138274,4.099123479719891,0.0012552028170809526,114.2741675055689,368.94724608208776,Kaoma
spei4_x_popdens,-195.0212982739185,91.38897742021273,-2.1339695856010876,0.0524685796006748,-392.4551806385693,2.4125840907323095,Kaoma
percent_forest_2000,3.6944540268614636e-07,2.9704974075236358e-09,124.37156206580757,2.2063225709983616e-21,3.630280331928336e-07,3.758627721794591e-07,Kaoma
Intercept,6.029030036871847e-14,1.2499917068033805e-14,4.8232560296659575,0.0003326876814512696,3.32858713265762e-14,8.729472941086075e-14,Kapiri Mposhi
mean_spei_lag4,-0.09243729890685959,0.2927723374020473,-0.3157309864965856,0.7572183011951581,-0.7249334801090708,0.5400588822953516,Kapiri Mposhi
pop_density_wi,15.346900546140933,8.828863833932507,1.7382644964074834,0.10577601317284627,-3.7267001528490624,34.42050124513093,Kapiri Mposhi
spei4_x_popdens,18.285022807827957,9.402193069702854,1.944761469188362,0.07376035453546642,-2.027180401953043,38.59722601760896,Kapiri Mposhi
percent_forest_2000,1.2406812454578949e-06,2.130157166319674e-08,58.24364817181311,4.158603816260727e-17,1.1946619977033665e-06,1.2867004932124233e-06,Kapiri Mposhi
Intercept,9.084812069104976e-14,1.1871672886464634e-13,0.7652512123597115,0.4577904655230196,-1.6562377934571256e-13,3.473200207278121e-13,Kaputa
mean_spei_lag4,-0.43784155654228496,0.40149087129338573,-1.0905392571736365,0.29527688899862176,-1.305209850739738,0.42952673765516813,Kaputa
pop_density_wi,5.7071686657751215,7.708617714965251,0.7403621345361849,0.47224091313152694,-10.94628743027592,22.360624761826163,Kaputa
spei4_x_popdens,9.483564178922506,13.80118831647966,0.6871556246789572,0.5040594008614654,-20.332090481916083,39.299218839761096,Kaputa
percent_forest_2000,2.667187890415586e-07,4.88255807313959e-09,54.626854416511364,9.539437804011337e-17,2.561706636169972e-07,2.7726691446612003e-07,Kaputa
Intercept,1.480530179890406e-13,9.040627242275602e-14,1.6376409957123108,0.12546187034553208,-4.725785930055712e-14,3.4336389527863834e-13,Kasama
mean_spei_lag4,-0.03555084779513513,0.3016477197377285,-0.11785551644827705,0.9079836418931433,-0.6872211268094599,0.6161194312191896,Kasama
pop_density_wi,14.634376920250482,5.81721327379787,2.5157023185254768,0.02581260842547435,2.0670516955886065,27.201702144912357,Kasama
spei4_x_popdens,3.6611373151380815,8.027834890477909,0.4560553829377685,0.6558753748193255,-13.68194556149452,21.00422019177068,Kasama
percent_forest_2000,3.9069508172993066e-07,6.3724747147092746e-09,61.309789245315976,2.1393031950844324e-17,3.769281870921824e-07,4.0446197636767893e-07,Kasama
Intercept,1.5674866721141526e-12,7.042347845952181e-13,2.2258012617413048,0.044342644678916986,4.607991668507052e-14,3.0888934275432348e-12,Kasempa
mean_spei_lag4,-0.36039863218065854,0.28620635736100464,-1.2592265088160566,0.23008947967741,-0.9787098759032526,0.2579126115419355,Kasempa
pop_density_wi,203.90242846975883,49.74859945661901,4.0986566596224,0.001256301174805116,96.42711350084575,311.3777434386719,Kasempa
spei4_x_popdens,113.76416618718298,79.39041161801889,1.4329711090874662,0.17547447782249156,-57.74839069592326,285.2767230702892,Kasempa
percent_forest_2000,2.2886479991888373e-07,3.3797742550848917e-09,67.7160019118304,5.899435382672976e-18,2.2156324155228444e-07,2.36166358285483e-07,Kasempa
Intercept,6.109567231709544e-14,2.585805339106391e-14,2.362732855142492,0.034399426679567954,5.2327442539455635e-15,1.169586003802453e-13,Kasenengwa
mean_spei_lag4,0.06473402630911598,0.3663715537574751,0.1766895536654235,0.8624752258718027,-0.7267635950474542,0.8562316476656862,Kasenengwa
pop_density_wi,-2.6140977127730105,5.5499711574976605,-0.4710110446684988,0.6454386631422364,-14.604081445693602,9.375886020147583,Kasenengwa
spei4_x_popdens,-0.7227752394066572,10.18542661227002,-0.07096170508321721,0.9445082872347246,-22.727051645238685,21.281501166425368,Kasenengwa
percent_forest_2000,9.72509460012006e-07,1.9214963148419805e-08,50.61209082214571,2.5622016082979137e-16,9.309980558911065e-07,1.0140208641329056e-06,Kasenengwa
Intercept,3.805181596895672e-13,1.5331463036395427e-14,24.819429090769322,2.4543408505893633e-12,3.4739654748804796e-13,4.1363977189108646e-13,Katete
mean_spei_lag4,-0.4968774805459816,0.21099190839639537,-2.354959886008929,0.03490184268330432,-0.9526977862124473,-0.04105717487951582,Katete
pop_density_wi,-3.553139068398493,1.9759198697794549,-1.798220222763933,0.09539274041371694,-7.821854422748553,0.7155762859515669,Katete
spei4_x_popdens,8.631960468278074,2.8998153634936346,2.976727614091428,0.010707452920755972,2.3672902474623267,14.89663068909382,Katete
percent_forest_2000,2.165722037419612e-06,2.8386581847409162e-08,76.29386479363232,1.2560695761607044e-18,2.1043965557324044e-06,2.22704751910682e-06,Katete
Intercept,5.29510386189483e-13,3.1570463640162644e-13,1.6772334807141118,0.11736244758665908,-1.5252801499201117e-13,1.2115487873709773e-12,Kawambwa
mean_spei_lag4,-0.7046469366430275,0.3792988696798018,-1.8577617624800185,0.08599351969092875,-1.5240723261303617,0.11477845284430677,Kawambwa
pop_density_wi,39.25728631712685,17.1289804019145,2.2918635783329564,0.03924666504603173,2.2523739396958007,76.2621986945579,Kawambwa
spei4_x_popdens,30.47733230623647,27.175945803955898,1.1214819357565837,0.2823715242038659,-28.232729218313033,89.18739383078596,Kawambwa
percent_forest_2000,2.170629543372815e-07,3.251267602558102e-09,66.76256182865295,7.090131502451551e-18,2.1003901771494785e-07,2.2408689095961518e-07,Kawambwa
Intercept,1.770022638567827e-12,2.6049813999602624e-14,67.94761139541448,5.643956104378146e-18,1.7137454368964462e-12,1.8262998402392077e-12,Kazungula
mean_spei_lag4,-0.2640436700042013,0.15655596210502984,-1.6865769048582155,0.11551925109784757,-0.6022622635180058,0.0741749235096032,Kazungula
pop_density_wi,-19.32208190217353,12.76146049366269,-1.5140964399622463,0.15392989315689165,-46.89154116334789,8.24737735900083,Kazungula
spei4_x_popdens,28.254196345919127,19.6290299060454,1.4394086962604975,0.173677197260093,-14.15174461983721,70.66013731167547,Kazungula
percent_forest_2000,4.805151568697137e-06,6.482678929766076e-08,74.12293005340197,1.82661171675639e-18,4.665101804999468e-06,4.945201332394805e-06,Kazungula
Intercept,2.6328505844599293e-14,9.848208501826674e-16,26.734309940448362,9.5030829588341e-13,2.4200929747635372e-14,2.8456081941563214e-14,Kitwe
mean_spei_lag4,-0.4926244264302766,0.5526798579060861,-0.8913377597958086,0.38894765386011687,-1.6866166685079111,0.701367815647358,Kitwe
pop_density_wi,0.6658641044305841,0.7985753018971349,0.8338150489361797,0.41944279332845147,-1.059352947611877,2.391081156473045,Kitwe
spei4_x_popdens,1.1651261248162408,0.6274624217480621,1.8568859017409982,0.08612550877277358,-0.1904240242353934,2.520676273867875,Kitwe
percent_forest_2000,6.34220750511202e-07,2.1892390000006396e-08,28.969918337423035,3.399702061696953e-13,5.869251173401676e-07,6.815163836822363e-07,Kitwe
Intercept,9.521260649035847e-12,3.656161660626068e-12,2.6041683964831743,0.021832607158475095,1.6226035944648438e-12,1.741991770360685e-11,Lavushimanda
mean_spei_lag4,-0.0852713156353905,0.16688264811865453,-0.5109657390788892,0.6179417096865055,-0.4457993579381442,0.2752567266673631,Lavushimanda
pop_density_wi,228.52503867759444,51.844544406372606,4.407889803917434,0.0007073106530814632,116.52170993356594,340.52836742162293,Lavushimanda
spei4_x_popdens,128.24189604622475,91.62776087575239,1.3995965286123415,0.18504225195393728,-69.70784661145538,326.1916387039049,Lavushimanda
percent_forest_2000,4.86608360553624e-07,4.51472919063762e-09,107.78240288758046,1.4164054955948935e-20,4.768548811177608e-07,4.963618399894871e-07,Lavushimanda
Intercept,-1.1670990138724803e-13,4.781753905462871e-13,-0.2440734167726906,0.8109836487980265,-1.1497450274144505e-12,9.163252246399544e-13,Limulunga
mean_spei_lag4,-0.3573684975450155,0.37296325596505664,-0.9581868772040583,0.3554504805197962,-1.1631066257435696,0.4483696306535387,Limulunga
pop_density_wi,-19.016485355233208,20.426001674025134,-0.9309940172684728,0.36882403259730345,-63.14417914861728,25.111208438150868,Limulunga
spei4_x_popdens,25.31027264778424,50.741953144155566,0.49880367387276,0.6262510798460096,-84.31105249246278,134.93159778803127,Limulunga
percent_forest_2000,1.6805902908120168e-06,2.8800708698542672e-08,58.352393630405885,4.0593231671346265e-17,1.6183701424558212e-06,1.7428104391682124e-06,Limulunga
Intercept,4.765422839210215e-11,1.084442704671193e-11,4.3943518810937165,0.0007251664005942057,2.4226268103107625e-11,7.108218868109666e-11,Livingstone
mean_spei_lag4,-1.6674101308372717,0.9320981135503127,-1.7888783450984513,0.0969482666355438,-3.681085680097805,0.34626541842326186,Livingstone
pop_density_wi,-6.784407094217602,3.8705396365948697,-1.7528323518697315,0.10316471254760091,-15.146199608707157,1.5773854202719528,Livingstone
spei4_x_popdens,0.1926578217680973,6.197770610150827,0.03108501974122092,0.9756739129624274,-13.196811544336995,13.58212718787319,Livingstone
percent_forest_2000,1.5113356556277766e-05,3.439315260106847e-06,4.394292297533739,0.0007252460094465006,7.683167668654879e-06,2.2543545443900655e-05,Livingstone
Intercept,2.5796308633123303e-13,4.718487937479059e-14,5.467071014047239,0.00010803141986570305,1.5602635187104173e-13,3.598998207914243e-13,Luampa
mean_spei_lag4,-0.2261057414804392,0.22909086450876592,-0.9869696985310712,0.3416718248281697,-0.7210264646467337,0.2688149816858554,Luampa
pop_density_wi,70.06534974895062,19.639672803594006,3.5675416005977887,0.003438944655423696,27.63641620091635,112.49428329698489,Luampa
spei4_x_popdens,35.98802886332847,38.63849120201966,0.9314035756511982,0.3686200423813547,-47.4853564624594,119.46141418911634,Luampa
percent_forest_2000,1.1542019642822545e-06,1.4793687418881396e-08,78.01989670331481,9.396493017926466e-19,1.1222421456690215e-06,1.1861617828954875e-06,Luampa
Intercept,6.678005519201543e-13,2.3013423431694006e-13,2.9017870978746334,0.012365426388548052,1.706257653231827e-13,1.1649753385171259e-12,Luangwa
mean_spei_lag4,-0.2798585725023951,0.1769232883671339,-1.5818074323921676,0.1377085994793407,-0.6620780992887645,0.10236095428397429,Luangwa
pop_density_wi,-114.2994014543124,22.620998157325957,-5.0528009709994075,0.0002213551876778792,-163.1690968512617,-65.42970605736308,Luangwa
spei4_x_popdens,57.308152226069254,23.523331737784577,2.4362259931920054,0.0299785644127137,6.489083644224884,108.12722080791363,Luangwa
percent_forest_2000,7.952531644695789e-07,8.857345555416666e-09,89.78459285505078,1.518404307155751e-19,7.761180327522125e-07,8.143882961869453e-07,Luangwa
Intercept,-1.225561751324039e-13,4.3805277791543565e-13,-0.27977490684025036,0.7840522352086976,-1.068911666416588e-12,8.237993161517803e-13,Luano
mean_spei_lag4,-0.06778534144293796,0.22197017036921007,-0.30538040913420234,0.7649111768045573,-0.5473227401778904,0.41175205729201453,Luano
pop_density_wi,84.03498316882299,32.58459577419104,2.5789788448253135,0.022900888897688692,13.64024377480871,154.42972256283727,Luano
spei4_x_popdens,-13.247024914428726,30.660317011412896,-0.43205766298821036,0.6727794746893799,-79.48461278304353,52.99056295418608,Luano
percent_forest_2000,7.578465901302178e-07,1.0476775269566194e-08,72.33586391145312,2.506807188002067e-18,7.35212893217061e-07,7.804802870433745e-07,Luano
Intercept,5.087818463853847e-14,2.410142320296063e-14,2.1110033299730024,0.0547082699276654,-1.189774625239859e-15,1.029461439023168e-13,Luanshya
mean_spei_lag4,-1.1896997522805923,0.6066663056815076,-1.9610447145966439,0.0716551964756822,-2.500322624005917,0.12092311944473222,Luanshya
pop_density_wi,-13.494869427441401,15.19581712040833,-0.8880647431139114,0.390641416335769,-46.3234364436852,19.3336975888024,Luanshya
spei4_x_popdens,24.947151130479153,13.599552374438106,1.8344097249384574,0.08957571007552782,-4.432895561156876,54.32719782211518,Luanshya
percent_forest_2000,4.566681565609862e-07,1.8415169550107993e-08,24.798476892563183,2.4809096408126515e-12,4.168846014615177e-07,4.964517116604548e-07,Luanshya
Intercept,5.290935073662057e-13,1.8811103788629543e-13,2.812665930247106,0.014669651480604552,1.2270431718230305e-13,9.354826975501084e-13,Lufwanyama
mean_spei_lag4,-0.28232699359688573,0.19704198221710936,-1.4328266008093933,0.17551499983158317,-0.708010315985677,0.14335632879190557,Lufwanyama
pop_density_wi,126.74254616345794,27.222061452957167,4.655876131294595,0.0004497076646122406,67.93285783623375,185.55223449068214,Lufwanyama
spei4_x_popdens,73.40179358032033,27.99582052068334,2.6218839889365277,0.021110443362358504,12.920500415528018,133.88308674511265,Lufwanyama
percent_forest_2000,2.0475849807081346e-07,2.168021370977306e-09,94.44487070646906,7.87227954995938e-20,2.0007477265441645e-07,2.0944222348721046e-07,Lufwanyama
Intercept,-5.700370702522355e-13,3.041877550014986e-13,-1.8739645527461393,0.08358454495718994,-1.2271947618367147e-12,8.71206213322437e-14,Lukulu
mean_spei_lag4,-0.4431621064614453,0.30313916328477514,-1.4619097765508107,0.16751569106445469,-1.0980544533676906,0.21173024044479988,Lukulu
pop_density_wi,12.163021448499379,14.298095953773682,0.8506742077982211,0.41034552360374776,-18.726136897105313,43.05217979410407,Lukulu
spei4_x_popdens,68.14358099478731,33.42129974700671,2.0389267177106247,0.06232792569749137,-4.058747436834352,140.34590942640898,Lukulu
percent_forest_2000,2.970611249892549e-07,3.3657911890884105e-09,88.25892882253068,1.8967087778799064e-19,2.8978977520015567e-07,3.0433247477835414e-07,Lukulu
Intercept,1.2796517209176668e-13,4.275096226726834e-15,29.932699828312725,2.2356514930840898e-13,1.187293882001913e-13,1.3720095598334208e-13,Lumezi
mean_spei_lag4,0.17408390561094297,0.17116853222817108,1.0170321807684,0.327693306522456,-0.19570322638723456,0.5438710376091205,Lumezi
pop_density_wi,3.224350069231816,7.835185828930144,0.4115218374689251,0.6873938657789592,-13.702539813136367,20.151239951599997,Lumezi
spei4_x_popdens,1.3860860748875259,9.589461403248466,0.14454264078042842,0.8872888064990683,-19.3306857730331,22.102857922808152,Lumezi
percent_forest_2000,1.3917218018990759e-06,1.1084735460959442e-08,125.55300095349456,1.9513372603698645e-21,1.3677746868440572e-06,1.4156689169540945e-06,Lumezi
Intercept,7.101145894092694e-12,9.930471845834752e-14,71.50864535275034,2.910084293897254e-18,6.886611092896595e-12,7.315680695288793e-12,Lundazi
mean_spei_lag4,0.3474596998261962,0.29594254206240445,1.1740782430426258,0.26142416280899267,-0.2918852921588173,0.9868046918112097,Lundazi
pop_density_wi,-5.096830711367274,1.9997166129736568,-2.548776500780322,0.024248664523881417,-9.41695580383994,-0.7767056188946082,Lundazi
spei4_x_popdens,-0.4319321137169577,2.447061559537919,-0.17651052219484004,0.862613023358055,-5.718487207373282,4.854622979939367,Lundazi
percent_forest_2000,9.294662541363187e-06,1.2903056381895448e-07,72.0345805386445,2.6462479187060686e-18,9.015908955563226e-06,9.573416127163148e-06,Lundazi
Intercept,-3.5601407767287157e-12,9.969012499796308e-12,-0.3571207054662093,0.7267318313027391,-2.5096882917156708e-11,1.7976601363699274e-11,Lunga
mean_spei_lag4,0.21100880832928356,1.606313219782719,0.1313621812549274,0.8975000008723182,-3.2592199241482724,3.6812375408068396,Lunga
pop_density_wi,-343.60212112540285,156.42756135052676,-2.1965574235057637,0.04679238069035349,-681.543321673713,-5.660920577092725,Lunga
spei4_x_popdens,-71.8528920618516,219.17166435939126,-0.32783841958707466,0.7482537661665409,-545.3444861282737,401.6387020045705,Lunga
percent_forest_2000,4.240215241932788e-06,5.657799510810648e-07,7.49446005258898,4.535590464546963e-06,3.01792196916321e-06,5.462508514702365e-06,Lunga
Intercept,8.960837414473257e-15,4.8225320225775604e-14,0.1858118799941912,0.8554602248525015,-9.52236328490877e-14,1.131453076780342e-13,Lupososhi
mean_spei_lag4,-0.7277177484772325,0.5344147221284558,-1.3617097702303063,0.19642228729170158,-1.8822505637148699,0.42681506676040504,Lupososhi
pop_density_wi,7.58501331370348,14.029606254690638,0.5406433492149872,0.5978951808399412,-22.72410830141955,37.89413492882651,Lupososhi
spei4_x_popdens,12.639477938464896,14.470990191913693,0.8734355956876928,0.3982730616535691,-18.62319570010018,43.90215157702997,Lupososhi
percent_forest_2000,4.17862816580394e-07,7.99735105160661e-09,52.25015306742704,1.6966872017384055e-16,4.0058559003378757e-07,4.351400431270005e-07,Lupososhi
Intercept,3.957631629920515e-12,2.422148674678828e-13,16.33934230088204,4.785360220405741e-10,3.434358222114043e-12,4.480905037726987e-12,Lusaka
mean_spei_lag4,-0.8211705860745288,0.6668401601867701,-1.2314354100156977,0.23997265984802446,-2.261791167011468,0.6194499948624103,Lusaka
pop_density_wi,0.03847696386867401,0.051873964416846614,0.7417394120773659,0.4714339836454733,-0.07358992294385529,0.1505438506812033,Lusaka
spei4_x_popdens,0.2502474820603502,0.0805717100341624,3.1058976153571183,0.008351419673207862,0.07618288510508048,0.4243120790156199,Lusaka
percent_forest_2000,6.4812170719249164e-06,3.966357088292067e-07,16.340477994420215,4.781225610923075e-10,5.624337718537101e-06,7.3380964253127315e-06,Lusaka
Intercept,1.0372843669853567e-13,8.091001206784472e-14,1.282022262109629,0.2222267043877324,-7.106701736671834e-14,2.7852389076378967e-13,Luwingu
mean_spei_lag4,0.060874510911379236,0.33281843733512745,0.18290606553771657,0.8576934182795946,-0.6581360093997639,0.7798850312225223,Luwingu
pop_density_wi,19.62085469505773,8.198781710281432,2.3931427117339634,0.032499385731902614,1.908463666999907,37.33324572311555,Luwingu
spei4_x_popdens,-2.6251451419227667,10.882940223847763,-0.241216535966107,0.8131501111256927,-26.136308091662272,20.886017807816735,Luwingu
percent_forest_2000,3.3698212425646704e-07,4.463081125049313e-09,75.5043690255,1.437534242147622e-18,3.2734022368266777e-07,3.466240248302663e-07,Luwingu
Intercept,-1.3730186536946309e-15,8.396714686281424e-15,-0.16351855517228334,0.872624916941287,-1.9513017879182885e-14,1.676698057179362e-14,Mafinga
mean_spei_lag4,-0.23035610445076699,0.37697870873870465,-0.6110586595765379,0.551696099213074,-1.0447690909630098,0.5840568820614758,Mafinga
pop_density_wi,15.265157094884152,4.6638659736990125,3.2730694194406764,0.006053414102194681,5.189487227369783,25.340826962398523,Mafinga
spei4_x_popdens,9.223533664862005,12.476619503380613,0.7392654446473129,0.47288405828104485,-17.73056404883164,36.177631378555645,Mafinga
percent_forest_2000,4.206323590044372e-07,4.567619877671673e-09,92.09005352232877,1.0925853567597818e-19,4.10764616186087e-07,4.3050010182278736e-07,Mafinga
Intercept,2.63755494859651e-13,9.079855558977665e-14,2.9048424079705097,0.012293114637851224,6.759714131156463e-14,4.599138484077373e-13,Mambwe
mean_spei_lag4,-0.37437591011742516,0.24311355918370547,-1.5399219664030876,0.14756015827514585,-0.8995908233385819,0.1508390031037315,Mambwe
pop_density_wi,17.89573596348693,7.532235732745091,2.3758863368665315,0.03356491500128696,1.6233299733887883,34.16814195358508,Mambwe
spei4_x_popdens,19.359882396642767,12.380712199926732,1.5637131438009952,0.14189282532029227,-7.387020184743417,46.106784978028955,Mambwe
percent_forest_2000,8.862683406462046e-07,1.2013409501835897e-08,73.77325650230807,1.9421566350566736e-18,8.603149473012074e-07,9.122217339912019e-07,Mambwe
Intercept,2.004953134634302e-14,1.804548244017736e-15,11.11055435220936,5.233375494901354e-08,1.6151041880895342e-14,2.3948020811790695e-14,Mansa
mean_spei_lag4,-0.20913007107992518,0.8326728039001227,-0.2511551597462884,0.8056203581886044,-2.0080102977132577,1.5897501555534073,Mansa
pop_density_wi,5.459675562447686,3.3934004809836082,1.6089098805293822,0.13164040324525275,-1.8713204754890267,12.790671600384398,Mansa
spei4_x_popdens,2.785212307982978,2.972604775090267,0.9369601809572553,0.36586020556166976,-3.6367098761683736,9.20713449213433,Mansa
percent_forest_2000,5.362282869209575e-07,2.000007635641525e-08,26.811311985264307,9.160019435305474e-13,4.93020748833731e-07,5.79435825008184e-07,Mansa
Intercept,6.446343625478536e-14,1.0357794199783839e-13,0.6223664518853896,0.5444632797243496,-1.5930310313808147e-13,2.882299756476522e-13,Manyinga
mean_spei_lag4,-0.20503009607672498,0.3173158379687807,-0.6461388671588998,0.5294312493245918,-0.8905492866231401,0.48048909446969024,Manyinga
pop_density_wi,21.32356484379415,20.49393232558168,1.040481860925093,0.3170812311928792,-22.950884200025666,65.59801388761396,Manyinga
spei4_x_popdens,7.761273905764593,30.904469814341102,0.2511375847050773,0.8056336559463222,-59.00377402568341,74.5263218372126,Manyinga
percent_forest_2000,1.8189180573944481e-07,2.3207800036586955e-09,78.37528996832681,8.858441824222023e-19,1.768780653609991e-07,1.8690554611789054e-07,Manyinga
Intercept,-3.7758720602738923e-14,1.7397084286099172e-13,-0.21704051082231837,0.8315458945957194,-4.135998766577296e-13,3.3808243545225174e-13,Masaiti
mean_spei_lag4,-0.45184102986024677,0.37435233316563127,-1.20699402629429,0.2489385070821943,-1.260580076904327,0.3568980171838335,Masaiti
pop_density_wi,47.085269983089376,20.719196057577047,2.2725432903980947,0.040676614854756245,2.3241682332293365,91.84637173294942,Masaiti
spei4_x_popdens,48.7603075841344,20.306380898685283,2.4012308164322547,0.032011174212942785,4.8910387644561055,92.6295764038127,Masaiti
percent_forest_2000,3.384552765055751e-07,7.392881999769288e-09,45.78123612904107,9.37620325780888e-16,3.2248392595235875e-07,3.5442662705879147e-07,Masaiti
Intercept,5.786122538128229e-12,1.1482638718382974e-13,50.39018190884135,2.7120921944683147e-16,5.538055210321626e-12,6.034189865934832e-12,Mazabuka
mean_spei_lag4,-0.40944220790796354,0.26209772296950334,-1.5621738459574661,0.14225377094692337,-0.9756699135410802,0.1567854977251531,Mazabuka
pop_density_wi,15.334986544540563,6.966678600552003,2.2011904702085006,0.04639596773385163,0.2843924562703446,30.38558063281078,Mazabuka
spei4_x_popdens,24.201269941389082,11.688387504516347,2.0705396644351333,0.0588722310665224,-1.049956067938588,49.45249595071675,Mazabuka
percent_forest_2000,8.456041892929938e-06,1.6363767129053068e-07,51.67539861843089,1.9578120443401235e-16,8.102524196857606e-06,8.80955958900227e-06,Mazabuka
Intercept,2.75793876989696e-14,3.303363644480654e-14,0.8348880313267949,0.41885987914798783,-4.3785445085318653e-14,9.894422048325785e-14,Mbala
mean_spei_lag4,0.2314746900562868,0.31132053101680646,0.7435252962606271,0.4703889243255093,-0.4410924272652204,0.904041807377794,Mbala
pop_density_wi,7.091562436310749,4.685626531139641,1.5134715473334865,0.15408687388217687,-3.0311182574454723,17.21424313006697,Mbala
spei4_x_popdens,-4.6121602498757985,6.728972900945184,-0.685418163777707,0.5051194313978582,-19.149222395253307,9.924901895501712,Mbala
percent_forest_2000,7.653934860666553e-07,1.306313737118998e-08,58.59185770752806,3.849582878155419e-17,7.37172293534892e-07,7.936146785984187e-07,Mbala
Intercept,2.8285812847052762e-14,8.749414527614968e-14,0.3232880641073396,0.7516185387039956,-1.6073379623138738e-13,2.173054219254929e-13,Milengi
mean_spei_lag4,-0.2914923521861689,0.4581643680198226,-0.6362178565871308,0.5356758094551612,-1.281296292363462,0.6983115879911241,Milengi
pop_density_wi,-32.84974387288139,18.824594375889777,-1.7450439152598576,0.10455358840793556,-73.51780753314593,7.818319787383146,Milengi
spei4_x_popdens,-4.448358337494728,21.35319005562857,-0.20832289348364452,0.838205266914247,-50.57912084912968,41.68240417414022,Milengi
percent_forest_2000,2.5500557616327603e-07,5.758301974849072e-09,44.284856417235716,1.4405576270657582e-15,2.4256552106237454e-07,2.674456312641775e-07,Milengi
Intercept,3.0670974582768177e-13,5.830535409896866e-13,0.5260404478584704,0.6077178722072488,-9.529008491650434e-13,1.5663203408204071e-12,Mitete
mean_spei_lag4,-0.13861789867817648,0.2881758813295154,-0.48101839070867114,0.6384983003625149,-0.7611840402504899,0.4839482428941369,Mitete
pop_density_wi,-1.8136598134230004,19.59781089270281,-0.09254400011066091,0.927676799566159,-44.15215620126837,40.524836574422366,Mitete
spei4_x_popdens,24.73064633221838,41.49718230486791,0.5959596521645592,0.5614356692653208,-64.91856565066682,114.37985831510359,Mitete
percent_forest_2000,3.068908056719634e-06,4.016144599566246e-08,76.41428192229642,1.2306320292357672e-18,2.9821445275924534e-06,3.1556715858468147e-06,Mitete
Intercept,3.1557192949020824e-14,8.948381360058696e-15,3.5265811412415964,0.0037196040815274797,1.2225390332690048e-14,5.0888995565351603e-14,Mkushi
mean_spei_lag4,0.14126085373354183,0.23159747850199058,0.6099412422243954,0.5524136939721971,-0.3590750797375619,0.6415967872046455,Mkushi
pop_density_wi,18.505376139836567,7.0268620303074,2.6335192095734126,0.020648833341190883,3.324763656284466,33.68598862338867,Mkushi
spei4_x_popdens,6.319243809297256,5.1564082761479995,1.225512696216897,0.2421216160476369,-4.820499010409045,17.458986629003558,Mkushi
percent_forest_2000,4.65838169423518e-07,6.289334384555587e-09,74.067960286458,1.8442743195228683e-18,4.522508885491216e-07,4.794254502979144e-07,Mkushi
Intercept,6.555098615942138e-13,3.446600115559343e-13,1.9019028596760557,0.07957385876552421,-8.90828245067171e-14,1.4001025476951447e-12,Mongu
mean_spei_lag4,-0.44343013206343856,0.1785742289841118,-2.4831697977141576,0.027445683558590263,-0.8292162992124055,-0.05764396491447171,Mongu
pop_density_wi,1.1676539412864044,18.608608842807588,0.06274805124606155,0.950921659921034,-39.03380134305834,41.36910922563115,Mongu
spei4_x_popdens,30.11940433996806,33.27663435171355,0.9051217145828058,0.3818695228411162,-41.77039350598773,102.00920218592384,Mongu
percent_forest_2000,3.5604064116558194e-06,3.2294987286276296e-08,110.24641007271146,1.0560927112487026e-20,3.4906373333617414e-06,3.6301754899498974e-06,Mongu
Intercept,1.260203948421696e-12,1.1173455318265907e-13,11.278551822385385,4.380179456960814e-08,1.0188161218822033e-12,1.5015917749611888e-12,Monze
mean_spei_lag4,-0.1319864750485656,0.41059657395327404,-0.32145050256455787,0.7529788322612833,-1.019026443867495,0.7550534937703639,Monze
pop_density_wi,7.988368622825204,11.552462937525956,0.6914861935524176,0.5014230304790819,-16.969210212333387,32.9459474579838,Monze
spei4_x_popdens,21.5953626091229,18.865635882921033,1.1446930674980893,0.27297482141135165,-19.161365836545883,62.352091054791686,Monze
percent_forest_2000,3.9229710356028296e-06,1.1433372791994651e-07,34.3115816038955,3.8689368066386486e-14,3.6759680334282357e-06,4.169974037777423e-06,Monze
Intercept,1.8082348304530964e-13,6.19056474432594e-14,2.9209529423150977,0.011918674457398384,4.7084462650966206e-14,3.1456250343965307e-13,Mpika
mean_spei_lag4,-0.4823698057555666,0.3918555962054511,-1.2309886867167736,0.24013422000247928,-1.328922353656666,0.36418274214553287,Mpika
pop_density_wi,65.27829514374334,23.299042505644437,2.8017587043728938,0.014979210742314645,14.943773988996234,115.61281629849043,Mpika
spei4_x_popdens,49.18181697471703,33.75167017173575,1.4571669112808159,0.16879896089394308,-23.734233367510974,122.09786731694504,Mpika
percent_forest_2000,5.970613291861918e-07,1.2117523404932452e-08,49.27255423687957,3.6250985543813303e-16,5.70883011428243e-07,6.232396469441406e-07,Mpika
Intercept,1.6128164221004197e-13,3.850686910488733e-14,4.188386279100835,0.0010623107252556697,7.809260913739645e-14,2.444706752826875e-13,Mpongwe
mean_spei_lag4,-0.35873302425548487,0.31753491667197353,-1.1297435507732545,0.2789991491969599,-1.044725505565576,0.3272594570546062,Mpongwe
pop_density_wi,37.66425067203842,14.23292118613891,2.646276908265234,0.02015397821418517,6.91589385162402,68.41260749245282,Mpongwe
spei4_x_popdens,45.53820814158915,16.92211051877925,2.6910477916482876,0.018507137271958175,8.980210975649257,82.09620530752905,Mpongwe
percent_forest_2000,2.7858459477882947e-07,4.7405111415008356e-09,58.766784100549586,3.703754674571777e-17,2.6834334309312686e-07,2.888258464645321e-07,Mpongwe
Intercept,-9.730099733886076e-13,2.1146094334625478e-13,-4.601369680808438,0.0004964597567285913,-1.4298435674595344e-12,-5.161763793176809e-13,Mporokoso
mean_spei_lag4,-0.2441731143434635,0.17226159153454834,-1.4174553489742534,0.17987005048978258,-0.6163216574067915,0.12797542871986445,Mporokoso
pop_density_wi,80.23716668533099,10.635944952274958,7.543962200384348,4.2263101095508635e-06,57.25960457859145,103.21472879207053,Mporokoso
spei4_x_popdens,27.711515818391202,15.280275467145893,1.8135481836026914,0.09288881782525957,-5.299512362920947,60.72254399970335,Mporokoso
percent_forest_2000,2.2514578293651091e-07,1.8812267126954617e-09,119.68030297311547,3.6355613945120755e-21,2.2108163971070644e-07,2.2920992616231538e-07,Mporokoso
Intercept,-2.356029209710567e-13,5.901265625363272e-13,-0.3992413423290929,0.6961966720324634,-1.5104938500196178e-12,1.0392880080775045e-12,Mpulungu
mean_spei_lag4,1.0326197213164958,0.7052916222988364,1.464103200248944,0.16692499579698764,-0.49107019316244926,2.556309635795441,Mpulungu
pop_density_wi,24.76184040563354,29.674615373808734,0.8344452015202433,0.41910038860205046,-39.34626854047896,88.86994935174603,Mpulungu
spei4_x_popdens,-45.34678256872181,40.68308950720213,-1.114634682813213,0.28518991326868864,-133.2372539880792,42.54368885063559,Mpulungu
percent_forest_2000,2.866200131681342e-07,1.0611995128803922e-08,27.009060001372156,8.338561610817584e-13,2.6369419150934924e-07,3.0954583482691914e-07,Mpulungu
Intercept,3.998815887881538e-14,7.671132292994187e-14,0.5212810488920306,0.6109366315102587,-1.2573657877469e-13,2.0571289653232079e-13,Mufulira
mean_spei_lag4,-1.0073736671308553,0.7973928684731617,-1.2633341818817145,0.22865651201510828,-2.7300362270658125,0.7152888928041021,Mufulira
pop_density_wi,0.7726037957422345,7.195033690820081,0.10738014982862076,0.9161269172345782,-14.771321472086465,16.316529063570933,Mufulira
spei4_x_popdens,8.521541231890403,5.73420012099549,1.4860906581703004,0.16109991481220232,-3.8664449793832,20.909527443164006,Mufulira
percent_forest_2000,2.376213724476435e-07,1.1228943816632517e-08,21.16150693493313,1.8609943825218408e-11,2.133627141810289e-07,2.6188003071425806e-07,Mufulira
Intercept,1.2686297687223507e-12,4.147295050446896e-13,3.058932999198232,0.009141484034197478,3.726611451142138e-13,2.1645983923304878e-12,Mufumbwe
mean_spei_lag4,-0.6570923094308019,0.2739792917117893,-2.3983283748394597,0.03218555772576015,-1.2489885837643402,-0.06519603509726368,Mufumbwe
pop_density_wi,179.53960835114933,43.81321774866723,4.097841189868115,0.0012582222233107345,84.88690598822731,274.19231071407137,Mufumbwe
spei4_x_popdens,181.75540485821165,86.16276914464511,2.1094424733853563,0.05486367503626126,-4.387940955765714,367.898750672189,Mufumbwe
percent_forest_2000,2.516692989244791e-07,2.7426755835690242e-09,91.7605058477181,1.1446333636972037e-19,2.457441085588957e-07,2.575944892900625e-07,Mufumbwe
Intercept,4.160036964437717e-12,1.8843274731112333e-12,2.2077038220798397,0.045844009102187125,8.919495301982677e-14,8.230878975855606e-12,Mulobezi
mean_spei_lag4,-0.11878861127883227,0.24513325800180572,-0.4845879022990721,0.6360312523138383,-0.648366818522104,0.4107895959644395,Mulobezi
pop_density_wi,209.91071130322442,99.75363108823228,2.10429143293599,0.05537945498259842,-5.593906667967474,425.4153292744163,Mulobezi
spei4_x_popdens,163.6528262874207,170.42172258347537,0.9602814935006941,0.3544346967118064,-204.5209215620134,531.8265741368548,Mulobezi
percent_forest_2000,3.690877847916423e-06,5.7300949977727886e-08,64.41215807680358,1.1283187788214747e-17,3.5670866715990994e-06,3.8146690242337467e-06,Mulobezi
Intercept,1.3936479141202074e-13,4.23801666990421e-14,3.288443681727442,0.005876950746993335,4.7808007619817403e-14,2.309215752042241e-13,Mumbwa
mean_spei_lag4,-0.04131405262671648,0.16939504321346788,-0.24389174466370558,0.811121368443912,-0.40726979454495127,0.32464168929151827,Mumbwa
pop_density_wi,40.731565072775275,9.476237274625264,4.298284634750875,0.0008660203346190691,20.259399083487324,61.20373106206323,Mumbwa
spei4_x_popdens,17.450124443093177,13.294997319718982,1.3125331298270635,0.2120412862374165,-11.271971054160886,46.17221994034724,Mumbwa
percent_forest_2000,9.331965571657232e-07,9.710233154990036e-09,96.10444386560981,6.278929100584433e-20,9.122188738107542e-07,9.541742405206922e-07,Mumbwa
Intercept,7.058805554641053e-13,5.142205540110351e-13,1.3727194488008687,0.19305757525354122,-4.0502541192935203e-13,1.8167865228575626e-12,Mungwi
mean_spei_lag4,-0.28891826812378973,0.46016995443741193,-0.6278512217882877,0.5409741173983746,-1.2830550143354666,0.7052184780878873,Mungwi
pop_density_wi,54.986999097450465,21.71972698938972,2.5316616145457123,0.025046161608344636,8.064381682682601,101.90961651221832,Mungwi
spei4_x_popdens,26.90258778146596,29.595478866789964,0.909010051925675,0.3798889146688833,-37.03455713530137,90.83973269823329,Mungwi
percent_forest_2000,9.43309317579022e-07,2.40170811276027e-08,39.27660120591764,6.782741020276142e-15,8.914235682912678e-07,9.951950668667761e-07,Mungwi
Intercept,-9.03146368794425e-15,8.59083703595318e-13,-0.010512903050246466,0.9917716933613476,-1.864968970211712e-12,1.846906042835824e-12,Mushindano
mean_spei_lag4,0.9233120183321739,0.9565000499291427,0.9653026347469325,0.3520080520193837,-1.1430807094381399,2.989704746102488,Mushindano
pop_density_wi,117.27479454570312,81.40491459552433,1.4406353121111304,0.17333649359431028,-58.58983142835328,293.1394205197595,Mushindano
spei4_x_popdens,-69.85153858751873,100.22117923959414,-0.6969738244700543,0.498094026146505,-286.3662329302991,146.66315575526158,Mushindano
percent_forest_2000,8.661803446649563e-08,4.039214591989055e-09,21.444276478472958,1.5730808243183053e-11,7.789184186524251e-08,9.534422706774875e-08,Mushindano
Intercept,5.420105620504686e-12,2.409993298509062e-12,2.249012735370602,0.0424847987449318,2.1363163612461907e-13,1.0626579604884753e-11,Mwandi
mean_spei_lag4,-0.34527341789843186,0.2512555490225705,-1.374192208855119,0.19261108906303767,-0.8880780307686966,0.19753119497183297,Mwandi
pop_density_wi,58.59718643935419,113.14659551852272,0.5178873139825184,0.6132369532927614,-185.8411721041344,303.03554498284274,Mwandi
spei4_x_popdens,14.42932683597154,160.07445953233005,0.09014134346058664,0.9295489361063876,-331.3905182376111,360.2491719095542,Mwandi
percent_forest_2000,7.69645602953242e-06,1.492741397329106e-07,51.55920538750608,2.0156840367707317e-16,7.373968856833258e-06,8.01894320223158e-06,Mwandi
Intercept,2.4149623453246642e-14,3.3579376219938433e-14,0.719180228217203,0.48475792747928903,-4.8394208435820636e-14,9.669345534231391e-14,Mwansabombwe
mean_spei_lag4,-0.679330462687057,0.5133381817431667,-1.3233585321477987,0.2085193133308006,-1.7883301806896812,0.4296692553155673,Mwansabombwe
pop_density_wi,3.3317239404535712,6.304763219390604,0.5284455299140646,0.6060945510098075,-10.288888905126116,16.952336786033257,Mwansabombwe
spei4_x_popdens,3.7292718147957302,8.376525224819181,0.44520510769144517,0.6634946736963532,-14.367110730958668,21.82565436055013,Mwansabombwe
percent_forest_2000,2.4456804243273427e-07,4.808706687903329e-09,50.85942194144716,2.405578599491354e-16,2.3417946322607347e-07,2.549566216393951e-07,Mwansabombwe
Intercept,2.3899969791770988e-14,3.014133036883593e-14,0.7929301560120227,0.44205018094176074,-4.1216415601098614e-14,8.901635518464058e-14,Mwense
mean_spei_lag4,-0.3664395134809868,0.5361977481456248,-0.6834036784903957,0.5063501188722804,-1.5248243222397708,0.7919452952777972,Mwense
pop_density_wi,25.195823738272583,23.226102197490174,1.0848063753458925,0.29771576355692253,-24.98111946094544,75.37276693749061,Mwense
spei4_x_popdens,10.292857469556084,27.56099608994035,0.37345738288874597,0.7148273423111929,-49.249054623995576,69.83476956310774,Mwense
percent_forest_2000,2.573839324149369e-07,5.836842221521404e-09,44.096434792415614,1.5221412736868624e-15,2.4477420142685376e-07,2.6999366340302e-07,Mwense
Intercept,-5.587619504461434e-15,1.7011236845405417e-14,-0.328466386967659,0.7477898332062647,-4.233816239291001e-14,3.1162923383987146e-14,Mwinilunga
mean_spei_lag4,0.33523976800974903,0.4365336034267771,0.7679586757539988,0.4562354147765675,-0.607833746325442,1.2783132823449401,Mwinilunga
pop_density_wi,-9.072198064690172,24.551953614845644,-0.36951023152815643,0.7176966595454812,-62.11346910908736,43.96907297970702,Mwinilunga
spei4_x_popdens,-16.134334730325488,35.22714709932394,-0.45800855473292434,0.654508027870763,-92.23795918024642,59.96928971959544,Mwinilunga
percent_forest_2000,1.9873039415386463e-07,2.822354458115638e-09,70.41298217607584,3.5552618503027555e-18,1.926330680451286e-07,2.0482772026260065e-07,Mwinilunga
Intercept,2.555999926898353e-12,7.892304387532845e-14,32.385977547140264,8.131272062100091e-14,2.385497056637596e-12,2.7265027971591097e-12,Nakonde
mean_spei_lag4,-0.4148730889690494,0.42340439937189,-0.9798506807782428,0.34504374530953597,-1.3295826823797814,0.4998365044416827,Nakonde
pop_density_wi,4.382916381081842,4.799693437326082,0.9131659007629399,0.37777986655428797,-5.986190881539044,14.752023643702728,Nakonde
spei4_x_popdens,11.173067735619814,7.014244144854831,1.592911154057221,0.13519389733413678,-3.980285463689743,26.32642093492937,Nakonde
percent_forest_2000,5.663202833130024e-06,1.6542127816586272e-07,34.235032493532714,3.981738272673294e-14,5.3058318886687754e-06,6.020573777591272e-06,Nakonde
Intercept,2.462723838063827e-12,7.578459571849343e-13,3.2496364395896062,0.006332663105354008,8.254971857358005e-13,4.099950490391853e-12,Nalolo
mean_spei_lag4,-0.023284682807271802,0.3514906971326385,-0.06624551658755594,0.9481903122761057,-0.7826341679302548,0.7360648023157111,Nalolo
pop_density_wi,-147.70072387759788,39.32293859541293,-3.7560957841240117,0.002399482658184095,-232.652767899069,-62.748679856126756,Nalolo
spei4_x_popdens,-32.89136515409342,75.98273268496642,-0.43287947131968774,0.6721974496398251,-197.0420792789506,131.25934897076377,Nalolo
percent_forest_2000,5.700397315487431e-06,1.183940010836354e-07,48.147687072933536,4.886995350882368e-16,5.4446226264333345e-06,5.956172004541528e-06,Nalolo
Intercept,7.475162214129025e-11,2.7129189772864386e-12,27.553945682542857,6.458507689497945e-13,6.889071701524235e-11,8.061252726733814e-11,Namwala
mean_spei_lag4,-0.811184591190441,0.4176541080678227,-1.9422401827751516,0.07409132312047194,-1.7134714355023457,0.0911022531214638,Namwala
pop_density_wi,-9.107735380232358,21.333531015402027,-0.4269211399489802,0.6764222471420543,-55.196027117545775,36.98055635708106,Namwala
spei4_x_popdens,0.869111370880286,36.75270601886396,0.023647547759726852,0.9814928754874132,-78.53028275239942,80.26850549416,Namwala
percent_forest_2000,2.8901573071169254e-05,1.0474432754337714e-06,27.592494743164416,6.343994979024052e-13,2.6638709449501274e-05,3.1164436692837234e-05,Namwala
Intercept,-1.4917974802080975e-15,6.991108233120838e-15,-0.2133849785275256,0.8343367342994632,-1.6595168580968887e-14,1.361157362055269e-14,Nchelenge
mean_spei_lag4,-0.7328875032130265,0.37898941901808153,-1.9337941019880045,0.07520994084629183,-1.551644365190059,0.08586935876400603,Nchelenge
pop_density_wi,3.187403630302712,3.4307754117613745,0.9290621645986106,0.36978729640808583,-4.224336036623686,10.59914329722911,Nchelenge
spei4_x_popdens,9.262910440369271,6.4311409014696395,1.4403214891859262,0.17342360755190805,-4.630724788450159,23.156545669188702,Nchelenge
percent_forest_2000,3.723102088709739e-07,4.529788724535782e-09,82.19151742206888,4.780135486448424e-19,3.625241952900963e-07,3.820962224518515e-07,Nchelenge
Intercept,1.8432911122982957e-14,6.50067599119348e-16,28.355375883914498,4.4743972246576423e-13,1.7028525457264655e-14,1.983729678870126e-14,Ndola
mean_spei_lag4,-0.24071583539659003,0.522090928590119,-0.4610611336355362,0.6523736212242144,-1.3686247133453078,0.8871930425521278,Ndola
pop_density_wi,1.4825091089805955,0.7395269922960256,2.0046720733989942,0.0662833046773618,-0.11514182578262289,3.080160043743814,Ndola
spei4_x_popdens,1.5003223829904113,0.6315708931633529,2.375540733797496,0.03358659211286278,0.1358964210672169,2.8647483449136057,Ndola
percent_forest_2000,5.441991044825515e-07,1.7353822178366584e-08,31.359034274360294,1.2300937361517974e-13,5.067084509786104e-07,5.816897579864927e-07,Ndola
Intercept,1.2188241989119633e-12,7.575198259823947e-13,1.608966732100144,0.1316279214664664,-4.1769788978820283e-13,2.8553462876121292e-12,Ngabwe
mean_spei_lag4,0.1336166375559416,0.23016700990953975,0.5805203691374173,0.571490170546971,-0.3636289564039794,0.6308622315158626,Ngabwe
pop_density_wi,154.20926671549597,42.18440838976697,3.6555986584110496,0.0029060950891317393,63.07539303889243,245.3431403920995,Ngabwe
spei4_x_popdens,49.42225300241302,61.73088535061992,0.8006081999586404,0.43774590969998184,-83.93921684465457,182.7837228494806,Ngabwe
percent_forest_2000,3.9585750453217486e-07,5.3272570179599915e-09,74.30794181651173,1.7684902541574183e-18,3.8434866544566215e-07,4.073663436186876e-07,Ngabwe
Intercept,6.371075886702705e-14,3.0099585472738284e-15,21.166656572307613,1.8552715805580442e-11,5.720813876424976e-14,7.021337896980435e-14,Nkeyema
mean_spei_lag4,-0.28475832556716013,0.24642856918062153,-1.1555410418280054,0.2686659794173882,-0.8171348824815092,0.2476182313471889,Nkeyema
pop_density_wi,36.143356199843126,17.985244923429185,2.009611565131346,0.0656990162412089,-2.711403211507836,74.9981156111941,Nkeyema
spei4_x_popdens,4.470148135912709,25.93116421754821,0.1723851693819307,0.8657895240677675,-51.55072626522181,60.49102253704723,Nkeyema
percent_forest_2000,1.0403037130296636e-06,1.3377870245410898e-08,77.7630290880214,9.807250360970519e-19,1.0114025814612754e-06,1.0692048445980517e-06,Nkeyema
Intercept,3.1326319489174323e-12,1.9223549164541978e-12,1.6295804287252025,0.12716928752835108,-1.020363359183945e-12,7.28562725701881e-12,Nsama
mean_spei_lag4,-0.029117808296503987,0.2522279866187152,-0.11544241654880441,0.9098585987254397,-0.5740232448698441,0.5157876282768361,Nsama
pop_density_wi,60.15629826222973,30.83990734208957,1.9505991893863392,0.07299921643592482,-6.469270927782439,126.7818674522419,Nsama
spei4_x_popdens,48.595261564871045,43.538798140204825,1.1161369546394748,0.2845697494575803,-45.46459327721049,142.65511640695257,Nsama
percent_forest_2000,2.5985162926301836e-07,3.5141265195811087e-09,73.94487017331215,1.8844955244959744e-18,2.522598204752769e-07,2.674434380507598e-07,Nsama
Intercept,-2.7064843758751274e-13,6.561336291656366e-13,-0.4124898123750785,0.6867020005017392,-1.6881389644869673e-12,1.146842089311942e-12,Nyimba
mean_spei_lag4,-0.35349795023983205,0.35707260015101194,-0.9899890108911518,0.340248872630995,-1.1249064036871141,0.41791050320745,Nyimba
pop_density_wi,-18.819767717566204,41.3562238419415,-0.4550649447467227,0.6565692396059095,-108.16445745528226,70.52492202014984,Nyimba
spei4_x_popdens,24.523022487897116,48.058126406084206,0.5102783716676994,0.6184098927231815,-79.30024748804854,128.34629246384276,Nyimba
percent_forest_2000,4.447011173601132e-07,1.1002020449962377e-08,40.41995007940872,4.684133079667094e-15,4.209326972222714e-07,4.6846953749795497e-07,Nyimba
Intercept,6.383075034781709e-14,1.2516261001193696e-13,0.5099825765995887,0.6186114194759939,-2.0656662928282483e-13,3.34228129978459e-13,Pemba
mean_spei_lag4,0.07650654792557081,0.3240072655405726,0.23612602574799535,0.8170143618166075,-0.6234685930139225,0.7764816888650641,Pemba
pop_density_wi,-25.765208431462447,21.33059705110828,-1.2078990742607345,0.2486018953365598,-71.84716172427648,20.316744861351587,Pemba
spei4_x_popdens,-46.20595527937676,31.054688482036216,-1.4878898336431516,0.16063094904673267,-113.29553091212861,20.8836203533751,Pemba
percent_forest_2000,1.8739215029123164e-06,4.464168009895911e-08,41.9769484203622,2.875728645751449e-15,1.7774790164547657e-06,1.970363989369867e-06,Pemba
Intercept,5.041421498892894e-13,1.7824543483119737e-13,2.8283593931408335,0.014235263488425395,1.1906629932270655e-13,8.892180004558722e-13,Petauke
mean_spei_lag4,-0.35221179171790024,1.3571116903267684,-0.25953043823024907,0.7992906240095127,-3.2840733508166746,2.5796497673808743,Petauke
pop_density_wi,9.63812895336115,13.866072340684514,0.6950871679128534,0.49923705750271563,-20.317699119674664,39.593957026396964,Petauke
spei4_x_popdens,8.152723265968909,17.001806612691095,0.4795209974852474,0.6395345523888032,-28.577446843300514,44.88289337523833,Petauke
percent_forest_2000,2.3168914511768827e-06,2.51109860043519e-07,9.226604844490575,4.540140551639324e-07,1.7744015802105526e-06,2.859381322143213e-06,Petauke
Intercept,-1.2715661068192297e-13,2.6692095750308556e-13,-0.476383015674043,0.6417087057948141,-7.03804281024151e-13,4.4949105966030506e-13,Rufunsa
mean_spei_lag4,-0.011408970516828624,0.19856892645335744,-0.05745597118645106,0.9550557284846302,-0.44039105537377404,0.41757311434011685,Rufunsa
pop_density_wi,21.70038105935358,20.929273930762605,1.0368434725037248,0.3187110719735221,-23.514566343152524,66.91532846185969,Rufunsa
spei4_x_popdens,-14.623523600879283,21.50935345743109,-0.6798681155070759,0.5085143217076123,-61.091656631054725,31.844609429296163,Rufunsa
percent_forest_2000,9.618575961789825e-07,1.1605106190895113e-08,82.8822744365421,4.2881858776049067e-19,9.36786288509271e-07,9.86928903848694e-07,Rufunsa
Intercept,2.0189064971761623e-13,1.3924536673420665e-13,1.449891328183204,0.17078352406937033,-9.893067613238282e-14,5.027119755676152e-13,Samfya
mean_spei_lag4,-0.7004910618712983,0.24680561489856187,-2.838229843997686,0.01396856476182001,-1.2336821765367385,-0.16729994720585806,Samfya
pop_density_wi,-6.93164773787356,7.886237203878811,-0.878955014752062,0.39538198625328247,-23.968827410550084,10.105531934802961,Samfya
spei4_x_popdens,12.881259634073091,10.451952118192281,1.2324262002360733,0.2396146403956308,-9.698810120900804,35.46132938904699,Samfya
percent_forest_2000,8.044844657402135e-07,9.359148504707504e-09,85.95701471512825,2.672807419089609e-19,7.842652546594794e-07,8.247036768209475e-07,Samfya
Intercept,4.209145789425872e-12,3.796925870039988e-13,11.085667546576417,5.3741933325111826e-08,3.388869825371837e-12,5.029421753479907e-12,Senanga
mean_spei_lag4,-0.33226493837233023,0.14194565374191867,-2.3407897995696603,0.03583579468874275,-0.6389198796372392,-0.02560999710742129,Senanga
pop_density_wi,-10.122229424178682,27.146493863169223,-0.37287428259425914,0.7152509350230514,-68.7686638989807,48.52420505062334,Senanga
spei4_x_popdens,91.92912653072665,56.695053613150236,1.621466436172555,0.12890839690830927,-30.553090271499812,214.4113433329531,Senanga
percent_forest_2000,8.178374117831295e-06,6.512560547084548e-08,125.57847345453818,1.946201911341765e-21,8.037678801039035e-06,8.319069434623556e-06,Senanga
Intercept,1.2569107177653241e-15,7.24928249515364e-14,0.01733841547222923,0.9864299203648161,-1.5535431612584875e-13,1.578681375613794e-13,Senga Hill
mean_spei_lag4,-0.20325142854479064,0.3442462295303343,-0.590424559833503,0.5650292564979399,-0.9469501929270083,0.5404473358374271,Senga Hill
pop_density_wi,22.64360201506115,7.858723848311536,2.8813332103438367,0.012860458884254166,5.6658613333862355,39.621342696736065,Senga Hill
spei4_x_popdens,10.607945641661043,10.9042427675917,0.9728273542468004,0.3483935373462905,-12.949238655885754,34.165129939207844,Senga Hill
percent_forest_2000,1.5687111532822142e-06,3.0491263387648625e-08,51.44788962459543,2.0728571316168817e-16,1.502838783563641e-06,1.6345835230007876e-06,Senga Hill
Intercept,6.012997103596704e-13,3.2007035160251665e-13,1.8786485763180025,0.0828996048187299,-9.017024510486252e-14,1.2927696658242032e-12,Serenje
mean_spei_lag4,0.050963612111816804,0.21457115984090924,0.23751380264525324,0.815960389908319,-0.4125891961889695,0.5145164204126031,Serenje
pop_density_wi,82.55810364436655,17.20048664599271,4.799753945543195,0.00034699423908579743,45.398711418487686,119.71749587024541,Serenje
spei4_x_popdens,23.244297551055276,22.568082798885943,1.0299633229014347,0.32180983358107507,-25.511081164074838,71.99967626618539,Serenje
percent_forest_2000,6.44629125897115e-07,8.691491585761465e-09,74.16783638761801,1.8123178097866115e-18,6.258522998973413e-07,6.634059518968886e-07,Serenje
Intercept,2.4692327808933176e-11,3.5116166421433545e-13,70.3161259477969,3.61929543240732e-18,2.393368915621384e-11,2.5450966461652513e-11,Sesheke
mean_spei_lag4,-0.2643796001010926,0.19705079215479596,-1.3416825033284088,0.2026659339369388,-0.6900819552031274,0.16132275500094218,Sesheke
pop_density_wi,-41.76751857366967,30.63649129204395,-1.36332578608688,0.19592542130076207,-107.95363410494218,24.418596957602837,Sesheke
spei4_x_popdens,-26.927172667145985,54.28252230304516,-0.4960560328574749,0.6281357565543277,-144.19743244429063,90.34308710999865,Sesheke
percent_forest_2000,1.7641865378644905e-05,2.541079757001917e-07,69.42664955727163,4.268932920507613e-18,1.7092898472585456e-05,1.8190832284704355e-05,Sesheke
Intercept,4.1026688819980404e-13,4.576134004185279e-14,8.965360014033214,6.290016364684402e-07,3.11405523495731e-13,5.091282529038771e-13,Shibuyunji
mean_spei_lag4,-0.28350142065478956,0.46031456756784717,-0.6158862669776434,0.5486017553468999,-1.2779505845407715,0.7109477432311925,Shibuyunji
pop_density_wi,12.940158634630556,6.293964989905345,2.055962919302029,0.06044299713256375,-0.6571260544239053,26.537443323685018,Shibuyunji
spei4_x_popdens,1.511685910237754,9.995614869544376,0.15123490950453758,0.8821120388691863,-20.08252715598155,23.10589897645706,Shibuyunji
percent_forest_2000,2.3569652863995473e-06,8.310152995620165e-08,28.362477654042916,4.460070023508215e-13,2.177435345778213e-06,2.5364952270208814e-06,Shibuyunji
Intercept,1.8168781362056539e-13,5.671730574795435e-14,3.2033928837869454,0.006922227406645191,5.915752400376877e-14,3.0421810323736197e-13,Siavonga
mean_spei_lag4,-0.04692181545268675,0.2437730324344182,-0.19248156772759528,0.8503393256486655,-0.5735614340144576,0.47971780310908413,Siavonga
pop_density_wi,0.6890452098973621,5.19875177712141,0.1325405096141928,0.896586321464619,-10.54217518211672,11.920265601911444,Siavonga
spei4_x_popdens,11.650990444864401,7.908945785626789,1.4731407649851596,0.16450958902425591,-5.435248136053133,28.737229025781936,Siavonga
percent_forest_2000,1.1426460906987094e-06,2.0191028008927718e-08,56.59177384100869,6.036570291204957e-17,1.0990260266464955e-06,1.1862661547509233e-06,Siavonga
Intercept,2.1108912180211216e-12,1.1892913250591882e-13,17.749151730473336,1.7036909324771497e-10,1.853960447815236e-12,2.367821988227007e-12,Sikongo
mean_spei_lag4,-0.7098750667800257,0.5511587749264911,-1.2879683660569547,0.22021150597977152,-1.9005812088646672,0.4808310753046158,Sikongo
pop_density_wi,-214.91977545235196,51.40830373035144,-4.180643200749365,0.0010777634782087554,-325.980663513231,-103.85888739147295,Sikongo
spei4_x_popdens,43.197299380723024,103.81908811610542,0.4160824388325738,0.6841367226707858,-181.09020452767513,267.48480328912115,Sikongo
percent_forest_2000,5.759989305700376e-06,1.7256181231055472e-07,33.37928147934772,5.51430648713529e-14,5.387192175082546e-06,6.132786436318207e-06,Sikongo
Intercept,1.1459172739727306e-12,2.6665227425293477e-13,4.297421715915174,0.0008674062724196147,5.698500585026444e-13,1.7219844894428167e-12,Sinazongwe
mean_spei_lag4,-0.48065349517060507,0.295955265262658,-1.6240748234164,0.1283470891110695,-1.120025973958656,0.15871898361744596,Sinazongwe
pop_density_wi,11.61271239199251,13.585566165005039,0.8547831022240068,0.4081483568445735,-17.737118931161618,40.96254371514664,Sinazongwe
spei4_x_popdens,32.95175679926574,20.232921886200803,1.6286207688934635,0.12737390654470485,-10.758813472306507,76.66232707083799,Sinazongwe
percent_forest_2000,3.0802539918654212e-06,6.874209887488743e-08,44.80884410398308,1.2374384037768782e-15,2.9317457160767705e-06,3.228762267654072e-06,Sinazongwe
Intercept,4.508382996094567e-12,1.6036437045529398e-13,28.113370715045484,4.99346551945551e-13,4.161936836549848e-12,4.854829155639287e-12,Sinda
mean_spei_lag4,-0.39476981538998646,0.45316421186633793,-0.871140758808255,0.3994792823429444,-1.3737715749358808,0.5842319441559077,Sinda
pop_density_wi,-13.101527295351499,4.876956174582993,-2.6864148100473244,0.018671271574390906,-23.637550553854602,-2.565504036848397,Sinda
spei4_x_popdens,12.257998701853307,5.996838403897888,2.0440768745553863,0.06175244411837875,-0.6973830237893779,25.21338042749599,Sinda
percent_forest_2000,7.395071941500285e-06,2.5222458579160933e-07,29.319393739078922,2.91536688620474e-13,6.8501738519672305e-06,7.939970031033339e-06,Sinda
Intercept,5.279161053430505e-12,6.738116396640196e-14,78.34772720849458,8.898960455389575e-19,5.1335928987616304e-12,5.42472920809938e-12,Sioma
mean_spei_lag4,-0.05940660237034432,0.1684625875205033,-0.35263973588862296,0.7300102065402198,-0.4233478962359598,0.3045346914952711,Sioma
pop_density_wi,-33.751831091905665,12.750738533996575,-2.6470491102860483,0.020124398937526104,-61.29812696748151,-6.205535216329821,Sioma
spei4_x_popdens,-10.753368838904231,22.671599140358712,-0.4743101169145888,0.64314680479385,-59.732381013583634,38.225643335775175,Sioma
percent_forest_2000,8.600633923679697e-06,8.94374047248782e-08,96.16372422854212,6.228861663186263e-20,8.407416157796852e-06,8.793851689562543e-06,Sioma
Intercept,7.96650498951672e-14,6.241067039140777e-14,1.2764652165334678,0.2241233708932199,-5.51650062471495e-14,2.144951060374839e-13,Solwezi
mean_spei_lag4,0.04802750470908652,0.33116028974548234,0.1450279704308711,0.8869131983323684,-0.6674008055216009,0.763455814939774,Solwezi
pop_density_wi,21.681531469311302,9.826809269793657,2.2063653495298348,0.04595692814221315,0.4520007298285549,42.91106220879405,Solwezi
spei4_x_popdens,1.7223708021714388,11.99471107301359,0.14359418844581678,0.8880229180313021,-24.19062704327296,27.63536864761584,Solwezi
percent_forest_2000,6.783656639284179e-07,1.2116338867904232e-08,55.98767674989558,6.936659130150447e-17,6.521899052071372e-07,7.045414226496985e-07,Solwezi
Intercept,1.2273957309997488e-14,2.7061441983920008e-15,4.535588797260217,0.0005596703574640307,6.427688203927598e-15,1.812022641606738e-14,Vubwi
mean_spei_lag4,0.37837321320734507,0.2975996043415908,1.2714170573057642,0.22585754739501604,-0.2645516441874264,1.0212980706021164,Vubwi
pop_density_wi,7.289539386908424,2.7934193166498087,2.609539979715928,0.021611139894757474,1.2547238508654361,13.32435492295141,Vubwi
spei4_x_popdens,-4.09040954247576,6.17519315748501,-0.6623937807544912,0.5192900761358077,-17.43110328749889,9.25028420254737,Vubwi
percent_forest_2000,3.776207228086825e-07,5.054454699414933e-09,74.71047724542731,1.6487984180340012e-18,3.667012373005644e-07,3.885402083168006e-07,Vubwi
Intercept,7.841137493667728e-14,3.8690202598856005e-13,0.2026646790911241,0.8425345526749862,-7.57439635130272e-13,9.142623850036266e-13,Zambezi
mean_spei_lag4,0.06935618906861322,0.24561756134738372,0.28237471574974576,0.7821018575572141,-0.46126829194266444,0.5999806700798909,Zambezi
pop_density_wi,29.776657862232447,15.86878770952253,1.8764292778561837,0.08322349476411324,-4.505773721453771,64.05908944591866,Zambezi
spei4_x_popdens,-0.7935363042676369,32.19552090202749,-0.024647413119433782,0.9807105246152572,-70.34773053944322,68.76065793090795,Zambezi
percent_forest_2000,3.8465582460511647e-07,4.087066077572649e-09,94.11539165365478,8.237662736774912e-20,3.7582625515424345e-07,3.934853940559895e-07,Zambezi
Intercept,3.6087513309266335e-12,8.49092711596267e-14,42.50126378004467,2.449843696907298e-15,3.425316002870427e-12,3.79218665898284e-12,Zimba
mean_spei_lag4,-0.2481320472728055,0.23042805786448506,-1.0768308754254752,0.3011336850984317,-0.7459416010524236,0.2496775065068126,Zimba
pop_density_wi,-2.7337484033303117,5.223444780010413,-0.5233612143832909,0.6095287845932165,-14.0183147848197,8.550817978159076,Zimba
spei4_x_popdens,21.070261489478536,7.951509376497901,2.6498442612361672,0.02001768347398157,3.892069860936619,38.24845311802045,Zimba
percent_forest_2000,6.579744756144173e-06,1.456305370537778e-07,45.18107870270666,1.1119740111809156e-15,6.265129108469607e-06,6.894360403818739e-06,Zimba
