district,year,forest_cover_ha,loss_m2,percent_loss_annual,forest_2000_m2,population,pop_growth,district_area_km2,pop_density,mean_growing_spei,median_growing_spei,n_months,province,province_avg_start_date,province_avg_end_date,percent_forest_2000,mean_spei_lag1,mean_spei_lag2,mean_spei_lag3,mean_spei_lag4,mean_spei_lag5,pop_density_c,pop_density_c_scaled,pop_density_wi,spei4_x_popdens
Choma,2004,18359.28169398208,36849.504821777344,0.0200672938829772,183799465.47155908,177410.078125,0.0223646674649233,5150.563549558141,34.44478966582594,-0.4964550912380219,-0.6742873787879944,5.0,Southern,October 16,March 04,3568531.165629962,0.1577982537448406,0.1397087996204694,0.7382506012916565,0.925906411239079,,-44.85068520988234,-0.4485068520988234,-0.08107021567182471,-0.07506343245107736
Choma,2005,18297.90710047622,613745.9350585938,0.3342973572107514,183799465.47155908,181696.640625,0.0241618883510088,5150.563549558141,35.2770408280056,-0.5528935622423887,-0.5693356692790985,4.0,Southern,October 16,March 04,3568531.165629962,-0.4964550912380219,0.1577982537448406,0.1397087996204694,0.7382506012916565,0.925906411239079,-44.01843404770268,-0.44018434047702676,-0.07274770405002806,-0.05370603625752069
Choma,2006,18245.613680652,522934.1982421875,0.285789077062577,183799465.47155908,185922.859375,0.023259751723877,5150.563549558141,36.09757603921808,0.6370838522911072,0.5525215268135071,5.0,Southern,October 16,March 04,3568531.165629962,-0.5528935622423887,-0.4964550912380219,0.1577982537448406,0.1397087996204694,0.7382506012916565,-43.1978988364902,-0.43197898836490195,-0.06454235193790325,-0.00901713451392634
Choma,2007,18233.17913407608,124345.46575927734,0.0681508815957972,183799465.47155908,190117.875,0.0225632051868285,5150.563549558141,36.91205305413811,1.2623335123062134,1.2532198429107666,6.0,Southern,October 16,March 04,3568531.165629962,0.6370838522911072,-0.5528935622423887,-0.4964550912380219,0.1577982537448406,0.1397087996204694,-42.38342182157017,-0.42383421821570166,-0.056397581788702966,-0.008899439921689152
Choma,2008,18192.921293335683,402578.40740392345,0.2207944124519364,183799465.47155908,194558.609375,0.023357795131047,5150.563549558141,37.774237227243006,1.568096439043681,1.563310623168945,6.0,Southern,October 16,March 04,3568531.165629962,1.2623335123062134,0.6370838522911072,-0.5528935622423887,-0.4964550912380219,0.1577982537448406,-41.521237648465274,-0.41521237648465276,-0.04777574005765406,0.023718509389286664
Choma,2009,18084.304553013517,1086167.403221699,0.5970274843213756,183799465.47155908,199413.21875,0.0249519123856556,5150.563549558141,38.716776684972146,1.849772810935974,1.845197319984436,6.0,Southern,October 16,March 04,3568531.165629962,1.568096439043681,1.2623335123062134,0.6370838522911072,-0.5528935622423887,-0.4964550912380219,-40.578698190736134,-0.40578698190736134,-0.038350345480362646,0.021203659125863996
Choma,2010,18057.899108781334,264054.44232177734,0.1460130476943201,183799465.47155908,204935.28125,0.0276915569319549,5150.563549558141,39.78890451076583,1.9084587097167969,1.874561309814453,5.0,Southern,October 16,March 04,3568531.165629962,1.849772810935974,1.568096439043681,1.2623335123062134,0.6370838522911072,-0.5528935622423887,-39.50657036494245,-0.3950657036494245,-0.027629067222425807,-0.017602032581272995
Choma,2011,18024.555567320152,333435.4146118164,0.1846479552262371,183799465.47155908,210526.984375,0.0272852145852753,5150.563549558141,40.874553308455106,1.2170905768871307,1.150794804096222,4.0,Southern,October 16,March 04,3568531.165629962,1.9084587097167969,1.849772810935974,1.568096439043681,1.2623335123062134,0.6370838522911072,-38.420921567253174,-0.38420921567253175,-0.016772579245533048,-0.02117258886944803
Choma,2012,18009.38362006063,151719.47259521484,0.0841737661872192,183799465.47155908,215354.875,0.0229324076404398,5150.563549558141,41.811905227045486,1.0415011405944825,1.0186378955841064,5.0,Southern,October 16,March 04,3568531.165629962,1.2170905768871307,1.9084587097167969,1.849772810935974,1.568096439043681,1.2623335123062134,-37.483569648662794,-0.37483569648662796,-0.007399060059629259,-0.011602439731774966
Choma,2013,17969.954729231777,394288.9082885742,0.2189352598660713,183799465.47155908,221836.0,0.0300950930411953,5150.563549558141,43.07023840508307,0.8754370927810669,0.9002319574356079,5.0,Southern,October 16,March 04,3568531.165629962,1.0415011405944825,1.2170905768871307,1.9084587097167969,1.849772810935974,1.568096439043681,-36.22523647062521,-0.3622523647062521,0.005184271720746592,0.009589724873541301
Choma,2014,17902.253304593247,677014.2463852827,0.3767478864506997,183799465.47155908,229374.328125,0.0339815364728899,5150.563549558141,44.53383128234146,0.4092973500490188,0.3882888555526733,5.0,Southern,October 16,March 04,3568531.165629962,0.8754370927810669,1.0415011405944825,1.2170905768871307,1.9084587097167969,1.849772810935974,-34.76164359336682,-0.3476164359336682,0.019820200493330498,0.03782603425982974
Choma,2015,17873.836669874032,284166.34719214344,0.1587321675977145,183799465.47155908,235201.046875,0.0254026629642034,5150.563549558141,45.66510918891148,-0.4399275816977024,-0.4647121131420135,4.0,Southern,October 16,March 04,3568531.165629962,0.4092973500490188,0.8754370927810669,1.0415011405944825,1.2170905768871307,1.9084587097167969,-33.6303656867968,-0.336303656867968,0.031132979559030716,0.03789165605171594
Choma,2016,17807.904176374206,659324.9349982766,0.3688771175298668,183799465.47155908,242292.21875,0.030149406089883,5150.563549558141,47.04188510998682,0.0171982884407043,0.1031017005443573,5.0,Southern,October 16,March 04,3568531.165629962,-0.4399275816977024,0.4092973500490188,0.8754370927810669,1.0415011405944825,1.2170905768871307,-32.25358976572146,-0.3225358976572146,0.04490073876978412,0.04676417064226506
Choma,2017,17688.727550700187,1191766.256740196,0.669234428114969,183799465.47155908,248904.5,0.0272905225108472,5150.563549558141,48.32568273453361,0.4567333251237869,0.5275309085845947,5.0,Southern,October 16,March 04,3568531.165629962,0.0171982884407043,-0.4399275816977024,0.4092973500490188,0.8754370927810669,1.0415011405944825,-30.969792141174672,-0.30969792141174673,0.05773871501525196,0.05054661281386671
Choma,2018,17635.45358044293,532739.702572572,0.3011746893865659,183799465.47155908,256098.28125,0.0289017725673903,5150.563549558141,49.72238062609096,0.0115563154220581,0.0845300406217575,5.0,Southern,October 16,March 04,3568531.165629962,0.4567333251237869,0.0171982884407043,-0.4399275816977024,0.4092973500490188,0.8754370927810669,-29.57309424961732,-0.2957309424961732,0.07170569393082549,0.029348950509312882
Choma,2019,17581.542325383114,539112.5505981445,0.305698148413943,183799465.47155908,262435.28125,0.0247444065968327,5150.563549558141,50.95273142926543,-0.0660991668701171,-0.0300088003277778,4.0,Southern,October 16,March 04,3568531.165629962,0.0115563154220581,0.4567333251237869,0.0171982884407043,-0.4399275816977024,0.4092973500490188,-28.342743446442853,-0.28342743446442853,0.08400920196257017,-0.03695796505974737
Choma,2020,17535.462340940976,460799.8444213867,0.2620929585660486,183799465.47155908,269740.65625,0.027836863112322,5150.563549558141,52.3710956392608,-0.0599057624737421,-0.160097524523735,3.0,Southern,October 16,March 04,3568531.165629962,-0.0660991668701171,0.0115563154220581,0.4567333251237869,0.0171982884407043,-0.4399275816977024,-26.92437923644748,-0.26924379236447477,0.09819284406252393,0.001688748855000385
Lundazi,2004,1667.7866463853538,314075.10296247894,1.8483767833561997,17535491.341220986,93194.5625,0.0275496469228651,1340.7400733510442,69.50979116113805,0.19409514653186,0.1563149448484182,6.0,Eastern,November 26,May 04,1307896.414059796,0.2558286190032959,-0.0921728083863854,-0.9252852439880372,-0.4000319590171178,,-9.785683714570226,-0.09785683714570226,-0.16886863614392303,0.0675528513332024
Lundazi,2005,1621.6700723196225,461165.7406573128,2.765136305994605,17535491.341220986,95481.875,0.0245434115321909,1340.7400733510442,71.21579857112252,-0.3669761329889297,-0.3689591288566589,5.0,Eastern,November 26,May 04,1307896.414059796,0.19409514653186,0.2558286190032959,-0.0921728083863854,-0.9252852439880372,-0.4000319590171178,-8.07967630458576,-0.0807967630458576,-0.1518085620440784,0.14046622237042816
Lundazi,2006,1604.285494032676,173845.78286946614,1.072016964713412,17535491.341220986,97735.28125,0.0236003560885247,1340.7400733510442,72.89651677652967,0.2151446439325809,0.1192145496606826,5.0,Eastern,November 26,May 04,1307896.414059796,-0.3669761329889297,0.19409514653186,0.2558286190032959,-0.0921728083863854,-0.9252852439880372,-6.398958099178614,-0.06398958099178614,-0.13500137999000691,0.012443456329716511
Lundazi,2007,1562.6934791475417,415920.1488513423,2.5925569382656954,17535491.341220986,100902.640625,0.0324075332315063,1340.7400733510442,75.2589130664261,0.4879839241504669,0.517426073551178,5.0,Eastern,November 26,May 04,1307896.414059796,0.2151446439325809,-0.3669761329889297,0.19409514653186,0.2558286190032959,-0.0921728083863854,-4.036561809282176,-0.04036561809282176,-0.11137741709104254,-0.0284935308025555
Lundazi,2008,1499.223194919792,634702.8422774969,4.061595256823693,17535491.341220986,103572.390625,0.0264586732662626,1340.7400733510442,77.25016405762474,-0.7124151587486267,-0.7719948589801788,4.0,Eastern,November 26,May 04,1307896.414059796,0.4879839241504669,0.2151446439325809,-0.3669761329889297,0.19409514653186,0.2558286190032959,-2.0453108180835358,-0.020453108180835358,-0.09146490717905613,-0.017752894561441874
Lundazi,2009,1479.5146477773144,197085.47142477595,1.314583926480139,17535491.341220986,105806.6875,0.021572321170896,1340.7400733510442,78.91662940718024,0.6775213604172071,0.7298400104045868,6.0,Eastern,November 26,May 04,1307896.414059796,-0.7124151587486267,0.4879839241504669,0.2151446439325809,-0.3669761329889297,0.19409514653186,-0.37884546852804135,-0.0037884546852804137,-0.07480025368350118,0.027449907843362212
Lundazi,2010,1460.0472711719462,194673.7660536822,1.315794786798103,17535491.341220986,108481.84375,0.025283432580762,1340.7400733510442,80.91191268629765,0.0676934171468019,0.0238071586936712,5.0,Eastern,November 26,May 04,1307896.414059796,0.6775213604172071,-0.7124151587486267,0.4879839241504669,0.2151446439325809,-0.3669761329889297,1.6164378105893746,0.016164378105893745,-0.054847420892327026,-0.011800128838500096
Lundazi,2011,1359.7857883124373,1002614.8285950904,6.867002516913816,17535491.341220986,111497.125,0.0277952618223269,1340.7400733510442,83.16088048395855,0.0907888021320104,0.071020495146513,4.0,Eastern,November 26,May 04,1307896.414059796,0.0676934171468019,0.6775213604172071,-0.7124151587486267,0.4879839241504669,0.2151446439325809,3.8654056082502706,0.038654056082502705,-0.032357742915718066,-0.015790058364664072
Lundazi,2012,1349.2127301886578,105730.58123779295,0.7775532157091446,17535491.341220986,115423.4375,0.0352144730189232,1340.7400733510442,86.0893470659908,0.5334838728109995,0.5541225671768188,6.0,Eastern,November 26,May 04,1307896.414059796,0.0907888021320104,0.0676934171468019,0.6775213604172071,-0.7124151587486267,0.4879839241504669,6.793872190282514,0.06793872190282514,-0.0030730770953956293,0.002189306706763046
Lundazi,2013,1341.378239465882,78344.90722775926,0.5806712720299076,17535491.341220986,119361.6796875,0.0341199523493658,1340.7400733510442,89.02671148567042,-0.2133248160476795,-0.1910971254110336,5.0,Eastern,November 26,May 04,1307896.414059796,0.5334838728109995,0.0907888021320104,0.0676934171468019,0.6775213604172071,-0.7124151587486267,9.731236609962139,0.09731236609962139,0.02630056710140062,0.01781919600228499
Lundazi,2014,1324.639891602998,167383.47862883925,1.247846980844784,17535491.341220986,120221.21875,0.0072011307544461,1340.7400733510442,89.66780447571708,-0.782513952255249,-0.7670692205429077,5.0,Eastern,November 26,May 04,1307896.414059796,-0.2133248160476795,0.5334838728109995,0.0907888021320104,0.0676934171468019,0.6775213604172071,10.372329600008797,0.10372329600008796,0.03271149700186719,0.0022143530120437554
Lundazi,2015,1317.1822464236504,74576.45179347618,0.5629941561191271,17535491.341220986,125123.5546875,0.0407776263497579,1340.7400733510442,93.32424470223101,-1.588166892528534,-1.6134318709373474,4.0,Eastern,November 26,May 04,1307896.414059796,-0.782513952255249,-0.2133248160476795,0.5334838728109995,0.0907888021320104,0.0676934171468019,14.028769826522733,0.14028769826522733,0.06927589926700656,0.006289475911069343
Lundazi,2016,1303.261625792116,139206.2063153435,1.0568484861780476,17535491.341220986,128302.7109375,0.0254081356459225,1340.7400733510442,95.69543977067856,-1.8135643243789672,-1.7868635654449463,5.0,Eastern,November 26,May 04,1307896.414059796,-1.588166892528534,-0.782513952255249,-0.2133248160476795,0.5334838728109995,0.0907888021320104,16.39996489497028,0.16399964894970281,0.09298784995148204,0.04960751831648475
Lundazi,2017,1283.3818069880222,198798.188040939,1.5253897153621052,17535491.341220986,131721.90625,0.0266494393416643,1340.7400733510442,98.24566958812115,-1.4193787813186645,-1.399760127067566,5.0,Eastern,November 26,May 04,1307896.414059796,-1.8135643243789672,-1.588166892528534,-0.782513952255249,-0.2133248160476795,0.5334838728109995,18.950194712412866,0.18950194712412866,0.11849014812590788,-0.025276889052421595
Lundazi,2018,1272.5232700206554,108585.36967366537,0.8460878055339208,17535491.341220986,134210.59375,0.018893497451188,1340.7400733510442,100.10187389607458,-0.1001463507612546,0.0124691054224967,6.0,Eastern,November 26,May 04,1307896.414059796,-1.4193787813186645,-1.8135643243789672,-1.588166892528534,-0.782513952255249,-0.2133248160476795,20.8063990203663,0.208063990203663,0.13705219120544224,-0.10724525180541268
Lundazi,2019,1268.2428478832044,42804.22137451172,0.3363727986979516,17535491.341220986,138208.609375,0.0297891210618386,1340.7400733510442,103.08382073608165,0.8265796800454458,0.8125233352184296,6.0,Eastern,November 26,May 04,1307896.414059796,-0.1001463507612546,-1.4193787813186645,-1.8135643243789672,-1.588166892528534,-0.782513952255249,23.78834586037337,0.2378834586037337,0.16687165960551292,-0.26502004508676674
Lundazi,2020,1263.793532899672,44493.14983532476,0.3508251586798796,17535491.341220986,139956.65625,0.012647887008667,1340.7400733510442,104.3876132531733,1.4147166013717651,1.4535169005393982,6.0,Eastern,November 26,May 04,1307896.414059796,0.8265796800454458,-0.1001463507612546,-1.4193787813186645,-1.8135643243789672,-1.588166892528534,25.09213837746502,0.2509213837746502,0.1799095847764294,-0.3262776045643657
Masaiti,2004,180425.8110324569,1373044.4313964844,0.0760423538207089,1835151107.4188943,102578.0703125,-0.0077912984232866,3681.0146429421143,27.866792246855262,0.6019483606020609,0.9165102541446686,6.0,Copperbelt,November 13,May 07,49854490.82463084,1.5921240091323852,1.194110631942749,0.972777913014094,1.1943687597910564,,-51.42868262885302,-0.5142868262885302,-0.021183893320518676,-0.025301380392773933
Masaiti,2005,179999.9307155376,4258803.169193043,0.2360417916274144,1835151107.4188943,104743.3125,0.0211082366913675,3681.0146429421143,28.45501109343105,-0.2940201411644618,-0.4330760240554809,6.0,Copperbelt,November 13,May 07,49854490.82463084,0.6019483606020609,1.5921240091323852,1.194110631942749,0.972777913014094,1.1943687597910564,-50.840463782277226,-0.5084046378227722,-0.015301704854760734,-0.014885160514171776
Masaiti,2006,179595.3027299372,4046279.8560039448,0.2247934118596119,1835151107.4188943,103617.796875,-0.0107454652534499,3681.0146429421143,28.149248760440056,0.1009366247802972,0.017339589074254,5.0,Copperbelt,November 13,May 07,49854490.82463084,-0.2940201411644618,0.6019483606020609,1.5921240091323852,1.194110631942749,0.972777913014094,-51.14622611526822,-0.5114622611526822,-0.01835932818467073,-0.02192306898064149
Masaiti,2007,179531.00256949017,643001.604470167,0.0358028074619004,1835151107.4188943,104041.109375,0.0040853261965283,3681.0146429421143,28.264247623813677,0.2215848655129472,0.1836739405989646,6.0,Copperbelt,November 13,May 07,49854490.82463084,0.1009366247802972,-0.2940201411644618,0.6019483606020609,1.5921240091323852,1.194110631942749,-51.031227251894606,-0.5103122725189461,-0.017209339550934566,-0.027399402680354464
Masaiti,2008,179312.27361943678,2187289.5005337587,0.1218335256434128,1835151107.4188943,104791.9375,0.0072166485873748,3681.0146429421143,28.468220766501283,0.5251452399728199,0.4080472439527511,6.0,Copperbelt,November 13,May 07,49854490.82463084,0.2215848655129472,0.1009366247802972,-0.2940201411644618,0.6019483606020609,1.5921240091323852,-50.827254109207,-0.50827254109207,-0.015169608124058487,-0.00913132074125271
Masaiti,2009,178188.06814523714,11242054.741996497,0.6269540012557122,1835151107.4188943,105736.1484375,0.0090103395359018,3681.0146429421143,28.72472910159047,1.570489764213562,1.5546554327011108,7.0,Copperbelt,November 13,May 07,49854490.82463084,0.5251452399728199,0.2215848655129472,0.1009366247802972,-0.2940201411644618,0.6019483606020609,-50.57074577411781,-0.5057074577411781,-0.012604524773166592,0.003705984153117397
Masaiti,2010,167354.15479179364,108339133.53443503,6.080044228670252,1835151107.4188943,106782.1640625,0.0098926964945984,3681.0146429421143,29.008894128482066,1.360769748687744,1.2701042890548706,5.0,Copperbelt,November 13,May 07,49854490.82463084,1.570489764213562,0.5251452399728199,0.2215848655129472,0.1009366247802972,-0.2940201411644618,-50.28658074722621,-0.5028658074722621,-0.009762874504250563,-0.0009854316006126691
Masaiti,2011,167217.32759995977,1368271.9183385512,0.0817590647833528,1835151107.4188943,106147.1796875,-0.0059465396733141,3681.0146429421143,28.836391588668075,1.1543609738349914,1.1614936590194702,5.0,Copperbelt,November 13,May 07,49854490.82463084,1.360769748687744,1.570489764213562,0.5251452399728199,0.2215848655129472,0.1009366247802972,-50.4590832870402,-0.504590832870402,-0.011487899902390464,-0.00254554475489739
Masaiti,2012,159818.1713121291,73991562.8783069,4.4248741407541,1835151107.4188943,111576.9453125,0.0511531784545322,3681.0146429421143,30.311464673587988,0.9495715300242106,1.014334797859192,6.0,Copperbelt,November 13,May 07,49854490.82463084,1.1543609738349914,1.360769748687744,1.570489764213562,0.5251452399728199,0.2215848655129472,-48.98401020212029,-0.4898401020212029,0.003262830946808626,0.0017134601405525592
Masaiti,2013,157994.11896076077,18240523.51368336,1.141329760184725,1835151107.4188943,112719.9921875,0.0102444718467475,3681.0146429421143,30.621989620070245,0.0830004240851849,0.1564526038710028,6.0,Copperbelt,November 13,May 07,49854490.82463084,0.9495715300242106,1.1543609738349914,1.360769748687744,1.570489764213562,0.5251452399728199,-48.673485255638035,-0.4867348525563803,0.006368080411631172,0.010001005104155641
Masaiti,2014,153953.73472682745,40403842.339332975,2.5573003985906357,1835151107.4188943,112468.5859375,-0.0022303607826889,3681.0146429421143,30.553691535333733,-0.8461375832557678,-0.8948963284492493,5.0,Copperbelt,November 13,May 07,49854490.82463084,0.0830004240851849,0.9495715300242106,1.1543609738349914,1.360769748687744,1.570489764213562,-48.741783340374546,-0.48741783340374545,0.0056850995642660496,0.007736111505331115
Masaiti,2015,151956.99881520565,19967359.11621812,1.2969714019375898,1835151107.4188943,114674.53125,0.0196138796812637,3681.0146429421143,31.152967964926216,-1.2463791966438291,-1.330824375152588,5.0,Copperbelt,November 13,May 07,49854490.82463084,-0.8461375832557678,0.0830004240851849,0.9495715300242106,1.1543609738349914,1.360769748687744,-48.14250691078206,-0.4814250691078206,0.011677863860190874,0.013480470297962389
Masaiti,2016,147311.2975654442,46457012.49761437,3.0572473041607364,1835151107.4188943,114808.53125,0.0011685245061772,3681.0146429421143,31.189370971433384,-0.7934229224920273,-0.7221263647079468,5.0,Copperbelt,November 13,May 07,49854490.82463084,-1.2463791966438291,-0.8461375832557678,0.0830004240851849,0.9495715300242106,1.1543609738349914,-48.106103904274896,-0.48106103904274894,0.012041893925262559,0.011434639639000816
Masaiti,2017,143838.53144971156,34727661.15732637,2.357433661318361,1835151107.4188943,116577.3359375,0.0154065614135272,3681.0146429421143,31.66989193075406,0.4437276929616928,0.5088202953338623,5.0,Copperbelt,November 13,May 07,49854490.82463084,-0.7934229224920273,-1.2463791966438291,-0.8461375832557678,0.0830004240851849,0.9495715300242106,-47.62558294495422,-0.4762558294495422,0.016847103518469297,0.0013983167366399625
Masaiti,2018,140525.47162314123,33130598.265703507,2.3033187235568056,1835151107.4188943,117280.4453125,0.0060312698805962,3681.0146429421143,31.860901596077756,0.7445991992950439,0.7719189524650574,5.0,Copperbelt,November 13,May 07,49854490.82463084,0.4437276929616928,-0.7934229224920273,-1.2463791966438291,-0.8461375832557678,0.0830004240851849,-47.43457327963053,-0.47434573279630526,0.018757200171706234,-0.015871172021932185
Masaiti,2019,137488.7917197612,30366799.033800077,2.1609462457622794,1835151107.4188943,118576.2734375,0.011048970026906,3681.0146429421143,32.21293174284302,0.3009819775819778,0.2229304909706115,5.0,Copperbelt,November 13,May 07,49854490.82463084,0.7445991992950439,0.4437276929616928,-0.7934229224920273,-1.2463791966438291,-0.8461375832557678,-47.08254313286526,-0.4708254313286526,0.022277501639358877,-0.027766214596495704
Masaiti,2020,134303.68138890743,31851103.308537744,2.316632716756925,1835151107.4188943,119269.8125,0.0058488856361771,3681.0146429421143,32.401341496612886,0.2383178596695264,0.2104357853531837,6.0,Copperbelt,November 13,May 07,49854490.82463084,0.3009819775819778,0.7445991992950439,0.4437276929616928,-0.7934229224920273,-1.2463791966438291,-46.89413337909539,-0.46894133379095393,0.02416159917705757,-0.019170366631141977
Mbala,2004,65304.932216900444,1089819.4267527862,0.1666036103716706,656260963.2302241,98839.5546875,0.0269550618281273,3313.8853336905904,29.825882532098625,-0.7395268554488817,-0.8291032910346985,6.0,Northern,November 13,May 15,19803369.674814995,-0.5004970550537109,-0.6820757339398066,-0.7388016780217489,0.3993003604312737,,-49.469592343609655,-0.49469592343609653,-0.07658065464486996,-0.03057868300175947
Mbala,2005,65094.90181075421,2100304.0614624023,0.3216149209812454,656260963.2302241,101381.3125,0.0257159982209171,3313.8853336905904,30.59288487423136,-1.441631535689036,-1.4418392777442932,6.0,Northern,November 13,May 15,19803369.674814995,-0.7395268554488817,-0.5004970550537109,-0.6820757339398066,-0.7388016780217489,0.3993003604312737,-48.70259000147692,-0.4870259000147692,-0.06891063122354263,0.05091128998149122
Mbala,2006,64831.97870166111,2629231.090930894,0.4039073748931477,656260963.2302241,104367.046875,0.0294505397629369,3313.8853336905904,31.493861846682865,-0.6141878589987755,-0.633336529135704,8.0,Northern,November 13,May 15,19803369.674814995,-1.441631535689036,-0.7395268554488817,-0.5004970550537109,-0.6820757339398066,-0.7388016780217489,-47.80161302902542,-0.4780161302902542,-0.059900861499027624,0.04085692407057597
Mbala,2007,64330.64342912608,5013352.7253504135,0.7732839295898217,656260963.2302241,107257.1796875,0.0276920052740545,3313.8853336905904,32.365990035041555,-0.3150613945908844,-0.2688331976532936,6.0,Northern,November 13,May 15,19803369.674814995,-0.6141878589987755,-1.441631535689036,-0.7395268554488817,-0.5004970550537109,-0.6820757339398066,-46.929484840666724,-0.46929484840666724,-0.05117957961544067,0.02561522887641499
Mbala,2008,64016.36089717326,3142825.3195281383,0.4885424973233216,656260963.2302241,110274.8203125,0.028134625894435,3313.8853336905904,33.27659505638046,-0.4808168453829629,-0.4642218053340912,7.0,Northern,November 13,May 15,19803369.674814995,-0.3150613945908844,-0.6141878589987755,-1.441631535689036,-0.7395268554488817,-0.5004970550537109,-46.01887981932782,-0.46018879819327824,-0.04207352940205167,0.03111450489633534
Mbala,2009,63988.01263923259,283482.5794067383,0.0442828326124448,656260963.2302241,113534.5,0.0295596009883545,3313.8853336905904,34.260237928498114,0.5399407595396042,0.6205416023731232,6.0,Northern,November 13,May 15,19803369.674814995,-0.4808168453829629,-0.3150613945908844,-0.6141878589987755,-1.441631535689036,-0.7395268554488817,-45.035236947210166,-0.45035236947210167,-0.0322371006808751,0.04647402096073203
Mbala,2010,63473.44359767465,5145690.415579284,0.8041647495119011,656260963.2302241,116632.984375,0.0272911262655843,3313.8853336905904,35.19523840769372,-1.2330987453460691,-1.187516212463379,5.0,Northern,November 13,May 15,19803369.674814995,0.5399407595396042,-0.4808168453829629,-0.3150613945908844,-0.6141878589987755,-1.441631535689036,-44.10023646801456,-0.4410023646801456,-0.022887095888919018,0.014056976422714848
Mbala,2011,63027.499845744285,4459437.5193036245,0.7025674465639037,656260963.2302241,119926.7734375,0.0282406309000013,3313.8853336905904,36.18917414500295,-1.2115724086761477,-1.2126360535621643,6.0,Northern,November 13,May 15,19803369.674814995,-1.2330987453460691,0.5399407595396042,-0.4808168453829629,-0.3150613945908844,-0.6141878589987755,-43.10630073070533,-0.43106300730705327,-0.012947738515826701,0.004079332553594468
Mbala,2012,62746.639798294,2808600.4745028624,0.4456150856969941,656260963.2302241,123681.25,0.0313064085265051,3313.8853336905904,37.32212721502325,-1.4347570538520813,-1.4371400475502014,6.0,Northern,November 13,May 15,19803369.674814995,-1.2115724086761477,-1.2330987453460691,0.5399407595396042,-0.4808168453829629,-0.3150613945908844,-41.97334766068503,-0.4197334766068503,-0.0016182078156237178,0.0007780615770822513
Mbala,2013,62360.13460075773,3865051.975362621,0.6159775229059687,656260963.2302241,127183.4921875,0.0283166784577291,3313.8853336905904,38.378965890729525,-1.1831946869691212,-1.1074679493904114,6.0,Northern,November 13,May 15,19803369.674814995,-1.4347570538520813,-1.2115724086761477,-1.2330987453460691,0.5399407595396042,-0.4808168453829629,-40.916508984978755,-0.40916508984978756,0.008950178941439013,0.0048325664156559514
Mbala,2014,61747.96691023913,6121676.905186073,0.9816651205739522,656260963.2302241,130836.5546875,0.0287227724067717,3313.8853336905904,39.48131619321621,-0.5020188093185425,-0.5621011853218079,5.0,Northern,November 13,May 15,19803369.674814995,-1.1831946869691212,-1.4347570538520813,-1.2115724086761477,-1.2330987453460691,0.5399407595396042,-39.81415868249207,-0.39814158682492073,0.019973681966305834,-0.02462952217259313
Mbala,2015,61517.261229118514,2307056.8112060544,0.3736247404808878,656260963.2302241,134601.703125,0.0287774960636419,3313.8853336905904,40.61748961455389,0.1717702285386622,0.2474073916673659,6.0,Northern,November 13,May 15,19803369.674814995,-0.5020188093185425,-1.1831946869691212,-1.4347570538520813,-1.2115724086761477,-1.2330987453460691,-38.67798526115439,-0.3867798526115439,0.03133541617968266,-0.03796512565768765
Mbala,2016,60999.0496017152,5182116.274033012,0.8423841000873613,656260963.2302241,137881.1875,0.0243643601742131,3313.8853336905904,41.60710876089524,-0.3855552275975545,-0.3231915533542633,6.0,Northern,November 13,May 15,19803369.674814995,0.1717702285386622,-0.5020188093185425,-1.1831946869691212,-1.4347570538520813,-1.2115724086761477,-37.68836611481304,-0.37688366114813043,0.041231607643096135,-0.059157339907593566
Mbala,2017,60097.864336780665,9011852.649345368,1.4773759112948486,656260963.2302241,141399.4375,0.0255165339361469,3313.8853336905904,42.66877796357758,-0.5181973814964295,-0.53557950258255,5.0,Northern,November 13,May 15,19803369.674814995,-0.3855552275975545,0.1717702285386622,-0.5020188093185425,-1.1831946869691212,-1.4347570538520813,-36.6266969121307,-0.36626696912130696,0.051848299669919606,-0.06134663269783172
Mbala,2018,59474.544817471775,6233195.193088906,1.0371741594940689,656260963.2302241,144491.765625,0.0218694513901442,3313.8853336905904,43.6019207291289,-0.0633341035406504,-0.0753164663910865,7.0,Northern,November 13,May 15,19803369.674814995,-0.5181973814964295,-0.3855552275975545,0.1717702285386622,-0.5020188093185425,-1.1831946869691212,-35.69355414657938,-0.3569355414657938,0.06117972732543275,-0.030713373866346847
Mbala,2019,58943.37680184754,5311680.156242341,0.8931014390347942,656260963.2302241,148084.1875,0.0248624678331041,3313.8853336905904,44.68597208071843,0.4684065779050191,0.474637970328331,6.0,Northern,November 13,May 15,19803369.674814995,-0.0633341035406504,-0.5181973814964295,-0.3855552275975545,0.1717702285386622,-0.5020188093185425,-34.60950279498985,-0.3460950279498985,0.07202024084132808,0.012370933228724417
Mbala,2020,58325.19274412101,6181840.577265242,1.0487761157707336,656260963.2302241,151323.84375,0.0218771247942999,3313.8853336905904,45.66357266848291,1.1445396939913433,1.1333091259002686,6.0,Northern,November 13,May 15,19803369.674814995,0.4684065779050191,-0.0633341035406504,-0.5181973814964295,-0.3855552275975545,0.1717702285386622,-33.63190220722537,-0.3363190220722537,0.08179624671897284,-0.031536970520359295
Mkushi,2004,301466.8499670677,7111607.479883531,0.2353449697764257,3044260089.6612544,106279.5234375,0.0363013799852245,8422.814450305337,12.618053509851121,0.5364020119110743,0.7647735178470612,6.0,Central,November 18,April 22,36143026.866167,1.5290632724761963,1.2801506996154786,1.3120884656906129,1.6020159125328064,,-66.67742136585716,-0.6667742136585716,-0.04631544308303226,-0.07419807681502519
Mkushi,2005,300177.9779583102,12888720.087574918,0.4275335775387205,3044260089.6612544,110267.7265625,0.03752560226096,8422.814450305337,13.091553567169305,-0.1586543088778853,-0.2837470304220915,4.0,Central,November 18,April 22,36143026.866167,0.5364020119110743,1.5290632724761963,1.2801506996154786,1.3120884656906129,1.6020159125328064,-66.20392130853898,-0.6620392130853898,-0.04158044250985049,-0.05455721901548646
Mkushi,2006,299827.8957217316,3500822.365786085,0.1166248899935055,3044260089.6612544,114439.1171875,0.0378296601828971,8422.814450305337,13.586802589881515,0.3770414635539055,0.2750328779220581,5.0,Central,November 18,April 22,36143026.866167,-0.1586543088778853,0.5364020119110743,1.5290632724761963,1.2801506996154786,1.3120884656906129,-65.70867228582676,-0.6570867228582676,-0.036627952282728304,-0.046889298740217
Mkushi,2007,298832.2567800345,9956389.416970886,0.3320701495437685,3044260089.6612544,118670.859375,0.0369781093344734,8422.814450305337,14.08921686155606,0.4573425829410553,0.4157001674175262,5.0,Central,November 18,April 22,36143026.866167,0.3770414635539055,-0.1586543088778853,0.5364020119110743,1.5290632724761963,1.2801506996154786,-65.20625801415221,-0.6520625801415221,-0.03160380956598274,-0.04832422447767609
Mkushi,2008,295173.1733637658,36590834.16268741,1.2244606575260486,3044260089.6612544,123203.8359375,0.0381978910945255,8422.814450305337,14.627395232840932,0.422577458123366,0.3035026118159294,6.0,Central,November 18,April 22,36143026.866167,0.4573425829410553,0.3770414635539055,-0.1586543088778853,0.5364020119110743,1.5290632724761963,-64.66807964286735,-0.6466807964286736,-0.026222025853134268,-0.014065547424005426
Mkushi,2009,294492.7157969969,6804575.667689185,0.2305282553338055,3044260089.6612544,128034.390625,0.0392078270188802,8422.814450305337,15.200903614866952,1.4767685532569883,1.4517647624015808,6.0,Central,November 18,April 22,36143026.866167,0.422577458123366,0.4573425829410553,0.3770414635539055,-0.1586543088778853,0.5364020119110743,-64.09457126084132,-0.6409457126084132,-0.020486942032873823,0.0032503416292468945
Mkushi,2010,293040.28098504606,14524348.119508032,0.4931988922102957,3044260089.6612544,133059.375,0.0392471456338452,8422.814450305337,15.79749569280568,1.3729966163635254,1.2657634019851685,5.0,Central,November 18,April 22,36143026.866167,1.4767685532569883,0.422577458123366,0.4573425829410553,0.3770414635539055,-0.1586543088778853,-63.4979791829026,-0.634979791829026,-0.014521021253486643,-0.005475027105711972
Mkushi,2011,291649.57453257754,13907064.524684772,0.4745785964283339,3044260089.6612544,138349.625,0.0397585664294606,8422.814450305337,16.42558147472721,0.9339965283870696,0.9852003455162048,4.0,Central,November 18,April 22,36143026.866167,1.3729966163635254,1.4767685532569883,0.422577458123366,0.4573425829410553,0.3770414635539055,-62.86989340098107,-0.6286989340098107,-0.008240163434271364,-0.003768577628886102
Mkushi,2012,287423.04321396456,42265313.18612994,1.449181376446989,3044260089.6612544,143998.4375,0.0408299805655418,8422.814450305337,17.096237647118045,0.7528061171372732,0.7318863272666931,6.0,Central,November 18,April 22,36143026.866167,0.9339965283870696,1.3729966163635254,1.4767685532569883,0.422577458123366,0.4573425829410553,-62.199237228590235,-0.6219923722859023,-0.0015336017103629862,-0.0006480655125388373
Mkushi,2013,284818.9988449841,26040443.68980449,0.9059970765955384,3044260089.6612544,149533.328125,0.0384371575212405,8422.814450305337,17.753368426580884,-0.2348074810579419,-0.1907228725031018,6.0,Central,November 18,April 22,36143026.866167,0.7528061171372732,0.9339965283870696,1.3729966163635254,1.4767685532569883,0.422577458123366,-61.542106449127395,-0.615421064491274,0.005037706084265348,0.007439525925794465
Mkushi,2014,279803.5491443614,50154497.00622678,1.7609252616439368,3044260089.6612544,154828.171875,0.0354091212734453,8422.814450305337,18.38199960220984,-1.102020835876465,-1.134155035018921,5.0,Central,November 18,April 22,36143026.866167,-0.2348074810579419,0.7528061171372732,0.9339965283870696,1.3729966163635254,1.4767685532569883,-60.913475273498435,-0.6091347527349843,0.011324017840555034,0.015547838178722257
Mkushi,2015,277170.61054479453,26329385.995668896,0.9409954261189358,3044260089.6612544,160593.90625,0.0372395689051663,8422.814450305337,19.066537343011074,-1.308309006690979,-1.355696201324463,5.0,Central,November 18,April 22,36143026.866167,-1.102020835876465,-0.2348074810579419,0.7528061171372732,0.9339965283870696,1.3729966163635254,-60.2289375326972,-0.602289375326972,0.01816939524856731,0.016970152085054386
Mkushi,2016,274275.10610063886,28955044.441556323,1.0446650308502603,3044260089.6612544,166258.4375,0.0352723922237865,8422.814450305337,19.739059726523234,-0.8556132614612579,-0.8096746206283569,5.0,Central,November 18,April 22,36143026.866167,-1.308309006690979,-1.102020835876465,-0.2348074810579419,0.7528061171372732,0.9339965283870696,-59.55641514918504,-0.5955641514918504,0.02489461908368895,0.01874082153000334
Mkushi,2017,269907.1385332697,43679675.67369169,1.5925497685402208,3044260089.6612544,172010.671875,0.0345981500938861,8422.814450305337,20.421994677653668,0.1231490679085254,0.2665896117687225,5.0,Central,November 18,April 22,36143026.866167,-0.8556132614612579,-1.308309006690979,-1.102020835876465,-0.2348074810579419,0.7528061171372732,-58.87348019805461,-0.5887348019805461,0.03172396859499327,-0.007449025154951626
Mkushi,2018,266443.7625806156,34633759.526541434,1.283173157803396,3044260089.6612544,177634.5625,0.032695009929889,8422.814450305337,21.089691996427693,0.3204956613481045,0.3122638612985611,6.0,Central,November 18,April 22,36143026.866167,0.1231490679085254,-0.8556132614612579,-1.308309006690979,-1.102020835876465,-0.2348074810579419,-58.20578287928059,-0.5820578287928059,0.038400941782733455,-0.04231863796185139
Mkushi,2019,264322.7523759387,21210102.046768725,0.7960442324241449,3044260089.6612544,183500.859375,0.0330245240140132,8422.814450305337,21.786169036211867,0.1202062029391527,0.0326767899096012,5.0,Central,November 18,April 22,36143026.866167,0.3204956613481045,0.1231490679085254,-0.8556132614612579,-1.308309006690979,-1.102020835876465,-57.50930583949641,-0.5750930583949642,0.04536571218057517,-0.05935236984079715
Mkushi,2020,260755.7846409245,35669677.3501417,1.3494743464009384,3044260089.6612544,189269.921875,0.0314388854616229,8422.814450305337,22.471101909188885,0.2697696667164564,0.2934897840023041,6.0,Central,November 18,April 22,36143026.866167,0.1202062029391527,0.3204956613481045,0.1231490679085254,-0.8556132614612579,-1.308309006690979,-56.82437296651939,-0.5682437296651939,0.052215040910345456,-0.044675881450633684
Mpongwe,2004,553346.1821093683,1850097.299061734,0.0334235419130442,5565799105.7746525,78332.875,0.0314387667431472,8900.634306001295,8.800819391847577,0.1781239161888758,0.2862074822187423,6.0,Copperbelt,November 13,May 07,62532611.883873105,1.355570411682129,0.9334286351998649,0.864863932132721,1.056068221728007,,-70.4946554838607,-0.704946554838607,-0.027715517889765007,-0.0292694776921149
Mpongwe,2005,552329.8211788656,10163609.305026663,0.1836754211673197,5565799105.7746525,81122.609375,0.0356138386979922,8900.634306001295,9.114250354079001,-0.6067682451878985,-0.6986681520938873,6.0,Copperbelt,November 13,May 07,62532611.883873105,0.1781239161888758,1.355570411682129,0.9334286351998649,0.864863932132721,1.056068221728007,-70.18122452162928,-0.7018122452162927,-0.024581208267450694,-0.021259400438760755
Mpongwe,2006,551818.502508612,5113186.702536908,0.0925748801979146,5565799105.7746525,83489.8671875,0.0291812335764132,8900.634306001295,9.380215422535287,-0.1510206547876199,-0.2042491547763347,6.0,Copperbelt,November 13,May 07,62532611.883873105,-0.6067682451878985,0.1781239161888758,1.355570411682129,0.9334286351998649,0.864863932132721,-69.915259453173,-0.69915259453173,-0.02192155758288794,-0.020462209576050338
Mpongwe,2007,551668.894565863,1496079.4274902344,0.0271118025345097,5565799105.7746525,86529.0390625,0.0364016853467341,8900.634306001295,9.721671072830999,0.0335184186697006,0.0511451289057731,6.0,Copperbelt,November 13,May 07,62532611.883873105,-0.1510206547876199,-0.6067682451878985,0.1781239161888758,1.355570411682129,0.9334286351998649,-69.57380380287728,-0.6957380380287728,-0.01850700107993075,-0.025087543072923334
Mpongwe,2008,551044.2634766164,6246310.892465629,0.1132257220589023,5565799105.7746525,89041.09375,0.0290313484896733,8900.634306001295,10.003904293648333,0.5248610933000842,0.4458230882883072,6.0,Copperbelt,November 13,May 07,62532611.883873105,0.0335184186697006,-0.1510206547876199,-0.6067682451878985,0.1781239161888758,1.355570411682129,-69.29157058205995,-0.6929157058205995,-0.015684668871757457,-0.0027938146435631944
Mpongwe,2009,547794.4713100815,32497921.665348068,0.5897515647892616,5565799105.7746525,91953.46875,0.0327082123247166,8900.634306001295,10.331114119361127,1.5228020548820496,1.6008738279342651,6.0,Copperbelt,November 13,May 07,62532611.883873105,0.5248610933000842,0.0335184186697006,-0.1510206547876199,-0.6067682451878985,0.1781239161888758,-68.96436075634715,-0.6896436075634714,-0.012412570614629415,0.007531553690109565
Mpongwe,2010,533244.350471726,145501208.3835557,2.656127726802012,5565799105.7746525,95288.5234375,0.0362689383319212,8900.634306001295,10.705812660256276,1.5839080214500427,1.5446040630340576,6.0,Copperbelt,November 13,May 07,62532611.883873105,1.5228020548820496,0.5248610933000842,0.0335184186697006,-0.1510206547876199,-0.6067682451878985,-68.58966221545201,-0.6858966221545201,-0.008665585205678061,0.0013086823518794126
Mpongwe,2011,532651.2137943502,5931366.773758473,0.1112316852210695,5565799105.7746525,98301.109375,0.0316154121065372,8900.634306001295,11.044281339445662,1.2798415899276734,1.3458772897720337,5.0,Copperbelt,November 13,May 07,62532611.883873105,1.5839080214500427,1.5228020548820496,0.5248610933000842,0.0335184186697006,-0.1510206547876199,-68.25119353626262,-0.6825119353626262,-0.0052808984137842074,-0.00017700736398537688
Mpongwe,2012,520747.8051804624,119034086.13887796,2.234747299099097,5565799105.7746525,101869.796875,0.0363036340351576,8900.634306001295,11.445228887374219,1.0445878207683563,1.12704735994339,6.0,Copperbelt,November 13,May 07,62532611.883873105,1.2798415899276734,1.5839080214500427,1.5228020548820496,0.5248610933000842,0.0335184186697006,-67.85024598833407,-0.6785024598833407,-0.0012714229344986672,-0.0006673204314477718
Mpongwe,2013,517279.3122296856,34684929.50776774,0.6660600229653941,5565799105.7746525,105144.375,0.0321447399077283,8900.634306001295,11.813132793143282,0.2415840576092402,0.3036238849163055,6.0,Copperbelt,November 13,May 07,62532611.883873105,1.0445878207683563,1.2798415899276734,1.5839080214500427,1.5228020548820496,0.5248610933000842,-67.482342082565,-0.6748234208256499,0.002407616123192069,0.0036663227797640364
Mpongwe,2014,509271.4732157711,80078390.13914508,1.548068678679115,5565799105.7746525,109354.640625,0.0400427091320862,8900.634306001295,12.286162633517828,-0.6380797982215881,-0.6499847769737244,5.0,Copperbelt,November 13,May 07,62532611.883873105,0.2415840576092402,1.0445878207683563,1.2798415899276734,1.5839080214500427,1.5228020548820496,-67.00931224219045,-0.6700931224219044,0.007137914526937572,0.011305800075641208
Mpongwe,2015,505064.3224348676,42071507.8090356,0.8261116127981215,5565799105.7746525,112828.1328125,0.0317635554161011,8900.634306001295,12.676414841178802,-0.9465685844421386,-0.9117324948310852,5.0,Copperbelt,November 13,May 07,62532611.883873105,-0.6380797982215881,0.2415840576092402,1.0445878207683563,1.2798415899276734,1.5839080214500427,-66.61906003452948,-0.6661906003452949,0.011040436603547144,0.014130009936179458
Mpongwe,2016,497800.2108306087,72641116.04258962,1.4382547492642843,5565799105.7746525,116609.859375,0.0335175852709053,8900.634306001295,13.101297656547382,-0.4055412448942661,-0.2819712162017822,5.0,Copperbelt,November 13,May 07,62532611.883873105,-0.9465685844421386,-0.6380797982215881,0.2415840576092402,1.0445878207683563,1.2798415899276734,-66.19417721916089,-0.6619417721916089,0.015289264757233134,0.01597097975390859
Mpongwe,2017,491781.5699804857,60186408.50122884,1.2090474690801016,5565799105.7746525,120288.9140625,0.0315501168359075,8900.634306001295,13.514645128313454,0.8045647978782654,0.8716135621070862,5.0,Copperbelt,November 13,May 07,62532611.883873105,-0.4055412448942661,-0.9465685844421386,-0.6380797982215881,0.2415840576092402,1.0445878207683563,-65.78082974739482,-0.6578082974739482,0.019422739474893813,0.004692224212232011
Mpongwe,2018,485260.2270936957,65213428.86789981,1.3260649208649185,5565799105.7746525,123523.5859375,0.0268908560710701,8900.634306001295,13.878065505310518,0.85551837682724,0.9114232659339904,5.0,Copperbelt,November 13,May 07,62532611.883873105,0.8045647978782654,-0.4055412448942661,-0.9465685844421386,-0.6380797982215881,0.2415840576092402,-65.41740937039776,-0.6541740937039776,0.023056943244864403,-0.014712169693289687
Mpongwe,2019,479987.04175067967,52731853.430160224,1.0866716554534064,5565799105.7746525,127065.8515625,0.0286768360723619,8900.634306001295,14.27604451480781,0.3378117278218269,0.2824222147464752,5.0,Copperbelt,November 13,May 07,62532611.883873105,0.85551837682724,0.8045647978782654,-0.4055412448942661,-0.9465685844421386,-0.6380797982215881,-65.01943036090047,-0.6501943036090048,0.02703673333983725,-0.02559212240542932
Mpongwe,2020,473493.2165242772,64938252.26402492,1.352916779319136,5565799105.7746525,130280.8046875,0.0253014723111397,8900.634306001295,14.63724945981182,0.3620344251394272,0.3376869857311248,6.0,Copperbelt,November 13,May 07,62532611.883873105,0.3378117278218269,0.85551837682724,0.8045647978782654,-0.4055412448942661,-0.9465685844421386,-64.65822541589645,-0.6465822541589645,0.030648782789877482,-0.012429345527100871
Mufumbwe,2004,1255379.4798528643,1946443.8765064916,0.0155024210751705,12578980032.22919,50955.9453125,0.0236793979679472,18987.32825820203,2.683681696527702,-0.2346899096543589,-0.3166865957900881,6.0,North-Western,November 04,May 06,66249341.98836216,0.2593983213106791,-0.1191818391283353,0.1922334395349025,0.1815708018839359,,-76.61179317918058,-0.7661179317918058,-0.005841897198628487,-0.0010607179588784932
Mufumbwe,2005,1254306.6250267704,10728548.260938937,0.0854605992300938,12578980032.22919,52185.7265625,0.0241342053897353,18987.32825820203,2.748450221792375,-0.8345907007654508,-0.9310867488384248,6.0,North-Western,November 04,May 06,66249341.98836216,-0.2346899096543589,0.2593983213106791,-0.1191818391283353,0.1922334395349025,0.1815708018839359,-76.5470246539159,-0.765470246539159,-0.005194211945981686,-0.0009985012280493387
Mufumbwe,2006,1253620.948856884,6856761.698864267,0.0546657536686288,12578980032.22919,53530.71875,0.0257731812143915,18987.32825820203,2.819286527417365,0.2127089050288001,0.3170278221368789,6.0,North-Western,November 04,May 06,66249341.98836216,-0.8345907007654508,-0.2346899096543589,0.2593983213106791,-0.1191818391283353,0.1922334395349025,-76.47618834829092,-0.7647618834829092,-0.004485848889731914,0.0005346317207300504
Mufumbwe,2007,1253298.132796561,3228160.6032255283,0.0257506912768898,12578980032.22919,54869.8515625,0.0250161560272343,18987.32825820203,2.8898142390727175,0.5423579389850298,0.6256462037563324,6.0,North-Western,November 04,May 06,66249341.98836216,0.2127089050288001,-0.8345907007654508,-0.2346899096543589,0.2593983213106791,-0.1191818391283353,-76.40566063663556,-0.7640566063663556,-0.003780571773178365,-0.0009806739715570053
Mufumbwe,2008,1252618.1042070957,6800285.894658107,0.0542591241198469,12578980032.22919,56103.05078125,0.0224749873315277,18987.32825820203,2.954762777486345,0.9002911349137624,0.9395227432250975,6.0,North-Western,November 04,May 06,66249341.98836216,0.5423579389850298,0.2127089050288001,-0.8345907007654508,-0.2346899096543589,0.2593983213106791,-76.34071209822193,-0.7634071209822193,-0.003131086389042026,0.0007348343817642659
Mufumbwe,2009,1243940.4820582718,86776221.48823696,0.6927588001226129,12578980032.22919,57486.64453125,0.0246616490677973,18987.32825820203,3.0276321001833035,1.55450815813882,1.5645935535430908,7.0,North-Western,November 04,May 06,66249341.98836216,0.9002911349137624,0.5423579389850298,0.2127089050288001,-0.8345907007654508,-0.2346899096543589,-76.26784277552498,-0.7626784277552499,-0.0024023931620725802,0.002005014992648282
Mufumbwe,2010,1242802.2554337375,11382266.24534146,0.0915016948922502,12578980032.22919,59007.73828125,0.0264599501745683,18987.32825820203,3.107743094701078,1.7068104147911072,1.7870697379112244,6.0,North-Western,November 04,May 06,66249341.98836216,1.55450815813882,0.9002911349137624,0.5423579389850298,0.2127089050288001,-0.8345907007654508,-76.1877317810072,-0.7618773178100721,-0.0016012832168947888,-0.00034060719970668515
Mufumbwe,2011,1240491.1198325383,23111356.01199089,0.185961651670201,12578980032.22919,60603.609375,0.0270451154413606,18987.32825820203,3.1917923654593596,1.6907737970352172,1.7235653400421145,5.0,North-Western,November 04,May 06,66249341.98836216,1.7068104147911072,1.55450815813882,0.9002911349137624,0.5423579389850298,0.2127089050288001,-76.10368251024892,-0.7610368251024892,-0.0007607905093118816,-0.00041262077262976327
Mufumbwe,2012,1239580.484335317,9106354.972214404,0.073409271752334,12578980032.22919,61853.69140625,0.020627187788681,18987.32825820203,3.2576300659641686,1.5650450587272644,1.5990281701087952,6.0,North-Western,November 04,May 06,66249341.98836216,1.6907737970352172,1.7068104147911072,1.55450815813882,0.9002911349137624,0.5423579389850298,-76.03784480974412,-0.7603784480974412,-0.0001024135042638763,-9.220196998422064e-05
Mufumbwe,2013,1238068.9903829636,15114939.523535157,0.1219359268280189,12578980032.22919,63499.49609375,0.0266080269436224,18987.32825820203,3.3443091745316975,1.2458657423655193,1.2203543782234192,6.0,North-Western,November 04,May 06,66249341.98836216,1.5650450587272644,1.6907737970352172,1.7068104147911072,1.55450815813882,0.9002911349137624,-75.95116570117658,-0.7595116570117658,0.0007643775814114573,0.0011882311862025305
Mufumbwe,2014,1236439.1387766106,16298516.063530415,0.1316446513896524,12578980032.22919,64970.4921875,0.0231654766453301,18987.32825820203,3.421781690609075,-0.2492935061454773,-0.1363533288240432,5.0,North-Western,November 04,May 06,66249341.98836216,1.2458657423655193,1.5650450587272644,1.6907737970352172,1.7068104147911072,1.55450815813882,-75.8736931850992,-0.758736931850992,0.001539102742185272,0.0026269565897953746
Mufumbwe,2015,1234816.1173445678,16230214.320428828,0.1312657761423481,12578980032.22919,66502.4765625,0.0235796947724946,18987.32825820203,3.5024662584517476,-0.7849046945571899,-0.8634482026100159,5.0,North-Western,November 04,May 06,66249341.98836216,-0.2492935061454773,1.2458657423655193,1.5650450587272644,1.6907737970352172,1.7068104147911072,-75.79300861725653,-0.7579300861725653,0.0023459484206119763,0.003966468118766882
Mufumbwe,2016,1232283.1293759658,25329879.68601912,0.2051307828771316,12578980032.22919,67928.7734375,0.0214472745787075,18987.32825820203,3.5775846139994205,-1.058237099647522,-1.0015013217926023,5.0,North-Western,November 04,May 06,66249341.98836216,-0.7849046945571899,-0.2492935061454773,1.2458657423655193,1.5650450587272644,1.6907737970352172,-75.71789026170886,-0.7571789026170886,0.0030971319760886296,0.004847151095403718
Mufumbwe,2017,1230092.6566876206,21904726.88345085,0.1777572569263649,12578980032.22919,69300.8515625,0.0201987766827915,18987.32825820203,3.649847446681386,-0.5361700534820557,-0.5006508827209473,5.0,North-Western,November 04,May 06,66249341.98836216,-1.058237099647522,-0.7849046945571899,-0.2492935061454773,1.2458657423655193,1.5650450587272644,-75.64562742902689,-0.7564562742902688,0.003819760302908426,0.004758908505441347
Mufumbwe,2018,1227907.8472214467,21848094.66174029,0.1776134061361897,12578980032.22919,70731.28125,0.0206408673955462,18987.32825820203,3.7251834638423094,-0.3445683717727661,-0.3543076813220978,6.0,North-Western,November 04,May 06,66249341.98836216,-0.5361700534820557,-1.058237099647522,-0.7849046945571899,-0.2492935061454773,1.2458657423655193,-75.57029141186597,-0.7557029141186596,0.0045731204745176335,-0.0011400492371181697
Mufumbwe,2019,1225486.431197741,24214160.23705504,0.1971985136494379,12578980032.22919,72032.40625,0.0183953263252953,18987.32825820203,3.793709429281283,-0.3535327821969986,-0.2896913290023803,5.0,North-Western,November 04,May 06,66249341.98836216,-0.3445683717727661,-0.5361700534820557,-1.058237099647522,-0.7849046945571899,-0.2492935061454773,-75.501765446427,-0.75501765446427,0.005258380128907225,-0.004127327248945522
Mufumbwe,2020,1220533.282397292,49531488.00448908,0.4041781838096648,12578980032.22919,73255.75,0.0169832414837591,18987.32825820203,3.8581389126379815,0.3090736672282219,0.274146556854248,5.0,North-Western,November 04,May 06,66249341.98836216,-0.3535327821969986,-0.3445683717727661,-0.5361700534820557,-1.058237099647522,-0.7849046945571899,-75.4373359630703,-0.754373359630703,0.005902674962474319,-0.00624642963245087
Mumbwa,2004,353329.984209412,4821881.113011737,0.1362836411586467,3554798121.662229,151481.5,0.0311505923245627,19923.509979132323,7.603153267604963,-0.1401482343673706,-0.3620578646659851,5.0,Central,November 18,April 22,17842228.22878844,0.9108742833137512,0.6808372288942337,0.8531551559766134,0.8001718322436014,,-71.69232160810331,-0.7169232160810332,-0.02248478674846799,-0.01799169301012828
Mumbwa,2005,352185.0411900159,11449430.193960631,0.3240435486837927,3554798121.662229,156184.09375,0.0310440136254261,19923.509979132323,7.839185661240695,-0.7907507866621017,-0.9151360094547272,4.0,Central,November 18,April 22,17842228.22878844,-0.1401482343673706,0.9108742833137512,0.6808372288942337,0.8531551559766134,0.8001718322436014,-71.45628921446759,-0.7145628921446758,-0.020124462812110666,-0.017169289209411832
Mumbwa,2006,351500.2067988807,6848343.9113523,0.1944530036884043,3554798121.662229,161174.15625,0.03194987645789,19923.509979132323,8.089646674647797,0.572547409683466,0.5940055549144745,4.0,Central,November 18,April 22,17842228.22878844,-0.7907507866621017,-0.1401482343673706,0.9108742833137512,0.6808372288942337,0.8531551559766134,-71.20582820106048,-0.7120582820106048,-0.01761985267803967,-0.011996251670841172
Mumbwa,2007,351189.6470264037,3105597.7247702205,0.0883526571165621,3554798121.662229,166193.09375,0.0311398403861662,19923.509979132323,8.34155698087681,1.02183336019516,1.0420904159545898,5.0,Central,November 18,April 22,17842228.22878844,0.572547409683466,-0.7907507866621017,-0.1401482343673706,0.9108742833137512,0.6808372288942337,-70.95391789483148,-0.7095391789483148,-0.015100749615749587,-0.013754884483746309
Mumbwa,2008,349689.2349265739,15004120.998298677,0.4272369964587997,3554798121.662229,171581.8125,0.0324244445326116,19923.509979132323,8.612027332518869,1.367942750453949,1.4019099473953247,6.0,Central,November 18,April 22,17842228.22878844,1.02183336019516,0.572547409683466,-0.7907507866621017,-0.1401482343673706,0.9108742833137512,-70.68344754318942,-0.7068344754318941,-0.012396046099328983,0.0017372839739574883
Mumbwa,2009,348571.8807552187,11173541.71355148,0.3195277577217282,3554798121.662229,176861.8125,0.0307724922768257,19923.509979132323,8.877040877096617,1.8271968166033428,1.8310158848762512,6.0,Central,November 18,April 22,17842228.22878844,1.367942750453949,1.02183336019516,0.572547409683466,-0.7907507866621017,-0.1401482343673706,-70.41843399861166,-0.7041843399861166,-0.00974591065355146,0.007706586516034375
Mumbwa,2010,346801.5394489302,17703413.06288512,0.5078841421324279,3554798121.662229,182386.921875,0.0312396966699637,19923.509979132323,9.154356941423984,1.8581978281339009,1.849068939685821,6.0,Central,November 18,April 22,17842228.22878844,1.8271968166033428,1.367942750453949,1.02183336019516,0.572547409683466,-0.7907507866621017,-70.1411179342843,-0.7014111793428429,-0.006972750010277751,-0.003992229956754887
Mumbwa,2011,346331.60136964987,4699380.792802878,0.1355063417616376,3554798121.662229,188420.921875,0.0330835124468817,19923.509979132323,9.457215223238782,1.327972650527954,1.2888196110725405,4.0,Central,November 18,April 22,17842228.22878844,1.8581978281339009,1.8271968166033428,1.367942750453949,1.02183336019516,0.572547409683466,-69.8382596524695,-0.698382596524695,-0.003944167192129866,-0.00403028161510557
Mumbwa,2012,345177.61234781594,11539890.21833927,0.3332035012889975,3554798121.662229,194662.15625,0.0331238925746286,19923.509979132323,9.770475004348487,1.2700777252515156,1.2335116267204285,6.0,Central,November 18,April 22,17842228.22878844,1.327972650527954,1.8581978281339009,1.8271968166033428,1.367942750453949,1.02183336019516,-69.5249998713598,-0.6952499987135979,-0.0008115693810327729,-0.0011101804512741802
Mumbwa,2013,342680.9375784735,24966747.69342448,0.723301477277353,3554798121.662229,201131.546875,0.0332339410475424,19923.509979132323,10.095186394649492,0.908015251159668,0.9231155514717102,5.0,Central,November 18,April 22,17842228.22878844,1.2700777252515156,1.327972650527954,1.8581978281339009,1.8271968166033428,1.367942750453949,-69.20028848105879,-0.6920028848105879,0.002435544521977251,0.004450219197252543
Mumbwa,2014,338521.43056174915,41595070.16724303,1.2138133641506632,3554798121.662229,207799.671875,0.0331530538277227,19923.509979132323,10.4298726525922,-0.1776865913532674,-0.1371604055166244,5.0,Central,November 18,April 22,17842228.22878844,0.908015251159668,1.2700777252515156,1.327972650527954,1.8581978281339009,1.8271968166033428,-68.86560222311608,-0.6886560222311608,0.005782407101404319,0.01074485631721555
Mumbwa,2015,335413.804270031,31076262.91718176,0.9179998697752514,3554798121.662229,214383.640625,0.0316842114840321,19923.509979132323,10.760334943468456,-0.6946492418646812,-0.7151010036468506,4.0,Central,November 18,April 22,17842228.22878844,-0.1776865913532674,0.908015251159668,1.2700777252515156,1.327972650527954,1.8581978281339009,-68.53513993223983,-0.6853513993223983,0.009087030010166863,0.012067327328028352
Mumbwa,2016,332656.00504712894,27577992.229020186,0.8222080271573444,3554798121.662229,220588.296875,0.0289418363822506,19923.509979132323,11.071758796820534,-0.4033648170530796,-0.3742242157459259,5.0,Central,November 18,April 22,17842228.22878844,-0.6946492418646812,-0.1776865913532674,0.908015251159668,1.2700777252515156,1.327972650527954,-68.22371607888775,-0.6822371607888775,0.012201268543687638,0.015496559397149667
Mumbwa,2017,329276.7382555085,33792667.91620495,1.0158442175549298,3554798121.662229,226750.15625,0.0279337547018267,19923.509979132323,11.381034591168712,0.244699889421463,0.240100622177124,5.0,Central,November 18,April 22,17842228.22878844,-0.4033648170530796,-0.6946492418646812,-0.1776865913532674,0.908015251159668,1.2700777252515156,-67.91444028453957,-0.6791444028453957,0.015294026487169488,0.013887209301989816
Mumbwa,2018,325949.668915823,33270693.39685465,1.0104173642244243,3554798121.662229,232826.15625,0.0267960124062758,19923.509979132323,11.686000935269925,0.085932013268272,0.0744817294180393,6.0,Central,November 18,April 22,17842228.22878844,0.244699889421463,-0.4033648170530796,-0.6946492418646812,-0.1776865913532674,0.908015251159668,-67.60947394043835,-0.6760947394043835,0.018343689928181695,-0.0032594277361798676
Mumbwa,2019,322913.0250623759,30366438.53447122,0.9316296787622572,3554798121.662229,239065.109375,0.0267966160911097,19923.509979132323,11.999146215972702,-0.3037185091525316,-0.3491979837417602,5.0,Central,November 18,April 22,17842228.22878844,0.085932013268272,0.244699889421463,-0.4033648170530796,-0.6946492418646812,-0.1776865913532674,-67.29632865973558,-0.6729632865973558,0.02147514273520934,-0.014917691619948985
Mumbwa,2020,317585.55011550616,53274749.4686971,1.649817298587018,3554798121.662229,245253.4375,0.0258855344520094,19923.509979132323,12.309750528740965,-0.4080193804576993,-0.5204524993896484,5.0,Central,November 18,April 22,17842228.22878844,-0.3037185091525316,0.085932013268272,0.244699889421463,-0.4033648170530796,-0.6946492418646812,-66.98572434696732,-0.6698572434696731,0.02458118586289204,-0.009915185538533194
Mungwi,2004,157784.49722511866,224761.28527473,0.0142427980524687,1595587115.9163988,128377.484375,0.0257909774090638,9659.408837045166,13.290407988805136,-0.187060164908568,-0.2822732329368591,6.0,Northern,November 13,May 15,16518475.849133767,-0.2785281583666801,-0.7186370839675268,-0.7738199184338251,0.6256072682638963,,-66.00506688690314,-0.6600506688690314,-0.029228875477911864,-0.01828579694216203
Mungwi,2005,157140.9646757823,6435325.493363683,0.4078553727735429,1595587115.9163988,131546.203125,0.0246828232024234,9659.408837045166,13.618452779480888,-0.7714935660362243,-0.7401228547096252,5.0,Northern,November 13,May 15,16518475.849133767,-0.187060164908568,-0.2785281583666801,-0.7186370839675268,-0.7738199184338251,0.6256072682638963,-65.67702209622739,-0.6567702209622739,-0.025948427571154342,0.02007941010659667
Mungwi,2006,157116.02304475202,249416.3103027344,0.0158721381669851,1595587115.9163988,134880.421875,0.0253463701026148,9659.408837045166,13.963631123854595,0.4308891594409942,0.3877381980419158,6.0,Northern,November 13,May 15,16518475.849133767,-0.7714935660362243,-0.187060164908568,-0.2785281583666801,-0.7186370839675268,-0.7738199184338251,-65.33184375185368,-0.6533184375185368,-0.022496644127417254,0.016166922734782322
Mungwi,2007,155660.78807112155,14552349.736304669,0.9262167826230976,1595587115.9163988,138343.1875,0.025672855829359,9659.408837045166,14.322117412551664,0.4981809556484222,0.5191243588924408,6.0,Northern,November 13,May 15,16518475.849133767,0.4308891594409942,-0.7714935660362243,-0.187060164908568,-0.2785281583666801,-0.7186370839675268,-64.97335746315662,-0.6497335746315662,-0.01891178124044668,0.005267463600335143
Mungwi,2008,155234.90332235472,4258847.487668265,0.2735979651935459,1595587115.9163988,142008.671875,0.0264955899978811,9659.408837045166,14.701590363416148,-0.778007918347915,-0.8091743290424347,6.0,Northern,November 13,May 15,16518475.849133767,0.4981809556484222,0.4308891594409942,-0.7714935660362243,-0.187060164908568,-0.2785281583666801,-64.59388451229214,-0.6459388451229213,-0.015117051731801778,0.002827798189882194
Mungwi,2009,154053.43828470202,11814650.376527077,0.76108208422646,1595587115.9163988,144502.90625,0.0175639581869724,9659.408837045166,14.959808481841188,0.190710769345363,0.1096807233989238,6.0,Northern,November 13,May 15,16518475.849133767,-0.778007918347915,0.4981809556484222,0.4308891594409942,-0.7714935660362243,-0.187060164908568,-64.33566639386709,-0.6433566639386709,-0.012534870547551313,0.009670571978532803
Mungwi,2010,152412.37242895266,16410658.55749368,1.0652575327248188,1595587115.9163988,148332.984375,0.0265051978842121,9659.408837045166,15.356321165962303,-1.6659499168395997,-1.6933729648590088,5.0,Northern,November 13,May 15,16518475.849133767,0.190710769345363,-0.778007918347915,0.4981809556484222,0.4308891594409942,-0.7714935660362243,-63.93915370974598,-0.6393915370974598,-0.008569743706340227,-0.0036926096622496908
Mungwi,2011,152252.6796816981,1596927.4725456687,0.104776761039533,1595587115.9163988,153311.5625,0.0335635269928478,9659.408837045166,15.871733465926921,-1.5210588693618774,-1.502930760383606,5.0,Northern,November 13,May 15,16518475.849133767,-1.6659499168395997,0.190710769345363,-0.778007918347915,0.4981809556484222,0.4308891594409942,-63.42374140978136,-0.6342374140978135,-0.003415620706693989,-0.0017015971877933508
Mungwi,2012,151979.4305952799,2732490.8641816983,0.1794707896041165,1595587115.9163988,156004.65625,0.0175661489980574,9659.408837045166,16.150538700846848,-1.2592223371778215,-1.22531259059906,7.0,Northern,November 13,May 15,16518475.849133767,-1.5210588693618774,-1.6659499168395997,0.190710769345363,-0.778007918347915,0.4981809556484222,-63.14493617486143,-0.6314493617486143,-0.0006275683574947788,0.000488253151435533
Mungwi,2013,151323.74207647963,6556885.188002882,0.4314324091306683,1595587115.9163988,160204.78125,0.0269230746117554,9659.408837045166,16.58536085930979,-0.9424611975749334,-0.833856999874115,6.0,Northern,November 13,May 15,16518475.849133767,-1.2592223371778215,-1.5210588693618774,-1.6659499168395997,0.190710769345363,-0.778007918347915,-62.71011401639849,-0.6271011401639849,0.0037206532271346626,0.0007095686394141591
Mungwi,2014,150325.54085879313,9982012.176864805,0.659646136150919,1595587115.9163988,164065.359375,0.0240977709583807,9659.408837045166,16.98503108655953,-0.3524567738175392,-0.3590075671672821,5.0,Northern,November 13,May 15,16518475.849133767,-0.9424611975749334,-1.2592223371778215,-1.5210588693618774,-1.6659499168395997,0.190710769345363,-62.31044378914875,-0.6231044378914875,0.007717355499632039,-0.012856727752833624
Mungwi,2015,149360.2473431477,9652935.156454409,0.6421354016960964,1595587115.9163988,167958.4375,0.0237288245357247,9659.408837045166,17.388065908946334,-0.2593739479780197,-0.2554126381874084,5.0,Northern,November 13,May 15,16518475.849133767,-0.3524567738175392,-0.9424611975749334,-1.2592223371778215,-1.5210588693618774,-1.6659499168395997,-61.90740896676195,-0.6190740896676195,0.011747703723500091,-0.017868948943265368
Mungwi,2016,147575.5186582095,17847286.84938223,1.1949154588890696,1595587115.9163988,171719.828125,0.0223947702835709,9659.408837045166,17.777467650652778,-0.8841198484102885,-0.8378151953220367,6.0,Northern,November 13,May 15,16518475.849133767,-0.2593739479780197,-0.3524567738175392,-0.9424611975749334,-1.2592223371778215,-1.5210588693618774,-61.5180072250555,-0.6151800722505549,0.015641721140564613,-0.019696404652105513
Mungwi,2017,145482.19235525755,20933263.029519472,1.4184780253425169,1595587115.9163988,175126.828125,0.0198404577805653,9659.408837045166,18.13018074702092,-1.21567200422287,-1.3298581838607788,5.0,Northern,November 13,May 15,16518475.849133767,-0.8841198484102885,-0.2593739479780197,-0.3524567738175392,-0.9424611975749334,-1.2592223371778215,-61.165294128687364,-0.6116529412868736,0.019168852104245904,-0.018065899310304376
Mungwi,2018,144269.6801593175,12125121.959400132,0.8334437200252947,1595587115.9163988,179040.96875,0.0223503198619356,9659.408837045166,18.535396085871547,-0.8145671844482422,-0.8909969329833984,5.0,Northern,November 13,May 15,16518475.849133767,-1.21567200422287,-0.8841198484102885,-0.2593739479780197,-0.3524567738175392,-0.9424611975749334,-60.76007878983673,-0.6076007878983674,0.02322100549275219,-0.008184400680774794
Mungwi,2019,142399.58472450371,18700954.34813807,1.296249796040758,1595587115.9163988,181987.28125,0.0164560799719197,9659.408837045166,18.840416046171857,-0.0189443255464235,0.0809960216283798,6.0,Northern,November 13,May 15,16518475.849133767,-0.8145671844482422,-1.21567200422287,-0.8841198484102885,-0.2593739479780197,-0.3524567738175392,-60.455058829536426,-0.6045505882953642,0.026271205095755312,-0.0068140661838263245
Mungwi,2020,140772.21037780546,16273743.466982374,1.1428223964604045,1595587115.9163988,184972.890625,0.0164055935914477,9659.408837045166,19.149504254919144,1.2032466530799866,1.1949854493141174,6.0,Northern,November 13,May 15,16518475.849133767,-0.0189443255464235,-0.8145671844482422,-1.21567200422287,-0.8841198484102885,-0.2593739479780197,-60.145970620789136,-0.6014597062078914,0.02936208718322819,-0.02595960406944538
Namwala,2004,2033.5290273991127,64497.089111328125,0.3161654970383928,20892783.063239127,91559.125,0.0203966703194498,5403.709426603931,16.94375433091008,-0.1921430647373199,-0.3488311469554901,5.0,Southern,October 16,March 04,386637.7966287061,0.5227495610713959,0.2339113044242064,0.5895603239536286,0.6518683880567551,,-62.3517205447982,-0.623517205447982,-0.026429165082327954,-0.017228337239903
Namwala,2005,2021.1385622562905,123904.65142822266,0.6093084965042124,20892783.063239127,92986.375,0.0155882878959361,5403.709426603931,17.207878451458324,-0.5695493469635645,-0.6905171275138855,3.0,Southern,October 16,March 04,386637.7966287061,-0.1921430647373199,0.5227495610713959,0.2339113044242064,0.5895603239536286,0.6518683880567551,-62.08759642424995,-0.6208759642424995,-0.023787923876845474,-0.014024416107017273
Namwala,2006,2017.5256870426676,36128.75213623047,0.178754454597602,20892783.063239127,94789.21875,0.0193882571505772,5403.709426603931,17.541509223891072,0.8145815134048462,0.8582751452922821,4.0,Southern,October 16,March 04,386637.7966287061,-0.5695493469635645,-0.1921430647373199,0.5227495610713959,0.2339113044242064,0.5895603239536286,-61.75396565181721,-0.6175396565181721,-0.020451616152518115,-0.004783864211818682
Namwala,2007,2016.4078626102944,11178.244323730469,0.0554057100512845,20892783.063239127,96451.8515625,0.0175403156015567,5403.709426603931,17.84919283180574,1.375337779521942,1.4150476455688477,5.0,Southern,October 16,March 04,386637.7966287061,0.8145815134048462,-0.5695493469635645,-0.1921430647373199,0.5227495610713959,0.2339113044242064,-61.44628204390254,-0.6144628204390254,-0.017374780073371454,-0.009082658657066964
Namwala,2008,2005.7463261539956,106615.36456298828,0.5287390836939697,20892783.063239127,98421.953125,0.0204257516116566,5403.709426603931,18.213776011056765,1.619643012682597,1.6098472476005554,6.0,Southern,October 16,March 04,386637.7966287061,1.375337779521942,0.8145815134048462,-0.5695493469635645,-0.1921430647373199,0.5227495610713959,-61.081698864651514,-0.6108169886465151,-0.01372894828086113,0.002637922198304817
Namwala,2009,1993.7830800217096,119632.46132285922,0.5964486124835817,20892783.063239127,100227.890625,0.0183489297119148,5403.709426603931,18.547979306872207,1.9061063289642333,1.892667531967163,5.0,Southern,October 16,March 04,386637.7966287061,1.619643012682597,1.375337779521942,0.8145815134048462,-0.5695493469635645,-0.1921430647373199,-60.74749556883607,-0.6074749556883607,-0.010386915322706747,0.00591586083901347
Namwala,2010,1918.437296529565,753457.8349214442,3.77903615729972,20892783.063239127,101936.9765625,0.0170519994668401,5403.709426603931,18.864259440123952,1.8869975209236145,1.8876890540122984,6.0,Southern,October 16,March 04,386637.7966287061,1.9061063289642333,1.619643012682597,1.375337779521942,0.8145815134048462,-0.5695493469635645,-60.43121543558433,-0.6043121543558433,-0.007224113990189296,-0.005884629707137519
Namwala,2011,1917.9209686609129,5163.2786865234375,0.0269139819991185,20892783.063239127,103970.2421875,0.0199463010731277,5403.709426603931,19.24053163843826,1.2581566870212555,1.1941211223602295,4.0,Southern,October 16,March 04,386637.7966287061,1.8869975209236145,1.9061063289642333,1.619643012682597,1.375337779521942,0.8145815134048462,-60.054943237270024,-0.6005494323727002,-0.0034613920070462045,-0.004760583197025925
Namwala,2012,1916.7175737695552,12033.94891357422,0.0627447590918008,20892783.063239127,105661.6484375,0.0162681764937098,5403.709426603931,19.55354000296518,1.1778759956359863,1.142587125301361,6.0,Southern,October 16,March 04,386637.7966287061,1.2581566870212555,1.8869975209236145,1.9061063289642333,1.619643012682597,1.375337779521942,-59.7419348727431,-0.597419348727431,-0.00033130836177697187,-0.0005366012731953905
Namwala,2013,1915.1681312341548,15494.425354003906,0.080838333023323,20892783.063239127,107716.8671875,0.0194509434633294,5403.709426603931,19.933874804070804,0.9874934315681456,0.9975547194480896,5.0,Southern,October 16,March 04,386637.7966287061,1.1778759956359863,1.2581566870212555,1.8869975209236145,1.9061063289642333,1.619643012682597,-59.361600071637476,-0.5936160007163748,0.003472039649279224,0.006618076749905885
Namwala,2014,1912.7596076501704,24085.23583984375,0.1257604251399221,20892783.063239127,109732.5234375,0.0187125405948855,5403.709426603931,20.30688824555535,0.2205116935074329,0.2350177019834518,4.0,Southern,October 16,March 04,386637.7966287061,0.9874934315681456,1.1778759956359863,1.2581566870212555,1.8869975209236145,1.9061063289642333,-58.98858663015293,-0.5898858663015293,0.007202174064124711,0.013590484604263684
Namwala,2015,1910.1805774316647,25790.302185058597,0.134832950685016,20892783.063239127,111409.7734375,0.0152848940993806,5403.709426603931,20.61727688187662,-0.3673772141337394,-0.3448384702205658,4.0,Southern,October 16,March 04,386637.7966287061,0.2205116935074329,0.9874934315681456,1.1778759956359863,1.2581566870212555,1.8869975209236145,-58.67819799383166,-0.5867819799383166,0.010306060427337393,0.012966638843499679
Namwala,2016,1909.406077010522,7745.004211425781,0.0405459269292714,20892783.063239127,113832.9140625,0.0217498030041265,5403.709426603931,21.065698592538972,-0.1133440136909484,-0.0897711664438247,5.0,Southern,October 16,March 04,386637.7966287061,-0.3673772141337394,0.2205116935074329,0.9874934315681456,1.1778759956359863,1.2581566870212555,-58.22977628316931,-0.5822977628316931,0.014790277533960894,0.017421112876046748
Namwala,2017,1902.7520022982728,66540.74712249156,0.3484892392647647,20892783.063239127,115361.5078125,0.0134283986541952,5403.709426603931,21.348577191168705,0.3268373489379882,0.457318514585495,5.0,Southern,October 16,March 04,386637.7966287061,-0.1133440136909484,-0.3673772141337394,0.2205116935074329,0.9874934315681456,1.1778759956359863,-57.94689768453958,-0.5794689768453958,0.017619063520258216,0.017398709496636917
Namwala,2018,1898.279682211603,44723.20086669922,0.2350448235643925,20892783.063239127,116859.7578125,0.0129874342699745,5403.709426603931,21.625840434196487,0.0050177529454231,0.0758625045418739,5.0,Southern,October 16,March 04,386637.7966287061,0.3268373489379882,-0.1133440136909484,-0.3673772141337394,0.2205116935074329,0.9874934315681456,-57.66963444151179,-0.5766963444151179,0.020391695950536137,0.004496607407541386
Namwala,2019,1894.4944149142395,37852.67297363281,0.199405142078602,20892783.063239127,118560.84375,0.0145566443859088,5403.709426603931,21.940640102943494,-0.2485845331102609,-0.2848506867885589,4.0,Southern,October 16,March 04,386637.7966287061,0.0050177529454231,0.3268373489379882,-0.1133440136909484,-0.3673772141337394,0.2205116935074329,-57.35483477276479,-0.5735483477276478,0.02353969263800615,-0.008647946702915195
Namwala,2020,1882.7939956210264,117004.1929321289,0.6176011500008854,20892783.063239127,119812.0546875,0.0105533234913401,5403.709426603931,22.17218677555693,-0.2412463203072547,-0.2423049435019493,4.0,Southern,October 16,March 04,386637.7966287061,-0.2485845331102609,0.0050177529454231,0.3268373489379882,-0.1133440136909484,-0.3673772141337394,-57.12328810015135,-0.5712328810015135,0.025855159364140512,-0.002930527536950795
Petauke,2004,41721.45337930336,907319.8008420458,0.2169988947105671,422526875.3712812,207520.9375,0.0222146863729979,7366.3917707408,28.17131425513779,-0.100750567025638,-0.0031665519345551,7.0,Eastern,November 26,May 04,5735872.982612081,0.1613998364657163,0.1989634577184915,0.4821391701698303,1.08876238266627,,-51.12416062057049,-0.5112416062057049,-0.09998231302237409,-0.10885698135072486
Petauke,2005,40977.43048608889,7440228.932144703,1.7833101029590583,422526875.3712812,208717.96875,0.0057682432646104,7366.3917707408,28.33381324884521,-0.4625864345580339,-0.5281930416822433,4.0,Eastern,November 26,May 04,5735872.982612081,-0.100750567025638,0.1613998364657163,0.1989634577184915,0.4821391701698303,1.08876238266627,-50.96166162686307,-0.5096166162686306,-0.09835732308529982,-0.04742191813247235
Petauke,2006,40977.43048608889,0.0,0.0,422526875.3712812,215862.625,0.03423115073795,7366.3917707408,29.303712281147355,0.8534263471762339,0.9136254489421844,6.0,Eastern,November 26,May 04,5735872.982612081,-0.4625864345580339,-0.100750567025638,0.1613998364657163,0.1989634577184915,0.4821391701698303,-49.991762594560925,-0.49991762594560923,-0.08865833276227841,-0.01763976844193953
Petauke,2007,40857.41824728561,1200122.388032801,0.2928739976607906,422526875.3712812,220553.1875,0.021729386919111,7366.3917707408,29.940463983470718,1.3754501581192016,1.2890522480010986,5.0,Eastern,November 26,May 04,5735872.982612081,0.8534263471762339,-0.4625864345580339,-0.100750567025638,0.1613998364657163,0.1989634577184915,-49.35501089223756,-0.4935501089223756,-0.08229081573904479,-0.01328172420291222
Petauke,2008,40692.27627818687,1651419.6909873812,0.4041909062859335,422526875.3712812,226491.125,0.0269229276044808,7366.3917707408,30.746548927742268,0.805171674489975,0.6523116230964661,5.0,Eastern,November 26,May 04,5735872.982612081,1.3754501581192016,0.8534263471762339,-0.4625864345580339,-0.100750567025638,0.1613998364657163,-48.54892594796601,-0.4854892594796601,-0.07422996629632928,0.0074787111946491725
Petauke,2009,39718.45562122147,9738206.569654038,2.393133896732686,422526875.3712812,233037.8125,0.0289048301561485,7366.3917707408,31.635272702386366,1.9202277064323423,2.0144896507263184,6.0,Eastern,November 26,May 04,5735872.982612081,0.805171674489975,1.3754501581192016,0.8534263471762339,-0.4625864345580339,-0.100750567025638,-47.66020217332191,-0.47660202173321914,-0.06534272854988832,0.030226659824186285
Petauke,2010,39543.53428794553,1749213.332759363,0.440403159035409,422526875.3712812,240278.390625,0.0310704003239816,7366.3917707408,32.618193289607845,1.6306638717651367,1.384840965270996,5.0,Eastern,November 26,May 04,5735872.982612081,1.9202277064323423,0.805171674489975,1.3754501581192016,0.8534263471762339,-0.4625864345580339,-46.677281586100435,-0.46677281586100433,-0.05551352267767351,-0.047376702877691926
Petauke,2011,39543.36110979611,1731.781494140625,0.0004379430228796,422526875.3712812,256655.84375,0.0681603247066862,7366.3917707408,34.84145993557297,1.0419915169477465,1.054785668849945,4.0,Eastern,November 26,May 04,5735872.982612081,1.6306638717651367,1.9202277064323423,0.805171674489975,1.3754501581192016,0.8534263471762339,-44.45401494013531,-0.4445401494013531,-0.03328085621802229,-0.045776158947421174
Petauke,2012,39526.058913771805,173021.96024313534,0.0437549958797691,422526875.3712812,265375.09375,0.0339725364231064,7366.3917707408,36.02511270226842,1.1218982636928558,1.1731749176979065,6.0,Eastern,November 26,May 04,5735872.982612081,1.0419915169477465,1.6306638717651367,1.9202277064323423,0.805171674489975,1.3754501581192016,-43.27036217343986,-0.4327036217343986,-0.02144432855106776,-0.017266365927776407
Petauke,2013,39447.08717227951,789717.414922976,0.1997966497610567,422526875.3712812,277539.15625,0.0458372424032351,7366.3917707408,37.67640452580617,-0.1766524761915207,-0.3927470445632934,5.0,Eastern,November 26,May 04,5735872.982612081,1.1218982636928558,1.0419915169477465,1.6306638717651367,1.9202277064323423,0.805171674489975,-41.61907034990211,-0.4161907034990211,-0.004931410315690277,-0.009469430719974734
Petauke,2014,39326.42116211232,1206660.1016718848,0.3058933341267935,422526875.3712812,291865.625,0.0516196306985061,7366.3917707408,39.62124661347581,-1.016005349159241,-0.9975796341896056,5.0,Eastern,November 26,May 04,5735872.982612081,-0.1766524761915207,1.1218982636928558,1.0419915169477465,1.6306638717651367,1.9202277064323423,-39.67422826223247,-0.3967422826223247,0.014517010561006127,0.02367236464786563
Petauke,2015,39266.55528909768,598658.7301463408,0.1522281236013151,422526875.3712812,308789.78125,0.0579861237512981,7366.3917707408,41.91872912278552,-1.5534722566604615,-1.6345714330673218,5.0,Eastern,November 26,May 04,5735872.982612081,-1.016005349159241,-0.1766524761915207,1.1218982636928558,1.0419915169477465,1.6306638717651367,-37.37674575292276,-0.3737674575292276,0.037491835654103245,0.03906617470637465
Petauke,2016,39141.529271765445,1250260.1733223707,0.3184033241819671,422526875.3712812,325205.78125,0.0531623810009094,7366.3917707408,44.147228571484966,-1.2093674778938293,-1.1098170280456543,5.0,Eastern,November 26,May 04,5735872.982612081,-1.5534722566604615,-1.016005349159241,-0.1766524761915207,1.1218982636928558,1.0419915169477465,-35.14824630422331,-0.35148246304223313,0.05977683014109769,0.06706352194436027
Petauke,2017,38811.44569488645,3300835.768789972,0.8433078191380259,422526875.3712812,342930.96875,0.0545045276620523,7366.3917707408,46.553452412362425,-0.6540679097175598,-0.5937362909317017,5.0,Eastern,November 26,May 04,5735872.982612081,-1.2093674778938293,-1.5534722566604615,-1.016005349159241,-0.1766524761915207,1.1218982636928558,-32.742022463345855,-0.32742022463345855,0.08383906854987228,-0.014810379060925583
Petauke,2018,38749.12204294773,623236.5193871591,0.1605805989003065,422526875.3712812,364067.625,0.0616353090741386,7366.3917707408,49.422788840266584,-0.3856326180199782,-0.4414903819561004,6.0,Eastern,November 26,May 04,5735872.982612081,-0.6540679097175598,-1.2093674778938293,-1.5534722566604615,-1.016005349159241,-0.1766524761915207,-29.872686035441696,-0.298726860354417,0.11253243282891384,-0.11433355370807943
Petauke,2019,38671.99192278172,771301.2016601562,0.1990499812628739,422526875.3712812,386505.1875,0.0616302053773663,7366.3917707408,52.46872546681442,0.0211326244520023,-0.0129114910960197,5.0,Eastern,November 26,May 04,5735872.982612081,-0.3856326180199782,-0.6540679097175598,-1.2093674778938293,-1.5534722566604615,-1.016005349159241,-26.82674940889386,-0.26826749408893863,0.1429917990943922,-0.22213379282310478
Petauke,2020,38607.92446362993,640674.5915177888,0.1656688884288804,422526875.3712812,408523.9375,0.0569688343445584,7366.3917707408,55.45780759620349,-0.2080316971987485,-0.2605555355548858,5.0,Eastern,November 26,May 04,5735872.982612081,0.0211326244520023,-0.3856326180199782,-0.6540679097175598,-1.2093674778938293,-1.5534722566604615,-23.837667279504792,-0.23837667279504793,0.1728826203882829,-0.209078618590654
Solwezi,2004,290436.17072484526,2302417.1845667223,0.0792116696667124,2934216244.371493,138915.140625,0.0444055398584961,12318.416108775766,11.277029400397948,-0.455331673224767,-0.5809512436389923,6.0,North-Western,November 04,May 06,23819752.62453691,0.412437083820502,0.0812928030888239,0.7077378916243712,1.2225825811425846,,-68.01844547531033,-0.6801844547531033,-0.039908428662714046,-0.048791349723805645
Solwezi,2005,288977.08948378527,14590812.410599532,0.5023758705461876,2934216244.371493,143208.546875,0.030906683250532,12318.416108775766,11.625564976082986,-1.078433300058047,-1.2571914792060852,6.0,North-Western,November 04,May 06,23819752.62453691,-0.455331673224767,0.412437083820502,0.0812928030888239,0.7077378916243712,1.2225825811425846,-67.6699098996253,-0.6766990989962529,-0.03642307290586366,-0.025777988824876707
Solwezi,2006,288542.03998296754,4350495.008177275,0.1505480941741364,2934216244.371493,149242.25,0.0421322836985877,12318.416108775766,12.115376577811679,-0.3146746917627752,-0.3067748844623565,6.0,North-Western,November 04,May 06,23819752.62453691,-1.078433300058047,-0.455331673224767,0.412437083820502,0.0812928030888239,0.7077378916243712,-67.1800982978966,-0.6718009829789661,-0.031524956888576816,-0.002562752112726738
Solwezi,2007,287797.96436816256,7440756.148049986,0.2578742476655813,2934216244.371493,154556.796875,0.0356102033773948,12318.416108775766,12.546807601741278,0.0383983148882786,0.0710667129606008,6.0,North-Western,November 04,May 06,23819752.62453691,-0.3146746917627752,-1.078433300058047,-0.455331673224767,0.412437083820502,0.0812928030888239,-66.748667273967,-0.66748667273967,-0.027210646649280745,-0.011222679752899464
Solwezi,2008,287327.7504615273,4702139.066352395,0.1633833330501682,2934216244.371493,158161.046875,0.0233199061631368,12318.416108775766,12.839397977660818,0.6001932521661123,0.5517271757125854,6.0,North-Western,November 04,May 06,23819752.62453691,0.0383983148882786,-0.3146746917627752,-1.078433300058047,-0.455331673224767,0.412437083820502,-66.45607689804746,-0.6645607689804746,-0.02428474289008531,0.011057612613975807
Solwezi,2009,285370.34124638606,19574092.151413143,0.6812461420789245,2934216244.371493,163605.28125,0.0344220936986006,12318.416108775766,13.28135693788148,1.6808890785489763,1.7400530576705933,7.0,North-Western,November 04,May 06,23819752.62453691,0.6001932521661123,0.0383983148882786,-0.3146746917627752,-1.078433300058047,-0.455331673224767,-66.0141179378268,-0.660141179378268,-0.019865153287878745,0.02142324281640604
Solwezi,2010,285336.8799918887,334612.5449735754,0.0117255543625213,2934216244.371493,170013.84375,0.0391708779266561,12318.416108775766,13.801599349195584,1.3565967281659443,1.3772216439247131,6.0,North-Western,November 04,May 06,23819752.62453691,1.6808890785489763,0.6001932521661123,0.0383983148882786,-0.3146746917627752,-1.078433300058047,-65.4938755265127,-0.6549387552651269,-0.014662729174737654,0.004613989783461623
Solwezi,2011,283031.13410734746,23057458.84541207,0.8080784666204919,2934216244.371493,176772.875,0.0397557698885917,12318.416108775766,14.350292557016742,1.1161147952079773,1.0843206644058228,5.0,North-Western,November 04,May 06,23819752.62453691,1.3565967281659443,1.6808890785489763,0.6001932521661123,0.0383983148882786,-0.3146746917627752,-64.94518231869154,-0.6494518231869154,-0.009175797096526161,-0.00035233514626336406
Solwezi,2012,279435.9588018409,35951753.055065915,1.270240221749958,2934216244.371493,185914.625,0.0517146649337461,12318.416108775766,15.092413128304095,1.050869842370351,1.102647602558136,6.0,North-Western,November 04,May 06,23819752.62453691,1.1161147952079773,1.3565967281659443,1.6808890785489763,0.6001932521661123,0.0383983148882786,-64.20306174740418,-0.6420306174740418,-0.0017545913836525262,-0.0010530939087770486
Solwezi,2013,278598.674513526,8372842.883149032,0.299633694927808,2934216244.371493,193202.234375,0.0391986879730414,12318.416108775766,15.68401592128072,0.56059730052948,0.5054304748773575,6.0,North-Western,November 04,May 06,23819752.62453691,1.050869842370351,1.1161147952079773,1.3565967281659443,1.6808890785489763,0.6001932521661123,-63.61145895442756,-0.6361145895442756,0.004161436546113673,0.006994913241437046
Solwezi,2014,277338.86612396844,12598083.89557483,0.4521946817432972,2934216244.371493,200964.09375,0.0401747909391898,12318.416108775766,16.3141179820051,-0.2173042953014373,-0.1032903939485549,5.0,North-Western,November 04,May 06,23819752.62453691,0.56059730052948,1.050869842370351,1.1161147952079773,1.3565967281659443,1.6808890785489763,-62.98135689370318,-0.6298135689370318,0.010462457153357474,0.01419333514282113
Solwezi,2015,275950.7634922059,13881026.317625996,0.5005077907624125,2934216244.371493,208950.5,0.0397404635871676,12318.416108775766,16.962448593625727,-0.843880546092987,-0.8523206114768982,5.0,North-Western,November 04,May 06,23819752.62453691,-0.2173042953014373,0.56059730052948,1.050869842370351,1.1161147952079773,1.3565967281659443,-62.33302628208256,-0.6233302628208256,0.016945763269563652,0.018913417101251898
Solwezi,2016,274025.2440830051,19255194.092007264,0.6977764383881156,2934216244.371493,215835.703125,0.0329513598914574,12318.416108775766,17.521384341874636,-1.0868254899978638,-0.9577209949493408,5.0,North-Western,November 04,May 06,23819752.62453691,-0.843880546092987,-0.2173042953014373,0.56059730052948,1.050869842370351,1.1161147952079773,-61.77409053383364,-0.6177409053383365,0.022535120752052773,0.023681478792506525
Solwezi,2017,271704.9024603025,23203416.227026608,0.8467619946722152,2934216244.371493,223479.4375,0.0354145966785355,12318.416108775766,18.141897101591734,-0.2677199527621269,-0.2906986773014068,5.0,North-Western,November 04,May 06,23819752.62453691,-1.0868254899978638,-0.843880546092987,-0.2173042953014373,0.56059730052948,1.050869842370351,-61.15357777411654,-0.6115357777411654,0.02874024834922384,0.01611170564112173
Solwezi,2018,269305.24995559047,23996525.04712058,0.8831833665800931,2934216244.371493,229948.21875,0.0289457559154631,12318.416108775766,18.667028026937857,0.4289519501229127,0.5523568242788315,6.0,North-Western,November 04,May 06,23819752.62453691,-0.2677199527621269,-1.0868254899978638,-0.843880546092987,-0.2173042953014373,0.56059730052948,-60.62844684877042,-0.6062844684877042,0.03399155760268502,-0.007386511471049681
Solwezi,2019,267335.9193777452,19693305.77845268,0.7312633445393354,2934216244.371493,238595.953125,0.037607311863554,12318.416108775766,19.369044771512613,0.5090865815679232,0.5953425168991089,6.0,North-Western,November 04,May 06,23819752.62453691,0.4289519501229127,-0.2677199527621269,-1.0868254899978638,-0.843880546092987,-0.2173042953014373,-59.92643010419567,-0.5992643010419567,0.041011725048432535,-0.034608996930086684
Solwezi,2020,264728.37319173955,26075461.860055964,0.9753819060584744,2934216244.371493,245925.515625,0.0307195591710647,12318.416108775766,19.964053288458096,1.167641778786977,1.099454790353775,6.0,North-Western,November 04,May 06,23819752.62453691,0.5090865815679232,0.4289519501229127,-0.2677199527621269,-1.0868254899978638,-0.843880546092987,-59.33142158725018,-0.5933142158725019,0.04696181021788737,-0.05103929240124212
