district,year,loss_ha
Chibombo,2001,615.5798663462681
Kabwe,2001,5.8908390563964845
Kapiri-Mposhi,2001,159.6983913515338
Mkushi,2001,1184.1781327157532
Mumbwa,2001,857.7877336245309
Serenje,2001,560.2787783710794
Chililabombwe,2001,370.7250642710727
Chingola,2001,635.3182338202503
Kalulushi,2001,428.70171692418717
Kitwe,2001,81.7028889539771
Luanshya,2001,27.36711148774988
Lufwanyama,2001,3564.73689996831
Masaiti,2001,249.18414873080383
Mpongwe,2001,534.5831635282389
Mufulira,2001,679.9587179690849
Ndola,2001,100.00605399976543
Chadiza,2001,51.36993072509765
Chama,2001,286.0326360032265
Chipata,2001,166.96581573486327
Katete,2001,78.67050096246459
Lundazi,2001,243.00037920474782
Mambwe,2001,34.014775555419924
Nyimba,2001,433.2563587757783
Petauke,2001,323.34988750775506
Chienge,2001,198.06602843752393
Kawambwa,2001,497.46296056834507
Mansa,2001,289.7349493800025
Milenge,2001,116.82474903396906
Mwense,2001,366.73027741017063
Nchelenge,2001,133.35607907358207
Samfya,2001,227.4374006713867
Chongwe,2001,772.4696358163153
Kafue,2001,133.69425365179325
Luangwa,2001,363.08732832816327
Lusaka,2001,5.777079858398437
Kabompo,2001,1476.7600478463205
Kasempa,2001,294.9264231567383
Mufumbwe,2001,670.5930742124071
Mwinilunga,2001,1569.57534434757
Solwezi,2001,3547.896775825459
Chilubi,2001,548.3126715820313
Chinsali,2001,213.99913278420843
Isoka,2001,260.81568086708216
Kaputa,2001,325.09773866301896
Kasama,2001,452.80267717203776
Luwingu,2001,273.55876563416723
Mbala,2001,49.25431523679247
Mpika,2001,375.26896368422564
Mporokoso,2001,401.6629794140146
Mpulungu,2001,0.6171671203613281
Mungwi,2001,427.93992385809196
Nakonde,2001,58.560172238362625
Choma,2001,9.945177185058593
Gwembe,2001,27.174654412841797
Itezhi-tezhi,2001,10.160030408600452
Kalomo,2001,11.281525177001953
Kazungula,2001,19.29707176396389
Livingstone,2001,0.0
Mazabuka,2001,18.492391166800704
Monze,2001,9.534460943603516
Namwala,2001,1.9015803291829427
Siavonga,2001,118.01746134502336
Sinazongwe,2001,101.31498245239258
Kaoma,2001,255.5168567860323
Mongu,2001,267.8090445779718
Sesheke,2001,247.35116276290594
Chavuma,2001,81.2516477063467
Zambezi,2001,1108.8466948285989
Kalabo,2001,883.300876538086
Lukulu,2001,1033.0445739168533
Senanga,2001,153.1612754333496
Shang'ombo,2001,106.97131963565602
Chibombo,2002,163.4444780015175
Kabwe,2002,3.033090856933594
Kapiri-Mposhi,2002,248.0201119898897
Mkushi,2002,1747.428711132286
Mumbwa,2002,159.55775497070312
Serenje,2002,897.0272777505793
Chililabombwe,2002,282.7740153237736
Chingola,2002,319.14127118281345
Kalulushi,2002,443.6649871147844
Kitwe,2002,305.9714387639543
Luanshya,2002,452.74302142853384
Lufwanyama,2002,1629.0797056367762
Masaiti,2002,2144.7216913769053
Mpongwe,2002,1821.9051223956417
Mufulira,2002,533.3900897177782
Ndola,2002,346.90150962601
Chadiza,2002,53.80621769904641
Chama,2002,488.02267630574545
Chipata,2002,632.0817474739105
Katete,2002,35.2462980784936
Lundazi,2002,374.34104482115504
Mambwe,2002,135.54022261158664
Nyimba,2002,308.4099046827129
Petauke,2002,112.96472518286612
Chienge,2002,789.2131881976197
Kawambwa,2002,2304.4135488016523
Mansa,2002,1572.9597157989624
Milenge,2002,384.4858494364421
Mwense,2002,3560.6845210584693
Nchelenge,2002,1886.0058899133298
Samfya,2002,311.4920430336627
Chongwe,2002,1246.0200969670075
Kafue,2002,186.48476292616903
Luangwa,2002,817.8404262627815
Lusaka,2002,0.08622371215820313
Kabompo,2002,801.0757683494179
Kasempa,2002,1109.7986345295026
Mufumbwe,2002,1291.9165896512618
Mwinilunga,2002,2859.3924710818305
Solwezi,2002,2621.682801665973
Chilubi,2002,27.131892834472655
Chinsali,2002,734.1820267247099
Isoka,2002,309.29433244329715
Kaputa,2002,740.673757537387
Kasama,2002,169.03947676805683
Luwingu,2002,703.5787971244064
Mbala,2002,293.24525741194185
Mpika,2002,753.2597947303922
Mporokoso,2002,172.3764785738597
Mpulungu,2002,91.21971225152707
Mungwi,2002,656.8712997699573
Nakonde,2002,56.46979736328125
Choma,2002,3.3434657287597656
Gwembe,2002,0.34298596801757814
Itezhi-tezhi,2002,50.41615987319049
Kalomo,2002,8.833284411621094
Kazungula,2002,70.19077505785175
Livingstone,2002,0.085209765625
Mazabuka,2002,3.0106450134277343
Monze,2002,1.462307879638672
Namwala,2002,19.527610803222657
Siavonga,2002,198.1722874783385
Sinazongwe,2002,0.170834814453125
Kaoma,2002,1153.1874992291619
Mongu,2002,83.53578081054688
Sesheke,2002,351.7800441394282
Chavuma,2002,763.2566760219919
Zambezi,2002,1195.0193870011633
Kalabo,2002,1296.2218360800111
Lukulu,2002,740.7220728996247
Senanga,2002,95.13563023071289
Shang'ombo,2002,334.6777318052524
Chibombo,2003,316.9867894696643
Kabwe,2003,0.0
Kapiri-Mposhi,2003,335.36143957576974
Mkushi,2003,1110.9652680251418
Mumbwa,2003,806.4623859985353
Serenje,2003,1073.0940193733006
Chililabombwe,2003,271.8456264412674
Chingola,2003,220.95353688620176
Kalulushi,2003,153.28138446865907
Kitwe,2003,153.3862432216031
Luanshya,2003,94.37573392558977
Lufwanyama,2003,3740.4785994273225
Masaiti,2003,511.79008009499944
Mpongwe,2003,731.068280008138
Mufulira,2003,282.0903553706629
Ndola,2003,117.11708847333124
Chadiza,2003,166.2301851184082
Chama,2003,501.67379041697785
Chipata,2003,457.3482267874206
Katete,2003,94.10550634724936
Lundazi,2003,545.5964237581379
Mambwe,2003,212.3531288248459
Nyimba,2003,270.1744026162062
Petauke,2003,259.84387342170265
Chienge,2003,228.6151000712316
Kawambwa,2003,1283.055281606972
Mansa,2003,1036.2802662424124
Milenge,2003,152.0238134312768
Mwense,2003,1257.097442823678
Nchelenge,2003,925.348280718635
Samfya,2003,594.8119720159792
Chongwe,2003,342.23219279174805
Kafue,2003,40.924291333007815
Luangwa,2003,47.817863024902344
Lusaka,2003,0.7761162292480469
Kabompo,2003,990.7331035693359
Kasempa,2003,998.6628424898274
Mufumbwe,2003,383.25780907659794
Mwinilunga,2003,1298.9591269441014
Solwezi,2003,6813.858287353684
Chilubi,2003,1325.700173725538
Chinsali,2003,619.5199157746199
Isoka,2003,914.7381412912406
Kaputa,2003,488.3410076586914
Kasama,2003,940.2649850282677
Luwingu,2003,826.613124391707
Mbala,2003,316.92543429306926
Mpika,2003,1377.450955588642
Mporokoso,2003,505.95323323862107
Mpulungu,2003,280.88075545278514
Mungwi,2003,732.6996870237582
Nakonde,2003,89.81928408030791
Choma,2003,42.544931225585934
Gwembe,2003,10.119479058837891
Itezhi-tezhi,2003,130.20454040682924
Kalomo,2003,81.53455007853191
Kazungula,2003,142.828810326574
Livingstone,2003,0.6819661010742187
Mazabuka,2003,40.24171260986328
Monze,2003,13.91869974975586
Namwala,2003,22.275471978759764
Siavonga,2003,101.26049558105468
Sinazongwe,2003,46.67857582397461
Kaoma,2003,777.366207085296
Mongu,2003,116.93174791992188
Sesheke,2003,218.21235710702933
Chavuma,2003,23.86201568502987
Zambezi,2003,575.5383146016438
Kalabo,2003,685.145901661353
Lukulu,2003,1564.0949304388785
Senanga,2003,58.42510750557694
Shang'ombo,2003,113.58460304575004
Chibombo,2004,205.1095780753581
Kabwe,2004,10.138035620117188
Kapiri-Mposhi,2004,165.5071162380802
Mkushi,2004,1040.278040599796
Mumbwa,2004,515.6609815560853
Serenje,2004,951.4651395056632
Chililabombwe,2004,44.2368439820054
Chingola,2004,35.47956372455672
Kalulushi,2004,24.508652642822266
Kitwe,2004,22.23921789352118
Luanshya,2004,39.744628957064755
Lufwanyama,2004,154.42473267125746
Masaiti,2004,155.00647208840763
Mpongwe,2004,178.1590218376369
Mufulira,2004,44.63382183873794
Ndola,2004,5.405886016845703
Chadiza,2004,187.1818652466299
Chama,2004,491.1073414170209
Chipata,2004,536.1860877918199
Katete,2004,58.783321646154064
Lundazi,2004,858.6734743204993
Mambwe,2004,131.8495218322754
Nyimba,2004,205.5641855855306
Petauke,2004,143.80500889014152
Chienge,2004,1002.0452396683518
Kawambwa,2004,966.3911130919931
Mansa,2004,180.43140825238396
Milenge,2004,121.59269109427659
Mwense,2004,543.9845542866785
Nchelenge,2004,773.5847123968147
Samfya,2004,317.95365313526827
Chongwe,2004,188.60120187275007
Kafue,2004,46.886544903564456
Luangwa,2004,28.062523822021486
Lusaka,2004,0.0
Kabompo,2004,1903.0621817677695
Kasempa,2004,154.19984975585936
Mufumbwe,2004,194.777604988152
Mwinilunga,2004,3190.1675713706577
Solwezi,2004,2237.1142176293465
Chilubi,2004,405.369129486084
Chinsali,2004,29.30862391357422
Isoka,2004,176.74059904749254
Kaputa,2004,908.8132379102998
Kasama,2004,336.1184375431794
Luwingu,2004,397.2200421528895
Mbala,2004,138.39909756601372
Mpika,2004,340.0104263671875
Mporokoso,2004,406.0444837172564
Mpulungu,2004,252.16422518499638
Mungwi,2004,28.477990927159926
Nakonde,2004,2.0288296875
Choma,2004,21.696293505859376
Gwembe,2004,20.652573370361328
Itezhi-tezhi,2004,191.94986764576632
Kalomo,2004,10.197830950927735
Kazungula,2004,128.22696644282323
Livingstone,2004,0.0
Mazabuka,2004,14.186438995361328
Monze,2004,7.901299096679687
Namwala,2004,6.277383129882812
Siavonga,2004,35.4670543762207
Sinazongwe,2004,12.831489337158203
Kaoma,2004,703.1545559756289
Mongu,2004,256.0104563485418
Sesheke,2004,254.95181856615255
Chavuma,2004,154.45868350523705
Zambezi,2004,1219.9640270118864
Kalabo,2004,633.7247390004356
Lukulu,2004,2575.6715862183337
Senanga,2004,231.9408120218195
Shang'ombo,2004,524.8299592675303
Chibombo,2005,1379.0930613629987
Kabwe,2005,103.22178158334769
Kapiri-Mposhi,2005,1076.938740550968
Mkushi,2005,2016.8626739259005
Mumbwa,2005,1340.9670750702023
Serenje,2005,1014.4936626696539
Chililabombwe,2005,215.4009075609394
Chingola,2005,220.36082069462793
Kalulushi,2005,308.01248923698876
Kitwe,2005,580.2009244052065
Luanshya,2005,206.99593887551703
Lufwanyama,2005,1876.7952621907075
Masaiti,2005,523.5393797769465
Mpongwe,2005,1003.8103011960735
Mufulira,2005,245.31994124566768
Ndola,2005,165.85546799421724
Chadiza,2005,70.47052922806085
Chama,2005,896.5861035455922
Chipata,2005,1154.2787457872817
Katete,2005,147.99169319374235
Lundazi,2005,997.9158268488625
Mambwe,2005,366.9749548387236
Nyimba,2005,1412.2953967328958
Petauke,2005,1166.389891575018
Chienge,2005,855.3117220435527
Kawambwa,2005,632.6160112467927
Mansa,2005,683.4429476097437
Milenge,2005,289.15465724303
Mwense,2005,767.1793597883875
Nchelenge,2005,755.814282654766
Samfya,2005,887.1157453053912
Chongwe,2005,497.9254460203642
Kafue,2005,118.55901148114373
Luangwa,2005,137.44120532836914
Lusaka,2005,7.488488949620863
Kabompo,2005,679.0954702408375
Kasempa,2005,1273.5942005311974
Mufumbwe,2005,1061.5272619081743
Mwinilunga,2005,3779.8859551178575
Solwezi,2005,5896.0588898397755
Chilubi,2005,880.979418790355
Chinsali,2005,655.5379826812624
Isoka,2005,589.6959036311371
Kaputa,2005,1121.5103757100183
Kasama,2005,2957.3971111179007
Luwingu,2005,1658.0880471468338
Mbala,2005,378.1529507041543
Mpika,2005,1687.8140644836426
Mporokoso,2005,2105.852652454379
Mpulungu,2005,978.3101816354789
Mungwi,2005,716.2203716848097
Nakonde,2005,25.143833557128907
Choma,2005,118.59235667073568
Gwembe,2005,63.287720697021484
Itezhi-tezhi,2005,169.22709039601045
Kalomo,2005,76.58726516271254
Kazungula,2005,118.2776760689051
Livingstone,2005,0.5964543884277343
Mazabuka,2005,75.28539980351466
Monze,2005,77.6409561340332
Namwala,2005,12.046551483154296
Siavonga,2005,199.05445733750287
Sinazongwe,2005,135.01736892130532
Kaoma,2005,1844.514814721871
Mongu,2005,166.14976134825463
Sesheke,2005,379.4184073311121
Chavuma,2005,55.595967791748045
Zambezi,2005,773.1230430109481
Kalabo,2005,272.2681733321844
Lukulu,2005,1563.4515716018018
Senanga,2005,165.76832829206876
Shang'ombo,2005,731.5165399332204
Chibombo,2006,786.3370297976267
Kabwe,2006,48.28679842098461
Kapiri-Mposhi,2006,1106.3643928229599
Mkushi,2006,592.0247351938285
Mumbwa,2006,769.7762276765471
Serenje,2006,243.32929028404084
Chililabombwe,2006,89.0681614327225
Chingola,2006,93.7173964288689
Kalulushi,2006,275.2791890196797
Kitwe,2006,98.39468557413737
Luanshya,2006,49.53702634282131
Lufwanyama,2006,597.8637617327761
Masaiti,2006,408.8086930607814
Mpongwe,2006,471.58400352304506
Mufulira,2006,65.98639329618565
Ndola,2006,180.38919699525124
Chadiza,2006,315.26173063529217
Chama,2006,306.45373109647863
Chipata,2006,471.8624234928625
Katete,2006,54.572014090624045
Lundazi,2006,670.249537915015
Mambwe,2006,115.50298206593233
Nyimba,2006,62.89725617019953
Petauke,2006,7.560754479980469
Chienge,2006,377.5927704225787
Kawambwa,2006,1943.3315696898694
Mansa,2006,416.3044140711885
Milenge,2006,83.88201136362113
Mwense,2006,1136.0083541877777
Nchelenge,2006,360.3318346868298
Samfya,2006,315.2033629547239
Chongwe,2006,203.6904206015673
Kafue,2006,74.1322520719401
Luangwa,2006,50.91452910766601
Lusaka,2006,2.1375435400390628
Kabompo,2006,2459.593500864593
Kasempa,2006,337.659382562208
Mufumbwe,2006,675.5801494986263
Mwinilunga,2006,3231.882078322658
Solwezi,2006,1961.5147862106983
Chilubi,2006,279.5437374403531
Chinsali,2006,378.1590984069824
Isoka,2006,290.1678558586091
Kaputa,2006,572.9297646243824
Kasama,2006,168.7475086831725
Luwingu,2006,335.7720319876877
Mbala,2006,271.0161169330193
Mpika,2006,806.1271240113263
Mporokoso,2006,301.76454561420513
Mpulungu,2006,183.22746657954198
Mungwi,2006,28.99636280517578
Nakonde,2006,1.1462212463378907
Choma,2006,141.7613129910817
Gwembe,2006,37.88610006555894
Itezhi-tezhi,2006,84.27465939666149
Kalomo,2006,24.402266687011718
Kazungula,2006,21.04234075317383
Livingstone,2006,0.5966207458496093
Mazabuka,2006,52.02866006826364
Monze,2006,35.207002154541016
Namwala,2006,3.0970484375
Siavonga,2006,102.61881482003007
Sinazongwe,2006,36.406931450602215
Kaoma,2006,1864.3009954669067
Mongu,2006,1016.0172782426182
Sesheke,2006,56.28953505859375
Chavuma,2006,583.2707038527544
Zambezi,2006,1495.3079991656853
Kalabo,2006,1483.2784451872942
Lukulu,2006,6904.571856192866
Senanga,2006,360.29759891764326
Shang'ombo,2006,1112.7194026846134
Chibombo,2007,121.16039175608915
Kabwe,2007,0.0
Kapiri-Mposhi,2007,109.84962540053422
Mkushi,2007,1585.7824384363753
Mumbwa,2007,336.48247118776806
Serenje,2007,1006.4192556192075
Chililabombwe,2007,42.523975034155754
Chingola,2007,31.768332581499884
Kalulushi,2007,60.979742504882815
Kitwe,2007,10.81656542401482
Luanshya,2007,9.404243733963312
Lufwanyama,2007,456.8612957138002
Masaiti,2007,69.9485426235543
Mpongwe,2007,148.99072740942862
Mufulira,2007,0.26192249755859376
Ndola,2007,24.257304979200175
Chadiza,2007,134.95547560046626
Chama,2007,832.2937148402315
Chipata,2007,417.5358121110026
Katete,2007,97.63989961753695
Lundazi,2007,1137.3091777166867
Mambwe,2007,160.38982498391545
Nyimba,2007,411.23812834175857
Petauke,2007,231.89332238046686
Chienge,2007,1654.4356188056017
Kawambwa,2007,3201.1835734128463
Mansa,2007,297.9789377254471
Milenge,2007,55.77198073249369
Mwense,2007,2435.568410669735
Nchelenge,2007,2348.993586173407
Samfya,2007,560.0146010040643
Chongwe,2007,175.63354533825444
Kafue,2007,20.50605911254883
Luangwa,2007,215.11332066856235
Lusaka,2007,0.7761451354980469
Kabompo,2007,3352.0906388073968
Kasempa,2007,202.84829891967775
Mufumbwe,2007,312.56237402891867
Mwinilunga,2007,1102.8985656569776
Solwezi,2007,3052.645046335617
Chilubi,2007,1849.216112485567
Chinsali,2007,1187.3162439238424
Isoka,2007,833.983012722934
Kaputa,2007,2454.63008036286
Kasama,2007,1749.9163681743548
Luwingu,2007,2320.1806844525986
Mbala,2007,741.969610567196
Mpika,2007,1120.2933910358024
Mporokoso,2007,1683.3295861046165
Mpulungu,2007,917.745028911444
Mungwi,2007,1538.5330055835439
Nakonde,2007,52.5913173386757
Choma,2007,15.351708154296874
Gwembe,2007,4.199521899414062
Itezhi-tezhi,2007,163.66600583496094
Kalomo,2007,23.27254340209961
Kazungula,2007,64.7193995739028
Livingstone,2007,1.0228190063476563
Mazabuka,2007,6.368789880371094
Monze,2007,2.231708477783203
Namwala,2007,0.7743050842285156
Siavonga,2007,36.16881258544922
Sinazongwe,2007,23.25467854614258
Kaoma,2007,1303.6191670753149
Mongu,2007,388.9049303541236
Sesheke,2007,518.7610800289378
Chavuma,2007,478.4885335726151
Zambezi,2007,2209.0920108381924
Kalabo,2007,3672.2884078006045
Lukulu,2007,754.0909386881989
Senanga,2007,286.55523827596033
Shang'ombo,2007,944.333335603147
Chibombo,2008,1084.213246680597
Kabwe,2008,42.797370989990235
Kapiri-Mposhi,2008,1334.9353665990732
Mkushi,2008,4857.268792887465
Mumbwa,2008,1625.5369676868395
Serenje,2008,4417.055014408893
Chililabombwe,2008,125.54092156326594
Chingola,2008,152.72255587852328
Kalulushi,2008,338.2208538017244
Kitwe,2008,169.07277102081898
Luanshya,2008,113.18742718278472
Lufwanyama,2008,1421.5363823431996
Masaiti,2008,215.57024449776443
Mpongwe,2008,580.0462968344774
Mufulira,2008,118.00452528767903
Ndola,2008,194.17860511606253
Chadiza,2008,392.70535957857015
Chama,2008,1092.584857238626
Chipata,2008,1022.8953255395747
Katete,2008,323.2553799240292
Lundazi,2008,1437.4839247429823
Mambwe,2008,661.8430323186178
Nyimba,2008,264.677038812926
Petauke,2008,451.1814194980037
Chienge,2008,1601.0489262055282
Kawambwa,2008,1287.8457884932213
Mansa,2008,662.7105867806948
Milenge,2008,456.6133007229196
Mwense,2008,697.5126664487591
Nchelenge,2008,824.2557374238855
Samfya,2008,1474.2306420217476
Chongwe,2008,574.1045257470703
Kafue,2008,208.33790314244885
Luangwa,2008,248.8012664794922
Lusaka,2008,5.106391981368719
Kabompo,2008,1871.9627867472332
Kasempa,2008,1033.91478053024
Mufumbwe,2008,627.2790278910797
Mwinilunga,2008,2254.076103823409
Solwezi,2008,2558.06101231632
Chilubi,2008,1838.4848349052638
Chinsali,2008,1229.312092189343
Isoka,2008,590.6315465805233
Kaputa,2008,1355.423468435705
Kasama,2008,1930.9116338338933
Luwingu,2008,1417.4032104641065
Mbala,2008,527.5378552478027
Mpika,2008,3705.260615374445
Mporokoso,2008,1583.54637088714
Mpulungu,2008,857.0944265589096
Mungwi,2008,459.56405739248237
Nakonde,2008,53.02286754959405
Choma,2008,83.88476479939779
Gwembe,2008,82.0202718884756
Itezhi-tezhi,2008,385.5130234372128
Kalomo,2008,73.78573425292969
Kazungula,2008,67.97432520019531
Livingstone,2008,0.08526318359375
Mazabuka,2008,44.23313848953546
Monze,2008,23.466181908198337
Namwala,2008,9.63019686279297
Siavonga,2008,155.44492839934705
Sinazongwe,2008,210.71672574951174
Kaoma,2008,2778.1774550927257
Mongu,2008,284.78745792267443
Sesheke,2008,1157.1257307104493
Chavuma,2008,630.0508691254022
Zambezi,2008,2258.7241626498594
Kalabo,2008,845.5968106728945
Lukulu,2008,2332.8840105387135
Senanga,2008,178.21821825927734
Shang'ombo,2008,321.36296880699007
Chibombo,2009,1118.4629439224782
Kabwe,2009,66.17738796386719
Kapiri-Mposhi,2009,1511.0254969149719
Mkushi,2009,1143.7849619872327
Mumbwa,2009,1244.7900349627805
Serenje,2009,1140.443038850026
Chililabombwe,2009,95.20803878894283
Chingola,2009,168.57634447665345
Kalulushi,2009,576.1894659509755
Kitwe,2009,104.36659528468711
Luanshya,2009,228.74576754933074
Lufwanyama,2009,1643.3490796473843
Masaiti,2009,1129.2453816467764
Mpongwe,2009,3186.4097017644663
Mufulira,2009,189.7515979786353
Ndola,2009,370.97687326643404
Chadiza,2009,183.02125079111136
Chama,2009,645.5589702650602
Chipata,2009,439.8411932910395
Katete,2009,425.0735703359567
Lundazi,2009,713.5217552217372
Mambwe,2009,753.6381394978123
Nyimba,2009,839.9742800894225
Petauke,2009,1478.4599593510648
Chienge,2009,1282.3812002285827
Kawambwa,2009,4382.953729971756
Mansa,2009,1089.8605337853764
Milenge,2009,199.9832112376015
Mwense,2009,2521.0259325453812
Nchelenge,2009,3507.9904660965262
Samfya,2009,731.6761631744504
Chongwe,2009,528.0084334287158
Kafue,2009,781.0624770111921
Luangwa,2009,107.34888450927734
Lusaka,2009,18.165551517597272
Kabompo,2009,8549.770143149319
Kasempa,2009,4769.293566137743
Mufumbwe,2009,8470.29711976608
Mwinilunga,2009,16089.873487198796
Solwezi,2009,13950.51594487673
Chilubi,2009,1346.0621962690045
Chinsali,2009,2397.623225283969
Isoka,2009,1049.8684886153876
Kaputa,2009,1355.865387499282
Kasama,2009,524.7179730551806
Luwingu,2009,622.699496944628
Mbala,2009,421.5490953482594
Mpika,2009,3589.5204362308523
Mporokoso,2009,673.8034428721948
Mpulungu,2009,0.8817630187988281
Mungwi,2009,1199.519023971067
Nakonde,2009,186.60426421547086
Choma,2009,400.9853117053462
Gwembe,2009,207.28147507431927
Itezhi-tezhi,2009,410.7413373023179
Kalomo,2009,108.12858781738281
Kazungula,2009,104.95598154462029
Livingstone,2009,1.0228181274414063
Mazabuka,2009,122.34373226509841
Monze,2009,164.12456683502796
Namwala,2009,10.668065856933593
Siavonga,2009,503.85278685549275
Sinazongwe,2009,271.35872867493873
Kaoma,2009,6584.029104624694
Mongu,2009,339.6520142377307
Sesheke,2009,1940.170273604545
Chavuma,2009,387.71516716282264
Zambezi,2009,2741.191348317823
Kalabo,2009,344.1736769151396
Lukulu,2009,2570.405690011633
Senanga,2009,198.4435991612094
Shang'ombo,2009,666.4849197786697
Chibombo,2010,1185.794485584286
Kabwe,2010,25.206237677001955
Kapiri-Mposhi,2010,915.0537122333601
Mkushi,2010,2701.3593646301506
Mumbwa,2010,2096.4871691030703
Serenje,2010,1569.1124058206956
Chililabombwe,2010,1563.6461214063224
Chingola,2010,1439.2817361315201
Kalulushi,2010,2861.4044016842117
Kitwe,2010,4676.825852598037
Luanshya,2010,3031.7354395574603
Lufwanyama,2010,6277.2651911401845
Masaiti,2010,11371.244248017412
Mpongwe,2010,14247.79545934374
Mufulira,2010,3630.009717619174
Ndola,2010,3711.233882127303
Chadiza,2010,85.44196609439625
Chama,2010,631.180773940334
Chipata,2010,145.16006232924516
Katete,2010,94.7321064953374
Lundazi,2010,482.6329074631636
Mambwe,2010,181.53683061092602
Nyimba,2010,432.2842710947313
Petauke,2010,283.286777778799
Chienge,2010,5183.888945224561
Kawambwa,2010,7727.573355457643
Mansa,2010,9713.75908766781
Milenge,2010,2257.2983287201046
Mwense,2010,8179.431770180903
Nchelenge,2010,7897.240380498644
Samfya,2010,2643.7261300457885
Chongwe,2010,101.2762737121582
Kafue,2010,32.670398671204815
Luangwa,2010,74.9624442215983
Lusaka,2010,0.6899660949707032
Kabompo,2010,7892.241220931995
Kasempa,2010,220.5961026048369
Mufumbwe,2010,1020.4792270235907
Mwinilunga,2010,12990.627522302128
Solwezi,2010,1367.6158555315326
Chilubi,2010,362.81910111605777
Chinsali,2010,1381.1597325420544
Isoka,2010,711.6869032842179
Kaputa,2010,8145.5684899507405
Kasama,2010,1789.7255523562924
Luwingu,2010,2580.089048160568
Mbala,2010,828.829275620165
Mpika,2010,1817.5973021802715
Mporokoso,2010,2172.869506480449
Mpulungu,2010,1334.1839067443848
Mungwi,2010,1701.0500992159493
Nakonde,2010,188.13679913887773
Choma,2010,78.52318961251052
Gwembe,2010,43.29560128173828
Itezhi-tezhi,2010,652.9191692347628
Kalomo,2010,100.25048728027343
Kazungula,2010,69.23036966871075
Livingstone,2010,0.17038011474609374
Mazabuka,2010,34.145079528808594
Monze,2010,36.86156011359719
Namwala,2010,60.78550147894167
Siavonga,2010,55.54550165201824
Sinazongwe,2010,49.945412255859374
Kaoma,2010,2525.821103346761
Mongu,2010,636.7934390292538
Sesheke,2010,468.50347605772726
Chavuma,2010,1153.4149523628985
Zambezi,2010,7014.223679273251
Kalabo,2010,501.25273219010893
Lukulu,2010,5568.22184148514
Senanga,2010,293.4324149438477
Shang'ombo,2010,849.8163105519016
Chibombo,2011,145.193981688017
Kabwe,2011,8.57331846923828
Kapiri-Mposhi,2011,365.09391846145934
Mkushi,2011,1760.5023954339958
Mumbwa,2011,483.18650097735235
Serenje,2011,1517.767550022236
Chililabombwe,2011,125.7398622750316
Chingola,2011,167.0091512246764
Kalulushi,2011,192.51157660402782
Kitwe,2011,17.53299808959961
Luanshya,2011,10.116980155484068
Lufwanyama,2011,6588.212181188822
Masaiti,2011,135.97079021010455
Mpongwe,2011,588.1153320241172
Mufulira,2011,3.207594439386106
Ndola,2011,105.27396033830229
Chadiza,2011,269.75863689986886
Chama,2011,1172.0347050154862
Chipata,2011,1287.3040066038363
Katete,2011,118.91842098388672
Lundazi,2011,1667.74829070425
Mambwe,2011,170.55501613420074
Nyimba,2011,28.513431647135416
Petauke,2011,0.25983338623046875
Chienge,2011,173.72875422028187
Kawambwa,2011,129.29932987407608
Mansa,2011,13.575713531494142
Milenge,2011,48.782620002345666
Mwense,2011,17.149681994628907
Nchelenge,2011,304.0720109105249
Samfya,2011,206.02611063371248
Chongwe,2011,256.1534305145623
Kafue,2011,99.22576774471507
Luangwa,2011,78.60328789672852
Lusaka,2011,1.20714267578125
Kabompo,2011,2116.9915268815103
Kasempa,2011,5900.596055981229
Mufumbwe,2011,2234.2664386977012
Mwinilunga,2011,7698.903075308765
Solwezi,2011,10403.245344895739
Chilubi,2011,26.675389535031787
Chinsali,2011,18.441722821044923
Isoka,2011,500.0976341486912
Kaputa,2011,611.761697281566
Kasama,2011,1268.711846166705
Luwingu,2011,475.2117325217572
Mbala,2011,518.8005900426527
Mpika,2011,607.476765293591
Mporokoso,2011,1549.3706945151894
Mpulungu,2011,1702.6804696221564
Mungwi,2011,178.69302611517216
Nakonde,2011,1.4108457641601562
Choma,2011,66.53686462402344
Gwembe,2011,15.769364862611061
Itezhi-tezhi,2011,41.13780971679687
Kalomo,2011,12.123968505859375
Kazungula,2011,21.22719183959961
Livingstone,2011,0.0
Mazabuka,2011,22.53502420043945
Monze,2011,20.359753454039332
Namwala,2011,0.5163278686523437
Siavonga,2011,98.44096055585076
Sinazongwe,2011,15.898770965576173
Kaoma,2011,2371.923197578436
Mongu,2011,139.8362025390625
Sesheke,2011,462.7709103942871
Chavuma,2011,220.1757652694164
Zambezi,2011,693.4535765127864
Kalabo,2011,671.4758698267559
Lukulu,2011,556.126378167198
Senanga,2011,164.36600769469018
Shang'ombo,2011,471.11312950145043
Chibombo,2012,217.78861639801627
Kabwe,2012,96.22890534667968
Kapiri-Mposhi,2012,1448.7080159813736
Mkushi,2012,7449.741346194254
Mumbwa,2012,1173.7938255630077
Serenje,2012,2759.889953619097
Chililabombwe,2012,1825.2220023076316
Chingola,2012,814.2709671357038
Kalulushi,2012,2029.3815137040444
Kitwe,2012,3093.9561734634453
Luanshya,2012,1589.7438130959424
Lufwanyama,2012,9950.31883013138
Masaiti,2012,7604.880004422536
Mpongwe,2012,11854.718894161568
Mufulira,2012,1253.896253413708
Ndola,2012,4898.438557515341
Chadiza,2012,161.19308336576574
Chama,2012,425.1090165291341
Chipata,2012,710.6592120754347
Katete,2012,349.2876279277248
Lundazi,2012,412.08981908985817
Mambwe,2012,499.56454299711334
Nyimba,2012,188.85218377872243
Petauke,2012,232.6541711544022
Chienge,2012,1753.2100200555778
Kawambwa,2012,4205.410165292059
Mansa,2012,6147.072718243456
Milenge,2012,1209.3530127418428
Mwense,2012,6840.59923734612
Nchelenge,2012,2234.6363763836307
Samfya,2012,1494.6647554240149
Chongwe,2012,293.6770023277612
Kafue,2012,121.95693673895144
Luangwa,2012,86.72561684570313
Lusaka,2012,10.056357631788067
Kabompo,2012,2911.702970998511
Kasempa,2012,1286.7547378252816
Mufumbwe,2012,900.5474639519425
Mwinilunga,2012,2042.5374567602062
Solwezi,2012,14742.001398016855
Chilubi,2012,706.6916776660156
Chinsali,2012,1020.9930618418496
Isoka,2012,420.8322720740464
Kaputa,2012,2259.6906322113873
Kasama,2012,1108.3897315108475
Luwingu,2012,2109.44761875316
Mbala,2012,385.19406803282493
Mpika,2012,2870.40795915422
Mporokoso,2012,1472.8053183838847
Mpulungu,2012,932.6200158811562
Mungwi,2012,285.4460589889466
Nakonde,2012,36.11186974145029
Choma,2012,58.057014361572264
Gwembe,2012,5.831613403320312
Itezhi-tezhi,2012,101.96205155687518
Kalomo,2012,6.418716583251953
Kazungula,2012,18.94286787109375
Livingstone,2012,0.0
Mazabuka,2012,14.189377917480469
Monze,2012,21.477613146972658
Namwala,2012,1.203394891357422
Siavonga,2012,135.25879078594133
Sinazongwe,2012,6.413599334716797
Kaoma,2012,1766.27888130632
Mongu,2012,210.16643299560548
Sesheke,2012,194.11949125976562
Chavuma,2012,284.90735209577974
Zambezi,2012,2695.0769286915497
Kalabo,2012,254.711475446897
Lukulu,2012,2334.0510112861184
Senanga,2012,163.44919312447342
Shang'ombo,2012,333.7131043818216
Chibombo,2013,646.3450777034266
Kabwe,2013,200.56122240205653
Kapiri-Mposhi,2013,2452.3023002622836
Mkushi,2013,3286.301381094659
Mumbwa,2013,2577.005184641855
Serenje,2013,2521.1699773295804
Chililabombwe,2013,559.5555945557359
Chingola,2013,232.07509003956514
Kalulushi,2013,1347.2489976922966
Kitwe,2013,732.5104762247242
Luanshya,2013,166.59511384459253
Lufwanyama,2013,3851.2805143625783
Masaiti,2013,1829.7712922028666
Mpongwe,2013,3396.39116396707
Mufulira,2013,452.61556698627544
Ndola,2013,1555.8927118416102
Chadiza,2013,301.3446979559685
Chama,2013,1057.5734344451305
Chipata,2013,530.0867581614057
Katete,2013,61.105632745361326
Lundazi,2013,627.8035744697601
Mambwe,2013,394.14296451420796
Nyimba,2013,235.94986457959945
Petauke,2013,193.12377958984376
Chienge,2013,1284.1838309380025
Kawambwa,2013,3369.4237516884714
Mansa,2013,1664.569551884981
Milenge,2013,590.6056034510234
Mwense,2013,1941.7451414452407
Nchelenge,2013,1219.5613646143775
Samfya,2013,252.98380788808782
Chongwe,2013,212.0493920905618
Kafue,2013,132.5083293949142
Luangwa,2013,36.8915889966299
Lusaka,2013,2.5872734436035154
Kabompo,2013,3359.5454809265375
Kasempa,2013,1970.0855307755053
Mufumbwe,2013,1502.9671525541658
Mwinilunga,2013,3898.9730350889677
Solwezi,2013,6701.610141383894
Chilubi,2013,159.01433498168947
Chinsali,2013,1652.655935125972
Isoka,2013,801.7680157553041
Kaputa,2013,3198.7727606838566
Kasama,2013,1814.9379265730076
Luwingu,2013,1314.5422948561725
Mbala,2013,571.902386425494
Mpika,2013,3599.0179248229742
Mporokoso,2013,2746.954358378547
Mpulungu,2013,1483.5766261521524
Mungwi,2013,683.4202183806535
Nakonde,2013,27.641909375502642
Choma,2013,222.00809225779813
Gwembe,2013,65.27887738295613
Itezhi-tezhi,2013,286.77020091696346
Kalomo,2013,19.298399774169923
Kazungula,2013,20.859347433340034
Livingstone,2013,0.5965810852050781
Mazabuka,2013,53.22708015270757
Monze,2013,109.38561123709886
Namwala,2013,1.2916980346679687
Siavonga,2013,102.02417246704101
Sinazongwe,2013,110.53965326353784
Kaoma,2013,2841.3063831847185
Mongu,2013,213.2957734798177
Sesheke,2013,355.6904676867197
Chavuma,2013,68.54436342340207
Zambezi,2013,2603.3165139020134
Kalabo,2013,65.92769249186198
Lukulu,2013,1737.4519300502643
Senanga,2013,71.66531729183421
Shang'ombo,2013,511.4550555756213
Chibombo,2014,1668.3595919177246
Kabwe,2014,159.38526595447016
Kapiri-Mposhi,2014,4630.257895392611
Mkushi,2014,6854.46198038213
Mumbwa,2014,4443.825926982015
Serenje,2014,3842.8909919411094
Chililabombwe,2014,743.851560523562
Chingola,2014,440.9089796238319
Kalulushi,2014,1545.585240409127
Kitwe,2014,755.8478388194603
Luanshya,2014,378.73323504349054
Lufwanyama,2014,8204.213884285673
Masaiti,2014,4092.216973192641
Mpongwe,2014,7883.98315304946
Mufulira,2014,493.23583760656015
Ndola,2014,1682.2776026302083
Chadiza,2014,361.386808048742
Chama,2014,820.4771148701267
Chipata,2014,445.1551052438773
Katete,2014,85.72656382410386
Lundazi,2014,1252.1691786852068
Mambwe,2014,221.52375938483743
Nyimba,2014,409.6847307726572
Petauke,2014,301.3516294062596
Chienge,2014,834.8236790450511
Kawambwa,2014,3438.9738120735196
Mansa,2014,2606.5409103524003
Milenge,2014,978.2916646117687
Mwense,2014,2016.7346295412071
Nchelenge,2014,1026.315952978779
Samfya,2014,537.5126834858495
Chongwe,2014,326.3206592000086
Kafue,2014,218.98489745911843
Luangwa,2014,58.49351051343731
Lusaka,2014,18.10991719970703
Kabompo,2014,3092.731095852338
Kasempa,2014,2586.5302284876207
Mufumbwe,2014,1608.1869744611436
Mwinilunga,2014,3643.46009424922
Solwezi,2014,6854.615769206854
Chilubi,2014,323.9740189153215
Chinsali,2014,2006.0952570269656
Isoka,2014,1046.939346690267
Kaputa,2014,1633.4693338271918
Kasama,2014,3197.2415958095658
Luwingu,2014,2201.409322133981
Mbala,2014,888.0724532417565
Mpika,2014,5143.679937034577
Mporokoso,2014,4032.3671686457365
Mpulungu,2014,1623.635506939123
Mungwi,2014,1017.6759846713437
Nakonde,2014,32.20473739013672
Choma,2014,244.84783828057982
Gwembe,2014,93.83121805252375
Itezhi-tezhi,2014,472.2355252320772
Kalomo,2014,20.92932506713867
Kazungula,2014,65.92259900512695
Livingstone,2014,0.0
Mazabuka,2014,82.05848205226525
Monze,2014,116.9277554449343
Namwala,2014,1.8071551574707032
Siavonga,2014,139.66631868733725
Sinazongwe,2014,119.92200020766315
Kaoma,2014,3577.84018373248
Mongu,2014,278.85390870081284
Sesheke,2014,578.8487463512465
Chavuma,2014,100.6576239834894
Zambezi,2014,2397.169504452024
Kalabo,2014,38.74334627470129
Lukulu,2014,2074.947337158491
Senanga,2014,91.43321441870594
Shang'ombo,2014,154.33610176056507
Chibombo,2015,670.5905479490273
Kabwe,2015,83.34043496495865
Kapiri-Mposhi,2015,3076.2238570974073
Mkushi,2015,3840.0723946006865
Mumbwa,2015,3187.0567769928575
Serenje,2015,3082.425496766429
Chililabombwe,2015,493.6316270261996
Chingola,2015,579.1779278834205
Kalulushi,2015,1369.9103670233753
Kitwe,2015,371.13585441473276
Luanshya,2015,287.6091874614401
Lufwanyama,2015,5636.080766787468
Masaiti,2015,2032.1977527493823
Mpongwe,2015,4166.17986298438
Mufulira,2015,437.8984810380524
Ndola,2015,1278.659477506749
Chadiza,2015,277.22266737036614
Chama,2015,381.67288743334
Chipata,2015,451.5013016169769
Katete,2015,41.76462461547852
Lundazi,2015,382.47360283581304
Mambwe,2015,263.95671532437194
Nyimba,2015,99.05532585430069
Petauke,2015,106.55455523461434
Chienge,2015,944.2803927833468
Kawambwa,2015,2889.858041791346
Mansa,2015,2766.896145218099
Milenge,2015,1341.2884958968575
Mwense,2015,1763.8514514624742
Nchelenge,2015,631.3558341053443
Samfya,2015,448.9573324149338
Chongwe,2015,497.58282448730466
Kafue,2015,193.5521035888672
Luangwa,2015,32.528685083007815
Lusaka,2015,9.746225329589844
Kabompo,2015,3218.7140584465237
Kasempa,2015,2241.4270914141007
Mufumbwe,2015,1593.5717678218348
Mwinilunga,2015,5392.45269883363
Solwezi,2015,7550.821298274979
Chilubi,2015,232.09168165108477
Chinsali,2015,1754.2574282736148
Isoka,2015,461.3511805781585
Kaputa,2015,784.1967098360907
Kasama,2015,1581.3695364041198
Luwingu,2015,1223.148456041188
Mbala,2015,411.899723958094
Mpika,2015,3791.0222003828467
Mporokoso,2015,2088.0924461695295
Mpulungu,2015,1056.117415202948
Mungwi,2015,974.9065736347274
Nakonde,2015,16.70438091832778
Choma,2015,86.00853917882583
Gwembe,2015,69.29189366455078
Itezhi-tezhi,2015,434.23219322576784
Kalomo,2015,28.191275677490236
Kazungula,2015,35.7515753267176
Livingstone,2015,0.0
Mazabuka,2015,93.32788770141602
Monze,2015,34.95338740844726
Namwala,2015,1.4620822021484374
Siavonga,2015,131.44287691327264
Sinazongwe,2015,87.17485868166456
Kaoma,2015,2400.644395418988
Mongu,2015,181.95871860916438
Sesheke,2015,728.6560722553568
Chavuma,2015,71.29914742446002
Zambezi,2015,2339.6668298863074
Kalabo,2015,11.658951794433595
Lukulu,2015,2281.7484939563947
Senanga,2015,68.85103746136835
Shang'ombo,2015,66.28985236816406
Chibombo,2016,982.910909995596
Kabwe,2016,136.821927698448
Kapiri-Mposhi,2016,4870.504721412113
Mkushi,2016,4256.576754661195
Mumbwa,2016,3029.465537652109
Serenje,2016,3986.691569585464
Chililabombwe,2016,801.6626680288039
Chingola,2016,641.069698392334
Kalulushi,2016,1708.1924660059549
Kitwe,2016,738.7828266175514
Luanshya,2016,683.7164917760754
Lufwanyama,2016,7884.037905453718
Masaiti,2016,4639.5426296251
Mpongwe,2016,7181.668449890616
Mufulira,2016,740.1473569571461
Ndola,2016,1519.6987931952747
Chadiza,2016,211.23455781003466
Chama,2016,698.2745118124569
Chipata,2016,518.6373348579676
Katete,2016,91.9628036102654
Lundazi,2016,1096.8858410736923
Mambwe,2016,476.4190058173445
Nyimba,2016,404.1351891230565
Petauke,2016,306.31407583522423
Chienge,2016,766.8441423015759
Kawambwa,2016,5499.3329931919
Mansa,2016,5020.336056243466
Milenge,2016,1634.096492631453
Mwense,2016,3234.328626794075
Nchelenge,2016,1172.2032033442958
Samfya,2016,691.7375754072839
Chongwe,2016,381.4132049766391
Kafue,2016,113.85198856000116
Luangwa,2016,18.552862072753907
Lusaka,2016,5.433498419189453
Kabompo,2016,4889.58294222314
Kasempa,2016,4398.971385192512
Mufumbwe,2016,2451.74127626338
Mwinilunga,2016,5643.234040322362
Solwezi,2016,11517.625745438974
Chilubi,2016,379.5068302242264
Chinsali,2016,2719.0067549706796
Isoka,2016,896.2955296685911
Kaputa,2016,1542.550416050068
Kasama,2016,3217.5475863932293
Luwingu,2016,2202.75160549381
Mbala,2016,799.2847553485707
Mpika,2016,5476.282412196046
Mporokoso,2016,5056.36228762037
Mpulungu,2016,2142.722814230191
Mungwi,2016,1810.9308359160777
Nakonde,2016,27.30314104204963
Choma,2016,191.65594597457587
Gwembe,2016,101.29154076545267
Itezhi-tezhi,2016,114.64576329956054
Kalomo,2016,36.98450847708908
Kazungula,2016,35.297705767822265
Livingstone,2016,0.0
Mazabuka,2016,70.47035610961915
Monze,2016,57.455177172707955
Namwala,2016,0.7745004211425781
Siavonga,2016,175.96233670654297
Sinazongwe,2016,143.28909598910465
Kaoma,2016,4952.457872262561
Mongu,2016,265.8916587490905
Sesheke,2016,784.0507159225643
Chavuma,2016,197.58775760253906
Zambezi,2016,5006.195351374728
Kalabo,2016,43.058573000990926
Lukulu,2016,8126.124863102383
Senanga,2016,111.56156826775046
Shang'ombo,2016,116.36850145859663
Chibombo,2017,1920.8224734349146
Kabwe,2017,197.6088272471469
Kapiri-Mposhi,2017,4706.602571297799
Mkushi,2017,6575.754846378796
Mumbwa,2017,4116.122190326239
Serenje,2017,5307.6813050135
Chililabombwe,2017,807.2587467250688
Chingola,2017,838.4137148814962
Kalulushi,2017,1642.8523242097501
Kitwe,2017,628.4994893375173
Luanshya,2017,399.8577560079418
Lufwanyama,2017,8987.37787558601
Masaiti,2017,3557.183337569532
Mpongwe,2017,5979.013580840467
Mufulira,2017,1001.1097403418927
Ndola,2017,1370.3544480581247
Chadiza,2017,303.0450625462432
Chama,2017,963.2006998062913
Chipata,2017,536.9375687704886
Katete,2017,96.90101396484376
Lundazi,2017,1000.1538872020526
Mambwe,2017,871.1531815659705
Nyimba,2017,941.2237000863347
Petauke,2017,544.4709862502633
Chienge,2017,1043.9019808089672
Kawambwa,2017,7011.710263074903
Mansa,2017,6242.847595579834
Milenge,2017,2369.4818434517656
Mwense,2017,4038.204156591964
Nchelenge,2017,1293.023835452929
Samfya,2017,968.4006946799364
Chongwe,2017,854.792865345818
Kafue,2017,653.1887446205288
Luangwa,2017,57.6498964477539
Lusaka,2017,47.24926869535558
Kabompo,2017,5068.482392639376
Kasempa,2017,5886.39292950011
Mufumbwe,2017,2135.567314252547
Mwinilunga,2017,7635.7309617921355
Solwezi,2017,14357.763039240437
Chilubi,2017,393.84036705403645
Chinsali,2017,2330.1848709318747
Isoka,2017,1442.1398583529124
Kaputa,2017,2352.536539530436
Kasama,2017,4851.191591717123
Luwingu,2017,2855.2714014783433
Mbala,2017,1408.7082434065996
Mpika,2017,5737.734281929645
Mporokoso,2017,7193.520370783116
Mpulungu,2017,2555.2549120540602
Mungwi,2017,2192.3585080632947
Nakonde,2017,74.67358765074488
Choma,2017,569.6240794232776
Gwembe,2017,164.47462572631835
Itezhi-tezhi,2017,549.9035874523447
Kalomo,2017,62.173381115722655
Kazungula,2017,85.59192946789311
Livingstone,2017,0.0
Mazabuka,2017,209.05763854698031
Monze,2017,68.4288424621582
Namwala,2017,5.336548931884765
Siavonga,2017,227.30991541451252
Sinazongwe,2017,348.39080444003235
Kaoma,2017,4787.648560716816
Mongu,2017,399.37059939000744
Sesheke,2017,1070.9425950537589
Chavuma,2017,311.0611337363807
Zambezi,2017,4351.228509844564
Kalabo,2017,104.55980322265626
Lukulu,2017,2422.6550746653115
Senanga,2017,213.51366708735446
Shang'ombo,2017,435.8213860943724
Chibombo,2018,1407.8710525113934
Kabwe,2018,124.80585402221679
Kapiri-Mposhi,2018,3627.254521466759
Mkushi,2018,5003.338043671444
Mumbwa,2018,3677.08328153981
Serenje,2018,4562.511698334865
Chililabombwe,2018,901.9079048557415
Chingola,2018,1559.8281673885808
Kalulushi,2018,1417.6315077548395
Kitwe,2018,562.1665561696968
Luanshya,2018,360.22307558665557
Lufwanyama,2018,9209.804194991431
Masaiti,2018,3335.4985194040337
Mpongwe,2018,6465.989951276927
Mufulira,2018,675.4153131728707
Ndola,2018,1304.1595544958016
Chadiza,2018,181.62933870074102
Chama,2018,640.8752561572505
Chipata,2018,233.78347967491
Katete,2018,58.526295892333984
Lundazi,2018,457.87931345731846
Mambwe,2018,247.6365376893526
Nyimba,2018,305.88366547624173
Petauke,2018,116.39404285888672
Chienge,2018,851.2323869825656
Kawambwa,2018,6965.014520769784
Mansa,2018,5212.391115183705
Milenge,2018,1476.6638373016476
Mwense,2018,5117.6651177176445
Nchelenge,2018,1452.447850822347
Samfya,2018,715.5254135081094
Chongwe,2018,463.2529763148888
Kafue,2018,286.1748455034802
Luangwa,2018,26.14189351196289
Lusaka,2018,22.24889409718233
Kabompo,2018,4338.351289306401
Kasempa,2018,5067.932021051983
Mufumbwe,2018,2101.5910396716067
Mwinilunga,2018,6150.959243348604
Solwezi,2018,12910.139488565173
Chilubi,2018,740.0296924109125
Chinsali,2018,2209.2882383490587
Isoka,2018,786.3179268710746
Kaputa,2018,2140.608089868547
Kasama,2018,3526.0774501448327
Luwingu,2018,2933.145319265352
Mbala,2018,1061.7395640189375
Mpika,2018,5360.629473974873
Mporokoso,2018,6829.221456511469
Mpulungu,2018,2552.9061249312094
Mungwi,2018,1246.1563741829668
Nakonde,2018,81.24875783392214
Choma,2018,154.17515104511335
Gwembe,2018,59.064038073730465
Itezhi-tezhi,2018,272.80521081856523
Kalomo,2018,22.716551849365235
Kazungula,2018,53.65171193189435
Livingstone,2018,0.0
Mazabuka,2018,47.2442655137006
Monze,2018,29.58699224489698
Namwala,2018,3.956473162841797
Siavonga,2018,85.70720821210077
Sinazongwe,2018,128.8656447998047
Kaoma,2018,4995.846855797287
Mongu,2018,450.8157950379615
Sesheke,2018,658.1067659742886
Chavuma,2018,304.6084434159103
Zambezi,2018,4418.9572077686025
Kalabo,2018,101.78475126199162
Lukulu,2018,2432.725543329504
Senanga,2018,188.7096168778244
Shang'ombo,2018,528.2984216978305
Chibombo,2019,737.6086208912329
Kabwe,2019,83.14185583139457
Kapiri-Mposhi,2019,2834.748028035793
Mkushi,2019,3190.746506767985
Mumbwa,2019,3381.6529164241774
Serenje,2019,3736.199503450401
Chililabombwe,2019,900.245164251685
Chingola,2019,1222.9550125390624
Kalulushi,2019,941.5913076746085
Kitwe,2019,447.64950870962116
Luanshya,2019,378.6540161758723
Lufwanyama,2019,8531.9294785482
Masaiti,2019,2946.6854368739946
Mpongwe,2019,5421.407388005563
Mufulira,2019,540.4656978478287
Ndola,2019,1039.2320621903007
Chadiza,2019,164.75466878360524
Chama,2019,590.8436854279403
Chipata,2019,196.57113991213333
Katete,2019,27.733954751479207
Lundazi,2019,379.01060935628254
Mambwe,2019,461.5936234916657
Nyimba,2019,224.85783927286784
Petauke,2019,142.75735234690947
Chienge,2019,1272.9982591359335
Kawambwa,2019,5822.568371612908
Mansa,2019,3949.4539316015625
Milenge,2019,1688.3663077559647
Mwense,2019,3714.2223457375912
Nchelenge,2019,1117.1372867421348
Samfya,2019,770.2416741957242
Chongwe,2019,246.70866676595054
Kafue,2019,233.60978484963812
Luangwa,2019,18.982711474609374
Lusaka,2019,17.540038983273973
Kabompo,2019,3928.790540977185
Kasempa,2019,4301.34034448606
Mufumbwe,2019,2427.787074296588
Mwinilunga,2019,4315.247124239095
Solwezi,2019,10872.589432478173
Chilubi,2019,455.5937701368863
Chinsali,2019,2472.8809035050217
Isoka,2019,462.5956955997003
Kaputa,2019,1975.50893560219
Kasama,2019,3994.4473617320336
Luwingu,2019,2618.868215817225
Mbala,2019,1031.1996763293935
Mpika,2019,5491.556796132597
Mporokoso,2019,6117.892288565627
Mpulungu,2019,2463.8967917498903
Mungwi,2019,1890.2885760462618
Nakonde,2019,119.74345152152267
Choma,2019,126.36966453247071
Gwembe,2019,107.80171500071806
Itezhi-tezhi,2019,234.73360961906883
Kalomo,2019,14.18905718383789
Kazungula,2019,33.49348887939453
Livingstone,2019,0.0
Mazabuka,2019,47.22315588378906
Monze,2019,42.674971697998046
Namwala,2019,3.7852672973632813
Siavonga,2019,121.18619970703125
Sinazongwe,2019,138.278071162612
Kaoma,2019,3799.542025984797
Mongu,2019,360.2591325134756
Sesheke,2019,481.55383647420246
Chavuma,2019,94.21005812827914
Zambezi,2019,3671.1296346830236
Kalabo,2019,19.673785443115236
Lukulu,2019,2806.415964393191
Senanga,2019,76.8098686227836
Shang'ombo,2019,181.8143071385761
Chibombo,2020,1003.1515714287492
Kabwe,2020,165.64440703500784
Kapiri-Mposhi,2020,4877.615463435753
Mkushi,2020,5321.1512700196745
Mumbwa,2020,5445.088704407743
Serenje,2020,4300.855324824578
Chililabombwe,2020,1498.4051064231244
Chingola,2020,1204.4937944224398
Kalulushi,2020,582.7646302268114
Kitwe,2020,473.1960847446097
Luanshya,2020,476.90836974516037
Lufwanyama,2020,11930.270856116847
Masaiti,2020,3201.652145384521
Mpongwe,2020,6541.023167694619
Mufulira,2020,924.2823464855958
Ndola,2020,895.914237199013
Chadiza,2020,291.29123940815043
Chama,2020,1186.6908675176164
Chipata,2020,686.6037210151942
Katete,2020,35.07548158569336
Lundazi,2020,726.739810499459
Mambwe,2020,523.7735627889236
Nyimba,2020,286.6846256536028
Petauke,2020,157.62284993719362
Chienge,2020,1018.3781387856636
Kawambwa,2020,8070.762538334459
Mansa,2020,5625.428758681377
Milenge,2020,2299.9562407558305
Mwense,2020,5565.144585819618
Nchelenge,2020,1705.2773123776187
Samfya,2020,1123.1678790568512
Chongwe,2020,483.9696347736912
Kafue,2020,329.723028416389
Luangwa,2020,17.18770550951191
Lusaka,2020,17.683705907796224
Kabompo,2020,4254.859509994902
Kasempa,2020,8391.588811235712
Mufumbwe,2020,5026.070050129634
Mwinilunga,2020,4218.659906614703
Solwezi,2020,15212.967137708909
Chilubi,2020,681.8170975923188
Chinsali,2020,2915.6975150016515
Isoka,2020,1014.6753950601975
Kaputa,2020,1569.1235812993307
Kasama,2020,4095.5382236220657
Luwingu,2020,3730.4280464829153
Mbala,2020,1123.9356603718118
Mpika,2020,6317.663825488975
Mporokoso,2020,7061.154645284879
Mpulungu,2020,2335.5266653479484
Mungwi,2020,1664.2181117361272
Nakonde,2020,65.31205031611424
Choma,2020,112.60419966054877
Gwembe,2020,47.838810076904295
Itezhi-tezhi,2020,815.2396167833515
Kalomo,2020,21.973216381835936
Kazungula,2020,31.01033154296875
Livingstone,2020,0.08518885498046876
Mazabuka,2020,113.74339814998852
Monze,2020,62.883841021728514
Namwala,2020,11.442152380371093
Siavonga,2020,115.77980143432617
Sinazongwe,2020,86.04157780493642
Kaoma,2020,5685.337115836205
Mongu,2020,378.01901345758176
Sesheke,2020,724.8749482891966
Chavuma,2020,246.63708927952192
Zambezi,2020,3789.096554143569
Kalabo,2020,78.05261387939453
Lukulu,2020,1803.599095150362
Senanga,2020,119.12546937693877
Shang'ombo,2020,141.55456047887466
Chibombo,2021,896.8255341194662
Kabwe,2021,153.10192134399415
Kapiri-Mposhi,2021,9350.446087872555
Mkushi,2021,7948.694967780306
Mumbwa,2021,5703.443878094674
Serenje,2021,6011.076699273898
Chililabombwe,2021,1255.1529892738731
Chingola,2021,924.1625099406162
Kalulushi,2021,721.8734305049882
Kitwe,2021,400.44794234944663
Luanshya,2021,356.29875510957606
Lufwanyama,2021,17151.538642168205
Masaiti,2021,4230.9538741535025
Mpongwe,2021,9495.695808945957
Mufulira,2021,1090.7798970354388
Ndola,2021,575.5817454256425
Chadiza,2021,606.577410548766
Chama,2021,1190.447958429338
Chipata,2021,964.405748567828
Katete,2021,94.2756039578307
Lundazi,2021,696.8186221391028
Mambwe,2021,997.8845645475022
Nyimba,2021,831.6878283326392
Petauke,2021,477.3769854377537
Chienge,2021,549.0164068240655
Kawambwa,2021,6014.871252692057
Mansa,2021,4856.858697630591
Milenge,2021,2712.8956264584294
Mwense,2021,3935.9805380206667
Nchelenge,2021,1372.3368245256013
Samfya,2021,969.3594802825806
Chongwe,2021,878.7312380425666
Kafue,2021,510.0574960882449
Luangwa,2021,146.7073145977185
Lusaka,2021,46.2689127584779
Kabompo,2021,5432.891120469276
Kasempa,2021,12235.937143088213
Mufumbwe,2021,8248.771074827091
Mwinilunga,2021,5434.493053538722
Solwezi,2021,18879.25252564537
Chilubi,2021,676.9645850850184
Chinsali,2021,2745.0356796515016
Isoka,2021,1754.8075669544176
Kaputa,2021,1854.7902461611998
Kasama,2021,4669.141017554238
Luwingu,2021,3541.1899598885097
Mbala,2021,1289.1990033553298
Mpika,2021,6408.457514968837
Mporokoso,2021,8266.517590127409
Mpulungu,2021,3176.164479957012
Mungwi,2021,2001.4719218200682
Nakonde,2021,55.454689067095586
Choma,2021,264.06990912427716
Gwembe,2021,160.63978549443266
Itezhi-tezhi,2021,773.7258140436151
Kalomo,2021,48.43949774528953
Kazungula,2021,45.04303699855431
Livingstone,2021,0.851934765625
Mazabuka,2021,96.34009788062002
Monze,2021,44.31613334350586
Namwala,2021,13.586022973728552
Siavonga,2021,355.7820548546406
Sinazongwe,2021,253.7991503381587
Kaoma,2021,7996.8337023472695
Mongu,2021,480.8439989852606
Sesheke,2021,991.5789774491374
Chavuma,2021,228.25453743446496
Zambezi,2021,4697.108886844123
Kalabo,2021,77.99236861572265
Lukulu,2021,3618.511627303323
Senanga,2021,210.592260483566
Shang'ombo,2021,495.16431515665687
Chibombo,2022,492.75641471057367
Kabwe,2022,352.4934658570772
Kapiri-Mposhi,2022,7321.2568625997155
Mkushi,2022,4945.426109507913
Mumbwa,2022,7634.780973395039
Serenje,2022,5277.870561635264
Chililabombwe,2022,1006.4058756095378
Chingola,2022,664.9194214527083
Kalulushi,2022,738.0768131297154
Kitwe,2022,199.8304568204992
Luanshya,2022,343.923715399146
Lufwanyama,2022,12842.844059276149
Masaiti,2022,2841.847360060892
Mpongwe,2022,6929.054089454871
Mufulira,2022,907.76741605373
Ndola,2022,189.8206640330595
Chadiza,2022,484.3194959026741
Chama,2022,1441.272934499416
Chipata,2022,806.776709071045
Katete,2022,117.22233202471566
Lundazi,2022,892.0385418264352
Mambwe,2022,474.06518166925173
Nyimba,2022,306.8140126660156
Petauke,2022,335.42888773657705
Chienge,2022,530.8840629448385
Kawambwa,2022,7279.887715293736
Mansa,2022,5181.405353237017
Milenge,2022,2581.9490317852665
Mwense,2022,4288.345598683579
Nchelenge,2022,1345.4128043380435
Samfya,2022,909.2194530548934
Chongwe,2022,518.7198942652086
Kafue,2022,190.5647387035654
Luangwa,2022,77.25878749389648
Lusaka,2022,12.175088823577283
Kabompo,2022,5276.842902791078
Kasempa,2022,14014.513305453214
Mufumbwe,2022,7883.268618743106
Mwinilunga,2022,4574.4292467880905
Solwezi,2022,15159.706986733636
Chilubi,2022,853.7771668414906
Chinsali,2022,2832.640412702924
Isoka,2022,877.6188315187223
Kaputa,2022,1823.3212286470064
Kasama,2022,5295.47307870931
Luwingu,2022,3359.498597698807
Mbala,2022,1277.5050084492048
Mpika,2022,6956.369513257818
Mporokoso,2022,8072.05774891513
Mpulungu,2022,3367.704143989928
Mungwi,2022,2602.536902505409
Nakonde,2022,95.5163539780321
Choma,2022,133.46666247558593
Gwembe,2022,106.73904100602692
Itezhi-tezhi,2022,1014.7527177598182
Kalomo,2022,26.133239362864774
Kazungula,2022,22.99783197931028
Livingstone,2022,1.1076696533203125
Mazabuka,2022,41.29260796508789
Monze,2022,20.89514172549977
Namwala,2022,4.815629107666016
Siavonga,2022,115.17917338256837
Sinazongwe,2022,108.88678633336686
Kaoma,2022,5213.113660135713
Mongu,2022,425.29358814879174
Sesheke,2022,522.4469752524702
Chavuma,2022,170.00781524155562
Zambezi,2022,3904.320786203614
Kalabo,2022,54.15719839628332
Lukulu,2022,2196.11996258722
Senanga,2022,116.78526809527229
Shang'ombo,2022,216.43611587567497
