date,spatial_ref,Muchinga,Eastern,Northern,Lusaka,Southern,Western,North-Western,Luapula,Copperbelt,Central
1999-01-31,0,-0.3644901,-0.30510315,0.32873493,0.1994601,-0.056029987,-0.98862517,-0.7335765,-0.36726084,-0.38323033,-0.20088294
1999-02-28,0,-0.7220941,-0.027836243,-0.29627186,0.81498426,0.07350806,-1.2701344,-0.9450388,-0.84264636,-0.69339466,-0.019243395
1999-03-31,0,-0.4602531,0.16165338,-0.067367986,0.90259624,0.20523551,-0.9864219,-0.39622256,-0.096284166,-0.12009839,0.2629849
1999-04-30,0,-0.20943184,0.29585305,0.28687212,0.9570681,0.23413041,-0.9529572,-0.3315517,0.23981282,-0.0126512125,0.34873626
1999-05-31,0,-0.1913019,0.31919053,0.3209728,0.94037515,0.20767495,-0.9757701,-0.34211808,0.27379957,-0.0053319647,0.35113087
1999-06-30,0,-0.16834795,0.32421976,0.32688665,0.95181334,0.20938328,-0.986101,-0.34908566,0.27648723,0.0031045654,0.36119434
1999-07-31,0,-0.15055239,0.35632738,0.33718416,0.99292827,0.24378291,-0.9554164,-0.3293655,0.28842074,0.03530081,0.39864102
1999-08-31,0,-0.09050519,0.40824392,0.42019653,1.0248199,0.29225388,-0.91709226,-0.28258282,0.35509163,0.09762481,0.4457606
1999-09-30,0,-0.069720715,0.42378962,0.48326412,1.0643946,0.32540616,-0.89607185,-0.2258236,0.41458622,0.12375,0.4747172
1999-10-31,0,-0.054578636,0.48974192,0.43157327,1.1015605,0.34002942,-0.8804909,-0.21813287,0.33874214,0.10518281,0.48818684
1999-11-30,0,0.11653133,0.6351952,0.6441486,1.0901546,0.36859357,-0.7891248,-0.25415522,0.36264047,-0.035244517,0.47533423
1999-12-31,0,-0.12128316,0.2543843,0.54251707,0.9798559,0.31078193,-0.7726814,-0.2833824,0.20016132,-0.29570588,0.24054132
2000-01-31,0,-0.33593544,0.071791954,0.35957143,1.0188223,0.12939312,-0.9837619,-0.4043587,0.19445331,-0.20003323,0.22655794
2000-02-29,0,-0.65500957,-0.019931585,-0.10000196,1.1117971,0.3337315,-0.8097491,-0.63907033,0.008713113,-0.117973745,0.3465958
2000-03-31,0,-0.6032711,0.11129854,-0.24153098,1.2988857,0.5448114,-0.34566298,-0.43404362,0.02119404,0.2880081,0.70184666
2000-04-30,0,-0.71075356,0.14425361,-0.37008774,1.3266822,0.59450734,-0.27984038,-0.4146833,-0.13062774,0.28062463,0.7283123
2000-05-31,0,-0.78666717,0.094417505,-0.48132035,1.2836394,0.60320944,-0.256084,-0.456284,-0.23677394,0.19949439,0.68117845
2000-06-30,0,-0.7999913,0.09675775,-0.49745908,1.313371,0.6287938,-0.2350279,-0.4347302,-0.24103396,0.22328189,0.6996169
2000-07-31,0,-0.8092791,0.10006434,-0.5242792,1.3185322,0.64186317,-0.22963855,-0.4358021,-0.26651868,0.23503281,0.71434075
2000-08-31,0,-0.770633,0.12896538,-0.4825053,1.3706838,0.697115,-0.18928973,-0.38269946,-0.24094826,0.29291645,0.7702408
2000-09-30,0,-0.78334457,0.12918162,-0.5341379,1.3940918,0.7256964,-0.17024022,-0.4082455,-0.27823028,0.27306774,0.7747984
2000-10-31,0,-0.7762231,0.14460148,-0.48946798,1.4413526,0.7776231,-0.15578093,-0.39114934,-0.22852738,0.29454187,0.8024114
2000-11-30,0,-0.011099614,0.5016893,0.15790059,1.5536039,0.7117235,-0.24665119,-0.40468726,0.2759065,0.61525124,0.9800422
2000-12-31,0,0.2603063,0.40551475,0.43754137,1.58779,0.8818418,-0.0029694387,-0.28871796,0.546197,0.7895217,0.96400833
2001-01-31,0,0.6882354,0.47135442,1.037144,1.3091636,0.46735105,-0.33369336,0.009325799,1.0415456,1.0577495,0.89497
2001-02-28,0,0.4213587,0.37958646,0.8337819,1.5840127,0.7070965,-0.06323209,0.18094546,1.0787833,1.4181373,1.177913
2001-03-31,0,0.7086614,0.71242434,0.92662084,1.8466978,0.73813397,0.068817675,0.38173863,1.0824555,1.747177,1.4291792
2001-04-30,0,0.45094624,0.5260281,0.4849771,1.5778488,0.64260733,0.1059154,0.29347762,0.7977789,1.5548531,1.2235156
2001-05-31,0,0.49956283,0.55327654,0.5334257,1.5817517,0.6593736,0.12173407,0.310842,0.8139123,1.559661,1.2376616
2001-06-30,0,0.49979216,0.55736876,0.53035945,1.5861373,0.6659627,0.13507295,0.31642446,0.80490863,1.5464044,1.240941
2001-07-31,0,0.4777841,0.53360754,0.5282524,1.5593108,0.6564535,0.13024831,0.30232152,0.79226255,1.5170414,1.2149234
2001-08-31,0,0.5024626,0.5485815,0.5514388,1.5476964,0.67118484,0.15686409,0.32165948,0.81875247,1.5353216,1.2265061
2001-09-30,0,0.5164977,0.53122073,0.5976277,1.4918747,0.6398538,0.1581026,0.32783648,0.83418113,1.5108502,1.1982249
2001-10-31,0,0.497172,0.44797227,0.5872971,1.403511,0.62860537,0.19856693,0.38426444,0.8089447,1.5013529,1.1629356
2001-11-30,0,0.16858713,0.11630857,0.30937722,1.3609399,0.7379683,0.37627977,0.3620578,0.7563276,1.5221442,1.1135924
2001-12-31,0,-0.5008959,0.0050111623,-0.41141054,1.5993054,0.9642136,0.46491113,0.09673518,-0.021254594,1.1584834,1.0695935
2002-01-31,0,-0.52316165,0.04152267,-0.5877115,1.2718605,0.5975714,0.1141387,-0.19284698,0.03371478,0.8860959,0.8203701
2002-02-28,0,-0.74454933,0.13360533,-0.8108695,1.0771624,0.49400344,0.14914317,-0.17645368,0.10641554,0.94921005,0.8003691
2002-03-31,0,-0.676054,-0.015449913,-0.59891033,0.8793205,0.37603554,-0.094604224,-0.77100927,0.30295736,0.3582449,0.59165084
2002-04-30,0,-0.85648614,-0.012033848,-0.92288065,1.0266259,0.47833964,0.102136865,-0.57812136,0.34728858,0.6100121,0.6965133
2002-05-31,0,-0.8308239,0.003759319,-0.93264335,1.0584682,0.502007,0.12530145,-0.5435234,0.35100365,0.6369727,0.72103554
2002-06-30,0,-0.785433,0.027284876,-0.89757293,1.0915451,0.529307,0.1464484,-0.5004205,0.38936993,0.68119526,0.74902946
2002-07-31,0,-0.7984043,0.02421677,-0.91038036,1.0880024,0.54390705,0.14856131,-0.5046453,0.37972358,0.6735775,0.7393632
2002-08-31,0,-0.79532117,0.018134123,-0.9138339,1.0692539,0.5430134,0.15479743,-0.5037329,0.36649814,0.66802025,0.73263216
2002-09-30,0,-0.74596786,0.0557156,-0.8719919,1.1155696,0.5805165,0.19677317,-0.45280248,0.4100869,0.73788315,0.78534824
2002-10-31,0,-0.76203835,0.07885074,-0.9241489,1.2036216,0.724044,0.2864433,-0.31843275,0.43777174,0.8274535,0.87585956
2002-11-30,0,-0.60827553,0.07310267,-0.6163694,1.2227013,0.690595,0.2667376,-0.2922737,0.66974515,0.99120647,0.9302236
2002-12-31,0,-0.041341003,0.33249456,-0.36799353,0.9410102,0.33739996,0.013170168,-0.26827237,0.88068527,1.1783563,0.9730536
2003-01-31,0,-0.017019395,0.09546648,-0.104630604,0.2418659,-0.12686285,-0.31914058,-0.51365906,1.1746874,0.94057506,0.5505932
2003-02-28,0,0.14807235,0.0868505,-0.031100266,0.0029793985,-0.25135568,-0.29193214,-0.5125523,1.129555,1.0599499,0.5681961
2003-03-31,0,-0.0029648305,0.18477072,-0.42943645,0.41691288,-0.051227275,-0.4196842,-0.672759,0.3094281,0.9459142,0.819922
2003-04-30,0,-0.1452819,0.11690726,-0.54792863,0.4315996,0.001793175,-0.21949758,-0.5682064,0.07715001,0.94238883,0.81046116
2003-05-31,0,-0.16586529,0.117233634,-0.57987154,0.45247555,0.029203152,-0.20516568,-0.5695518,0.045123756,0.9285689,0.8104192
2003-06-30,0,-0.14773883,0.14024426,-0.5611161,0.4766274,0.061583996,-0.1717275,-0.5403243,0.062856115,0.9572587,0.8367538
2003-07-31,0,-0.12825127,0.14983425,-0.5459847,0.47851768,0.05522209,-0.17774414,-0.5440897,0.07190368,0.9561213,0.84253615
2003-08-31,0,-0.18438725,0.10287727,-0.63024426,0.44242138,0.020001017,-0.20203298,-0.5906961,-0.004320929,0.8838943,0.79155135
2003-09-30,0,-0.17043084,0.10961842,-0.6474246,0.43116456,-0.008870856,-0.22873601,-0.6340697,-0.041301012,0.85964465,0.7816321
2003-10-31,0,-0.15572552,0.0905405,-0.62561345,0.36883986,0.013260036,-0.22193687,-0.6383974,-0.044132058,0.8577823,0.74632484
2003-11-30,0,-0.28322634,-0.047503635,-0.89162743,0.36005318,-0.00075368787,-0.13795505,-0.5527283,-0.15224008,0.96452147,0.77619684
2003-12-31,0,0.069503546,0.41896713,-0.57483715,0.6091039,0.14294139,0.06779779,-0.22937989,0.44941074,1.4999653,1.0701195
2004-01-31,0,0.18280238,0.4159858,-0.64407927,0.63969547,0.22092816,0.26306728,-0.025124928,0.18971585,1.6387614,1.1407408
2004-02-29,0,0.2870318,0.33643097,-0.37546068,0.43229914,-0.027571112,0.16520686,-0.016520344,0.31718728,1.5614291,1.001558
2004-03-31,0,0.08297662,0.19136102,-0.31432337,0.19468611,0.15287371,0.35392353,0.061346855,0.15832981,1.1703454,0.72058445
2004-04-30,0,0.2485207,0.2805173,-0.056563146,0.2258643,0.14548789,0.42108342,0.22865836,0.3901191,1.328918,0.78516394
2004-05-31,0,0.27187398,0.29695925,-0.034403153,0.22882351,0.1279535,0.40285382,0.22018537,0.40987104,1.3144541,0.78693676
2004-06-30,0,0.30043286,0.30804962,-0.004193257,0.21467866,0.1263773,0.4106565,0.21146347,0.43256363,1.2974092,0.7767819
2004-07-31,0,0.3045509,0.29994756,0.026929146,0.20761694,0.13279681,0.42048293,0.23242545,0.46168378,1.2971089,0.7639218
2004-08-31,0,0.29019743,0.26858458,0.005342762,0.16297188,0.09321117,0.40200815,0.20029666,0.43871993,1.257556,0.715442
2004-09-30,0,0.3485567,0.29455507,0.13577749,0.18763207,0.10493853,0.41066313,0.23546275,0.54019463,1.2799097,0.73296934
2004-10-31,0,0.3748878,0.35146928,0.15441263,0.3027034,0.18383086,0.4642191,0.33837953,0.6545458,1.3663962,0.8102248
2004-11-30,0,0.15881954,0.29326013,-0.05997918,0.12374693,0.029866144,0.4094857,0.20834361,0.6011521,1.3107706,0.67605096
2004-12-31,0,0.6300728,0.73625606,0.23397507,0.495828,0.08887506,0.30413538,0.09321798,0.8312498,1.2844707,0.89908874
2005-01-31,0,0.42919987,0.6151058,-0.11196217,0.507068,0.23923723,0.3368625,-0.30278406,0.65711814,0.8383741,0.7349451
2005-02-28,0,0.33484006,0.2429711,-0.28841063,-0.45921317,-0.6577977,-0.34319314,-0.71556544,0.33323362,0.019463833,-0.081972785
2005-03-31,0,0.077282466,-0.30192652,-0.26998872,-0.9059258,-1.0209639,-0.44064394,-0.8997162,0.12732488,-0.7402659,-0.61208767
2005-04-30,0,-9.552282e-05,-0.40381512,-0.34910247,-0.98078835,-1.0590591,-0.5057978,-0.92258614,0.046040248,-0.7876832,-0.69047666
2005-05-31,0,-0.06275921,-0.4553038,-0.3492054,-1.0139358,-1.0954314,-0.5416519,-0.94938177,0.014864307,-0.8343999,-0.7385452
2005-06-30,0,-0.077350326,-0.4737687,-0.35419437,-1.0312108,-1.1274316,-0.580635,-0.96853584,0.008085594,-0.8385907,-0.76041687
2005-07-31,0,-0.07863227,-0.48585427,-0.35677126,-1.0304128,-1.1345096,-0.596564,-0.9703324,0.0030374953,-0.8425033,-0.7646819
2005-08-31,0,-0.10724508,-0.5166626,-0.3724971,-1.050507,-1.1734805,-0.6382986,-0.9892193,-0.039788797,-0.8715944,-0.79692507
2005-09-30,0,-0.10251059,-0.52260965,-0.3795835,-1.053107,-1.2148302,-0.7097536,-1.0122288,-0.054777566,-0.8625882,-0.8062558
2005-10-31,0,-0.19126189,-0.54496896,-0.5409815,-1.0514609,-1.2929071,-0.85555565,-1.1008753,-0.17089641,-0.9474808,-0.8484965
2005-11-30,0,-0.13813217,-0.5100651,-0.64272076,-1.103679,-1.3975314,-0.96314573,-1.2369461,-0.4459368,-1.1148194,-0.95183617
2005-12-31,0,-0.37982577,-0.5811969,-0.8981646,-0.9974345,-1.1376835,-0.70238966,-1.1445465,-0.42356846,-0.8534085,-0.79238385
2006-01-31,0,-0.5499564,-0.59692925,-1.0529578,-0.92612934,-0.8498833,-0.51684916,-1.0951251,-0.6249806,-0.8293541,-0.7003256
2006-02-28,0,-0.42136475,-0.3760406,-0.966375,-0.40521273,-0.18721358,-0.17490923,-0.9556526,-0.73231286,-0.52637964,-0.21822545
2006-03-31,0,-0.24346182,-0.08058465,-1.0613195,0.024013704,0.14612542,0.19689742,-0.4888516,-0.68095064,0.09504508,0.21358766
2006-04-30,0,-0.18257262,-0.08537825,-0.96653706,-0.049334433,0.09703548,0.06025391,-0.594446,-0.7235931,-0.04272076,0.14937687
2006-05-31,0,-0.12288352,-0.054065842,-0.8409751,-0.022789512,0.1277999,0.08705898,-0.5526467,-0.6390711,0.017463345,0.1832525
2006-06-30,0,-0.13822894,-0.05803797,-0.85180455,-0.024737673,0.13321078,0.09347293,-0.5565647,-0.64345866,0.004766706,0.1830815
2006-07-31,0,-0.1025458,-0.033895876,-0.82234085,-0.006823936,0.13878277,0.10737914,-0.5422159,-0.6212767,0.033358335,0.21017852
2006-08-31,0,-0.12798586,-0.050284714,-0.821979,-0.0015751775,0.15172425,0.11324394,-0.53126,-0.6205418,0.02966774,0.206139
2006-09-30,0,-0.1620744,-0.08051486,-0.86430997,-0.021969143,0.13215093,0.089458995,-0.5689708,-0.67231256,-0.029590799,0.16680065
2006-10-31,0,-0.14879458,-0.08831529,-0.87288344,-0.058890797,0.066089705,0.09311617,-0.55478895,-0.6934933,-0.07354425,0.1217957
2006-11-30,0,-0.04639125,0.07844215,-0.76843446,-0.01680178,0.24741323,0.2584318,-0.47965747,-0.62252235,-0.0716856,0.21203592
2006-12-31,0,0.0883611,0.11520417,-0.37181556,-0.056112625,0.48361212,0.48682603,-0.32224727,-0.3514936,-0.23086293,0.07919546
2007-01-31,0,0.51624393,0.7469593,-0.28761736,0.3472256,0.9343425,0.7744647,-0.112940766,-0.28069073,-0.042922728,0.5517037
2007-02-28,0,0.76813596,0.86729544,0.17798468,0.30878127,0.8882375,0.7899716,0.07084283,0.17679502,0.15900774,0.66345143
2007-03-31,0,0.541799,0.6122953,0.12382492,-0.1256397,0.66829526,0.69710845,-0.15945557,0.0990946,-0.3037923,0.2101265
2007-04-30,0,0.4214624,0.58384824,-0.065300435,-0.112104386,0.67099124,0.5782195,-0.20275508,0.1250913,-0.35638452,0.20126538
2007-05-31,0,0.43291914,0.57770586,-0.040867716,-0.12367253,0.664023,0.5687937,-0.21420504,0.12012786,-0.35203674,0.19139574
2007-06-30,0,0.39596826,0.54846567,-0.06915049,-0.14170766,0.65095985,0.5576533,-0.2263667,0.09806863,-0.37804303,0.16634041
2007-07-31,0,0.38737237,0.5512244,-0.079688914,-0.1352449,0.6555301,0.5608515,-0.23312499,0.09343559,-0.38536623,0.1612542
2007-08-31,0,0.39126754,0.5399426,-0.07446137,-0.13258421,0.66324407,0.5697643,-0.23382962,0.08484587,-0.39472103,0.15389183
2007-09-30,0,0.36696815,0.5153475,-0.10824056,-0.134634,0.68952805,0.5988506,-0.20583744,0.07259933,-0.38579547,0.15738021
2007-10-31,0,0.42968735,0.5618385,-0.07181086,-0.14753179,0.6403156,0.6623408,-0.06969751,0.16381197,-0.3543217,0.14930823
2007-11-30,0,0.53819215,0.70899487,0.08887693,0.06605319,0.7973732,0.7186401,-0.050225236,0.31191823,-0.2194296,0.28803918
2007-12-31,0,0.8443122,0.8845357,0.28222144,0.74190736,1.2854111,0.9162803,0.14718597,0.26734215,0.12562403,0.7665222
2008-01-31,0,1.0314646,1.2034553,0.61781645,1.1477587,1.6551776,1.1856732,0.21119921,0.75056183,0.35024107,1.0836438
2008-02-29,0,0.9631374,1.1661745,0.5313946,0.72695863,1.5132515,1.1517259,0.12237544,0.6670901,0.090098806,0.88299924
2008-03-31,0,0.8000757,1.0210416,0.3380384,0.5392338,1.27334,0.789255,-0.22916375,0.35808432,0.039563756,0.7027681
2008-04-30,0,0.6051118,0.84072304,-0.034152623,0.40622818,1.2003014,0.6686024,-0.4560914,0.09732122,-0.18016809,0.57239455
2008-05-31,0,0.5911239,0.79871416,0.0058555882,0.34876573,1.1730417,0.6748821,-0.45739588,0.08991096,-0.21547578,0.5183223
2008-06-30,0,0.56410015,0.76034695,-0.01550089,0.31040424,1.1537851,0.65947765,-0.4748295,0.05884131,-0.24063382,0.48685873
2008-07-31,0,0.5742567,0.7806447,-0.015749611,0.31629252,1.1461035,0.64928955,-0.48983437,0.04419695,-0.24300592,0.4876733
2008-08-31,0,0.58428407,0.78372526,0.007150608,0.32538152,1.1545907,0.66227746,-0.47735083,0.0576848,-0.2216531,0.49919558
2008-09-30,0,0.51941884,0.7479779,-0.13758634,0.29848403,1.1419104,0.63372755,-0.5577356,-0.075185835,-0.28329065,0.46532622
2008-10-31,0,0.5075151,0.693626,-0.1310889,0.17303076,1.0537615,0.5752436,-0.62161624,-0.13005064,-0.42280117,0.36478925
2008-11-30,0,0.3310197,0.55032593,-0.012695577,0.31029013,1.3048458,1.0503168,-0.036418796,0.09421453,0.007119083,0.5539157
2008-12-31,0,-0.41089022,0.32802173,-0.60262257,0.2854718,1.3950998,1.2061665,0.0036793896,-0.32173377,-0.02222955,0.52268803
2009-01-31,0,-0.5702168,0.08352135,-0.7960608,0.4806165,1.5335908,1.3551642,0.28641635,-0.5873771,0.25581825,0.6976746
2009-02-28,0,-0.37877357,0.28945056,-0.5290062,0.66154796,1.5831584,1.4988964,0.51357615,-0.13720514,0.53102297,0.87474227
2009-03-31,0,-0.029564777,0.7646612,-0.46902022,1.1144352,1.7935839,1.6212524,0.64566594,0.03553911,1.0453669,1.2596687
2009-04-30,0,0.1454732,0.87265056,-0.3188853,1.2169536,1.8073604,1.5896958,0.6157815,0.18706456,1.1066628,1.3350444
2009-05-31,0,0.19508801,0.938585,-0.22467588,1.2928957,1.8364794,1.6050313,0.670801,0.31200016,1.2270712,1.4053234
2009-06-30,0,0.19674136,0.94652736,-0.23689367,1.3000691,1.8480161,1.613082,0.66942334,0.30946195,1.22027,1.4116497
2009-07-31,0,0.22091384,0.9844114,-0.22719482,1.3351232,1.8661581,1.6265589,0.6904879,0.33192918,1.2531806,1.443681
2009-08-31,0,0.24700843,1.0198982,-0.22600336,1.3841045,1.8824539,1.638287,0.705803,0.33261737,1.2790558,1.4763186
2009-09-30,0,0.22106066,1.0071249,-0.2558625,1.3883367,1.8937842,1.6519985,0.6987801,0.2938174,1.2405858,1.4712076
2009-10-31,0,0.25335163,1.0263251,-0.19830741,1.4076847,1.9081968,1.679965,0.7661753,0.3808238,1.2542107,1.4801137
2009-11-30,0,0.7128328,1.3339711,0.20419036,1.6178439,1.9770789,1.7639537,1.1154251,0.78659856,1.5873181,1.712958
2009-12-31,0,1.191219,1.7599002,0.73463255,1.5431722,1.8803698,1.6914047,1.1548604,1.2001402,1.5290878,1.6593302
2010-01-31,0,1.1379954,1.5268778,0.7145255,1.4842256,1.8347372,1.6839191,0.9970121,0.94017375,1.3387142,1.5558707
2010-02-28,0,1.161583,1.9455491,0.5125411,1.8618426,1.7996156,1.7004253,1.229039,0.96248925,1.6188575,1.8985097
2010-03-31,0,1.1311994,1.8668594,0.4555649,1.5532911,1.8169538,1.7674633,1.2012603,0.79586595,1.5244867,1.785985
2010-04-30,0,1.0865802,1.8833,0.27924314,1.6312633,1.8673252,1.8502957,1.322756,0.73371875,1.6510702,1.8617005
2010-05-31,0,1.0498674,1.8746526,0.1904168,1.6212265,1.866153,1.8567387,1.3142427,0.67584467,1.6097652,1.841816
2010-06-30,0,1.0684501,1.8932012,0.20254442,1.6291355,1.8714728,1.8633476,1.3223379,0.68020904,1.6186275,1.8481348
2010-07-31,0,1.0657343,1.9135506,0.19151601,1.6709071,1.88574,1.8699169,1.3462644,0.67655677,1.6391306,1.871608
2010-08-31,0,1.0846907,1.93037,0.18306808,1.6853942,1.8852122,1.8667696,1.331979,0.67013365,1.6455684,1.8820146
2010-09-30,0,1.0492669,1.9197457,0.11074374,1.6858759,1.8773528,1.8446159,1.2550397,0.590846,1.6082824,1.8757262
2010-10-31,0,1.0120981,1.8653841,0.105094634,1.6079416,1.8180928,1.7884283,1.0942792,0.5707786,1.4659626,1.7857685
2010-11-30,0,0.80674523,1.7279052,-0.32106483,1.566805,1.8077042,1.7600613,1.0752894,0.3424831,1.5046417,1.770125
2010-12-31,0,0.5047322,1.8418564,-0.8414313,2.084378,1.9179435,1.7989649,1.3135347,-0.03715014,1.6789436,2.0292954
2011-01-31,0,-0.001429113,1.5372491,-1.1031064,2.4627805,1.9228038,1.8316416,1.2890064,-0.38893747,1.6722146,2.0535922
2011-02-28,0,-0.2631451,1.0979354,-1.397487,1.659193,1.8567952,1.8202678,1.0234303,-0.50609905,1.0455171,1.5034406
2011-03-31,0,-0.037224583,1.1492764,-1.2405739,1.6936367,1.9475877,1.9862359,1.2601662,-0.18992026,1.2335842,1.6065329
2011-04-30,0,0.059724722,1.1888828,-1.1871855,1.6894169,1.9284691,2.0027864,1.2467641,-0.1200314,1.3142215,1.6236953
2011-05-31,0,0.055579226,1.1805855,-1.1720814,1.6733389,1.9309022,2.0159948,1.2880192,-0.077771336,1.3292471,1.6219509
2011-06-30,0,0.05527484,1.1624414,-1.1639228,1.6354496,1.9235741,2.0184467,1.2817032,-0.06993443,1.3147752,1.5996028
2011-07-31,0,0.036023483,1.1426306,-1.1764067,1.6011918,1.9150983,2.015938,1.2811146,-0.077271715,1.3090396,1.5851222
2011-08-31,0,0.024597034,1.1230981,-1.1686257,1.5898033,1.9094956,2.0188727,1.2863714,-0.07727781,1.3186969,1.586474
2011-09-30,0,0.026500879,1.1131563,-1.15886,1.5834991,1.904974,2.0095844,1.2447908,-0.09847421,1.2936932,1.5732113
2011-10-31,0,0.049067333,1.1045526,-1.079801,1.584176,1.905705,1.9806315,1.1862545,-0.023097994,1.2742954,1.5770867
2011-11-30,0,0.25189137,1.1801251,-0.8023921,1.4381872,1.8493408,2.00729,1.3054628,0.19450127,1.360667,1.5637307
2011-12-31,0,-0.12654588,0.821266,-1.0884566,0.82695544,1.5651953,1.9420835,1.1791248,-0.01502871,1.0169052,1.1385906
2012-01-31,0,-0.16866025,0.813006,-1.2255037,0.51789534,1.221629,1.64605,1.0512244,-0.08410909,0.9176805,0.9494301
2012-02-29,0,-0.13570316,0.94167733,-1.2286972,0.80884916,1.2618855,1.6577744,1.1334046,-0.028649934,1.2106026,1.1493571
2012-03-31,0,0.07215076,1.1382437,-1.2496656,0.8796372,1.282448,1.6719038,1.237179,0.189094,1.34551,1.2520431
2012-04-30,0,0.12863158,1.28913,-1.3753027,1.0047886,1.3030382,1.6725508,1.2342753,0.15295406,1.3943219,1.3215812
2012-05-31,0,0.13594145,1.2875322,-1.3463882,0.99215245,1.2923763,1.6511464,1.2217126,0.19918005,1.4037251,1.3233134
2012-06-30,0,0.14741686,1.2975942,-1.3374962,0.99140847,1.2864848,1.648201,1.2244952,0.2142809,1.4003887,1.3228083
2012-07-31,0,0.123175114,1.273982,-1.3451144,0.9573159,1.2708855,1.6462029,1.2199507,0.21536854,1.3859627,1.3004341
2012-08-31,0,0.121425904,1.267755,-1.3224638,0.9494462,1.2591118,1.6389251,1.223033,0.23881444,1.3861407,1.2940611
2012-09-30,0,0.13515009,1.2723392,-1.2538018,0.95365745,1.264967,1.6565826,1.3096374,0.3143627,1.4355093,1.3145504
2012-10-31,0,0.14896968,1.2541987,-1.2308608,0.9449221,1.2828151,1.7018409,1.3938622,0.34748882,1.4034252,1.3062767
2012-11-30,0,0.16321525,1.2568238,-1.3965566,0.73867655,1.0896591,1.458819,1.0626422,0.09488233,1.0086758,1.0918745
2012-12-31,0,0.33078608,1.1611679,-1.1215491,0.61082256,1.1427737,1.5301293,1.2606131,0.4544707,1.2022569,1.0645467
2013-01-31,0,0.30483255,1.3199422,-1.074775,0.58683985,1.2456586,1.4729235,1.0850264,0.36301163,1.0864421,1.0918218
2013-02-28,0,0.2796764,1.2677416,-1.0267098,0.9692763,1.3315463,1.5413246,1.1251806,0.11661098,1.196367,1.3340534
2013-03-31,0,0.063545644,0.98658925,-0.9557407,0.58283603,1.0982119,1.2672358,0.8356359,0.0016052284,0.5551342,0.93314165
2013-04-30,0,-0.009708329,1.0009152,-0.94760287,0.55971104,1.0638111,1.2357491,0.8322281,0.013122903,0.5849366,0.9184601
2013-05-31,0,-0.017590594,0.9591234,-1.0385717,0.50065875,1.0234584,1.219175,0.7903855,-0.077109255,0.50343496,0.86538404
2013-06-30,0,-0.022727232,0.9387985,-1.0430217,0.4843684,1.0134428,1.2145324,0.79279244,-0.07965514,0.49888682,0.8519555
2013-07-31,0,-0.06444282,0.89636177,-1.0558151,0.42597425,0.9772514,1.1988735,0.7769691,-0.0931824,0.46196112,0.8036666
2013-08-31,0,-0.056593966,0.8710986,-1.026548,0.39459983,0.9586915,1.1979519,0.7806026,-0.07035632,0.4596798,0.78378993
2013-09-30,0,-0.056718975,0.8609928,-0.98200285,0.37769547,0.9487624,1.203631,0.8034362,-0.035515413,0.469434,0.7745197
2013-10-31,0,-0.035347026,0.8754917,-0.96539605,0.43084922,0.9818603,1.2016549,0.81653434,0.027706178,0.5457506,0.82157576
2013-11-30,0,-0.4830032,0.5198198,-1.1769127,0.025992831,0.79004246,1.069253,0.6566882,-0.10476052,0.2790268,0.5017055
2013-12-31,0,-0.47224006,0.21510428,-0.8288116,0.08557962,0.9979002,1.2901113,0.90169424,-0.07081979,0.36895925,0.503208
2014-01-31,0,-0.30875093,0.34639534,-0.640342,0.5224913,1.1599811,1.2685446,1.0098122,0.11210779,0.5539137,0.68007714
2014-02-28,0,-0.32422766,-0.1845048,-0.41867086,-0.010455112,0.99087524,1.1190103,0.7747919,0.15311195,0.14859916,0.14784822
2014-03-31,0,-0.49958047,-0.38689068,-0.3595244,-0.12677427,0.84824663,1.0827934,0.8890998,0.08738378,-0.24576728,-0.08308554
2014-04-30,0,-0.3715028,-0.36603907,-0.109342754,-0.1567007,0.7758496,1.0117253,0.9958831,0.2878613,-0.23731638,-0.112322174
2014-05-31,0,-0.37931007,-0.38498667,-0.13219474,-0.1727218,0.7572182,0.9902218,0.983213,0.2868951,-0.22553554,-0.120359965
2014-06-30,0,-0.3942376,-0.41784838,-0.13395156,-0.2149178,0.7312306,0.9767376,0.97452295,0.27965227,-0.23910223,-0.15293278
2014-07-31,0,-0.40579098,-0.45316285,-0.13786644,-0.27010453,0.7049224,0.9624264,0.9517524,0.27680674,-0.2757283,-0.19430265
2014-08-31,0,-0.4212007,-0.4868614,-0.09951628,-0.31182358,0.67765373,0.9481612,0.93618333,0.2868576,-0.2998876,-0.23102783
2014-09-30,0,-0.4072059,-0.4987733,-0.041931584,-0.3251008,0.6876315,0.96679485,0.9549906,0.32290968,-0.2958738,-0.23892274
2014-10-31,0,-0.30014762,-0.445443,0.11981523,-0.29956388,0.7006389,0.9800307,1.021288,0.43037003,-0.22527571,-0.19734344
2014-11-30,0,-0.36551085,-0.58925426,0.012378873,-0.52615047,0.5254343,0.85535526,0.8682133,0.21094774,-0.45981014,-0.43238896
2014-12-31,0,-0.73612875,-0.9723103,-0.3021187,-0.6127171,0.5396218,0.6143814,0.32289174,-0.2157125,-0.69218826,-0.6994162
2015-01-31,0,-0.59202546,-0.99485135,-0.18669248,-0.670796,0.390613,0.3574035,0.13733003,-0.14114285,-0.8140974,-0.78449816
2015-02-28,0,-0.57513887,-0.80552274,-0.18338948,-0.24920481,0.30295095,0.12777099,0.07277355,-0.45040715,-0.59180623,-0.5350847
2015-03-31,0,-0.94340456,-0.9789425,-0.38112757,-0.35318947,0.08012773,-0.39135116,-0.46285233,-0.71102256,-0.98740834,-0.7512614
2015-04-30,0,-0.79898816,-0.923432,-0.12454842,-0.069341615,0.28622642,-0.12351536,-0.18583973,-0.4178208,-0.59248024,-0.49740106
2015-05-31,0,-0.8161556,-0.9365774,-0.13694853,-0.07526862,0.26900715,-0.13785924,-0.18580173,-0.43038747,-0.58844745,-0.50489795
2015-06-30,0,-0.8209758,-0.9313648,-0.13905895,-0.06687582,0.26858187,-0.1439348,-0.17409112,-0.42433733,-0.57954186,-0.49500424
2015-07-31,0,-0.84811383,-0.95097065,-0.15868445,-0.08185494,0.2458368,-0.15891956,-0.18781483,-0.43767455,-0.5990877,-0.5132347
2015-08-31,0,-0.8713242,-0.9760409,-0.18136929,-0.11117485,0.20508185,-0.19800048,-0.21391614,-0.44841465,-0.6191904,-0.5399969
2015-09-30,0,-0.8869528,-0.987907,-0.17991607,-0.107273355,0.19269978,-0.19201542,-0.18318664,-0.43088537,-0.61931396,-0.5435869
2015-10-31,0,-0.94379294,-1.0354877,-0.2316826,-0.16626383,0.1262459,-0.28037062,-0.3187685,-0.5067963,-0.6827189,-0.6059062
2015-11-30,0,-0.9961795,-1.1545107,-0.16342838,-0.27339813,-0.024121827,-0.503692,-0.36215582,-0.56866676,-0.8670089,-0.73618186
2015-12-31,0,-0.8730979,-1.1243998,0.058350597,-0.40575245,-0.21585926,-0.83147097,-0.49765742,-0.4360892,-0.93632036,-0.80965286
2016-01-31,0,-0.9085623,-1.4365028,0.29774365,-0.61513484,-0.36190137,-0.8871004,-0.4691501,-0.4453739,-1.0384003,-1.004923
2016-02-29,0,-1.0431951,-1.6438755,0.094092846,-0.7597542,-0.39219803,-0.88337183,-0.49359444,-0.65368927,-1.3077898,-1.2084526
2016-03-31,0,-0.96311575,-1.5974958,0.16662988,-0.47074705,-0.08678054,-0.521436,-0.3487788,-0.67998815,-1.1230656,-0.954674
2016-04-30,0,-0.93529886,-1.6748266,0.34632176,-0.4874928,-0.08615024,-0.498554,-0.29938245,-0.64906585,-1.0985425,-0.95453256
2016-05-31,0,-0.9236675,-1.6777846,0.32733148,-0.46799737,-0.06983291,-0.47461587,-0.27980185,-0.6556778,-1.0770025,-0.9311154
2016-06-30,0,-0.9275426,-1.6860762,0.3181313,-0.46756333,-0.06751626,-0.47257555,-0.2702644,-0.659742,-1.0702869,-0.93192136
2016-07-31,0,-0.91692406,-1.6848843,0.3253072,-0.4354386,-0.045621894,-0.46430266,-0.24740922,-0.6470755,-1.0434521,-0.9059537
2016-08-31,0,-0.9253403,-1.6898265,0.2829609,-0.42634627,-0.052045185,-0.49297026,-0.26978922,-0.6788865,-1.0478659,-0.9072024
2016-09-30,0,-0.92899734,-1.6938295,0.25973126,-0.45015866,-0.08512226,-0.5203762,-0.32846364,-0.7172725,-1.081344,-0.9306184
2016-10-31,0,-1.0041991,-1.7082245,0.1289057,-0.47013843,-0.1588122,-0.64824307,-0.4966418,-0.84163976,-1.1138035,-0.9736014
2016-11-30,0,-1.1758912,-1.6706473,-0.28051248,-0.33889413,-0.08683635,-0.6970906,-0.60489696,-1.1162424,-1.0503516,-0.8368806
2016-12-31,0,-1.4019185,-1.7338817,-0.70724845,-0.36399183,-0.24370442,-0.8573731,-0.9985906,-1.461825,-1.3239172,-1.013783
2017-01-31,0,-1.3129283,-1.5736136,-0.7014392,-0.36808747,-0.27329925,-0.7445517,-1.063627,-1.4069864,-1.1858398,-0.951176
2017-02-28,0,-1.0759854,-1.3255026,-0.62640536,-0.098753676,0.060591284,-0.3857924,-0.58983666,-1.1804533,-0.5534535,-0.5712449
2017-03-31,0,-1.070335,-1.2670822,-0.7707904,0.13635486,0.27273166,-0.03409089,-0.55235136,-1.3192323,-0.3700167,-0.35480514
2017-04-30,0,-1.0124587,-1.1827369,-0.6998284,0.2951927,0.3693082,0.1625154,-0.3997479,-1.1010753,-0.07529826,-0.19489977
2017-05-31,0,-0.9783195,-1.1441258,-0.6680885,0.34059224,0.39490253,0.18157548,-0.36516473,-1.0679452,-0.03491759,-0.15556502
2017-06-30,0,-0.96163917,-1.1250311,-0.6389749,0.37519953,0.41359854,0.1980087,-0.34739572,-1.0438809,-0.015346738,-0.1379079
2017-07-31,0,-0.9655722,-1.1221243,-0.6392475,0.40361345,0.4288421,0.21028675,-0.3356884,-1.0424731,-0.008545771,-0.124774426
2017-08-31,0,-0.9445728,-1.0951275,-0.62150156,0.43227324,0.43893856,0.20860179,-0.32825926,-1.0267689,-0.0019226222,-0.1081249
2017-09-30,0,-0.9450173,-1.0965574,-0.65628785,0.44008258,0.42715278,0.17916118,-0.38749793,-1.0485318,-0.023299994,-0.11409748
2017-10-31,0,-0.91847014,-1.1053911,-0.47944224,0.44163126,0.46055397,0.26849005,-0.2358271,-0.88645416,-0.0024308003,-0.09283628
2017-11-30,0,-0.66291344,-0.8333592,-0.41038463,0.74828786,0.54549116,0.2030928,-0.1466308,-0.8826151,0.3459804,0.21629833
2017-12-31,0,-0.65766495,-0.72743815,-0.74561995,0.7925547,0.3475318,0.04308819,-0.20520912,-0.91722363,0.57761,0.3023215
2018-01-31,0,-0.82723856,-1.0911137,-0.7642069,-0.08950989,-0.23888002,-0.33892298,-0.4800365,-1.0327208,0.0076856734,-0.24119948
2018-02-28,0,-1.0358622,-1.0376577,-0.99612117,0.47780767,0.4758087,0.09022161,-0.22551134,-1.1276449,0.30282912,0.11640082
2018-03-31,0,-1.01196,-0.867643,-1.0881819,0.71063864,0.61530507,0.21763872,-0.4108052,-1.1586804,0.66470444,0.39189145
2018-04-30,0,-0.99229467,-0.85532653,-0.891201,0.6212907,0.5876267,0.24139936,-0.49472395,-1.1034319,0.61624825,0.35659966
2018-05-31,0,-0.95686775,-0.8105981,-0.8320315,0.66528344,0.6118994,0.27856848,-0.42411217,-1.0406028,0.6951998,0.40790096
2018-06-30,0,-0.9816214,-0.8258363,-0.83668107,0.6540214,0.60469574,0.27505404,-0.42420048,-1.038146,0.67973745,0.3944684
2018-07-31,0,-0.9488538,-0.80281067,-0.80732834,0.7005287,0.6236914,0.29442388,-0.39099866,-1.0130097,0.7362251,0.4412248
2018-08-31,0,-0.9727185,-0.819142,-0.8442297,0.67023766,0.5897368,0.27709335,-0.40512332,-1.0296078,0.7078136,0.41470543
2018-09-30,0,-0.98150146,-0.8327601,-0.83846396,0.6440713,0.5599749,0.27146387,-0.38737878,-0.9950863,0.7083965,0.39662915
2018-10-31,0,-0.98114514,-0.8174222,-0.87023205,0.66405845,0.5561913,0.25564027,-0.40314868,-0.9357279,0.70842224,0.4067925
2018-11-30,0,-0.89375514,-0.66415673,-0.6809254,0.78029287,0.5018124,0.120088436,-0.48180732,-0.7362061,0.7342473,0.48071525
2018-12-31,0,-0.299334,-0.3182781,-0.10578237,0.5158887,0.15125176,-0.07518465,-0.4265628,-0.12429776,0.82254237,0.45995274
2019-01-31,0,-0.2774225,-0.46479934,-0.0482121,0.20547317,-0.05015073,-0.29016504,-0.14473249,-0.025770625,0.8359184,0.30343804
2019-02-28,0,-0.17097075,-0.3934228,0.03627143,0.01136812,-0.023557512,-0.10954958,0.09699987,0.22433223,0.82243544,0.25768483
2019-03-31,0,0.057635516,-0.31692508,0.079828046,-0.12585025,-0.2269112,-0.2447089,0.045117225,0.30832085,0.8195881,0.17754987
2019-04-30,0,-0.041059162,-0.32758576,-0.080925904,-0.35576424,-0.4021351,-0.43040687,-0.019217215,0.028874116,0.58834416,-0.009442505
2019-05-31,0,0.007556538,-0.29560143,-0.015406288,-0.35349923,-0.4246763,-0.4401434,-0.020009197,0.06781704,0.6049164,-0.0020444582
2019-06-30,0,0.020062098,-0.27964196,-0.019083196,-0.35036737,-0.4334114,-0.4492189,-0.0387474,0.062236875,0.5929727,-0.0011201524
2019-07-31,0,0.028880453,-0.2739657,-0.011936111,-0.36083838,-0.44582886,-0.4599104,-0.048068497,0.064165026,0.58092755,-0.014022873
2019-08-31,0,0.032198995,-0.25761846,-0.009726124,-0.35046357,-0.41880178,-0.42364222,-0.010618001,0.06763666,0.58705515,-0.0060461448
2019-09-30,0,0.05381791,-0.23657402,0.017126668,-0.3501133,-0.40827435,-0.43110207,-0.018562466,0.07724136,0.6074527,-0.00040843035
2019-10-31,0,0.06501228,-0.19600216,0.0022890985,-0.30777362,-0.4111246,-0.3763739,0.08874035,0.10308446,0.58148885,0.017743623
2019-11-30,0,0.051345896,-0.05857542,-0.19774592,-0.19044922,-0.34884983,-0.4006393,-0.039652683,-0.00470703,0.5993106,0.09528617
2019-12-31,0,0.12947322,-0.033134345,-0.061776184,-0.2916554,-0.54108983,-0.5518126,-0.26084182,-0.053291533,0.37005,-0.0630493
2020-01-31,0,0.22811124,0.08663527,-0.012722116,-0.28655225,-0.26000017,-0.43245846,-0.2470558,-0.1287514,0.16948476,-0.051937763
2020-02-29,0,0.5259402,0.4391919,0.2530712,0.3945919,0.03644796,-0.2648818,0.020329144,0.117838554,0.5301629,0.3937901
2020-03-31,0,0.4267494,0.061593115,0.5458979,-0.17844722,-0.24275205,-0.17880088,0.2381425,0.30142298,0.0925233,-0.10450623
2020-04-30,0,0.392538,0.028881593,0.7239623,-0.2731393,-0.28322563,-0.17401573,0.25242624,0.42569152,0.035550028,-0.16956286
2020-05-31,0,0.38340825,0.03469101,0.71208054,-0.29548484,-0.31353715,-0.19104634,0.23380633,0.4181253,0.015056319,-0.19584833
2020-06-30,0,0.39664978,0.058993224,0.7368121,-0.2804396,-0.3024473,-0.1787844,0.25332755,0.44301048,0.03677133,-0.18042275
2020-07-31,0,0.42251614,0.081032224,0.75286895,-0.2741266,-0.31556544,-0.18695155,0.25130048,0.45452493,0.037629057,-0.1776696
2020-08-31,0,0.43711916,0.10694662,0.78822184,-0.26896468,-0.30010754,-0.14211477,0.2904938,0.49144244,0.035813227,-0.17826381
2020-09-30,0,0.45755976,0.13075355,0.8037672,-0.24038257,-0.27004272,-0.10560091,0.31797206,0.51688737,0.063753225,-0.15546641
2020-10-31,0,0.56528324,0.22825846,0.94531983,-0.16923986,-0.212261,-0.048030764,0.4580645,0.71073365,0.22447656,-0.058212563
2020-11-30,0,0.5929497,-0.03806278,1.1106033,-0.3176021,-0.2428474,0.0388796,0.38569364,0.8047195,0.035855547,-0.23318477
2020-12-31,0,0.85965234,0.22988352,1.3133276,-0.048582666,-0.022862885,0.094151765,0.6361045,1.1424787,0.5295208,0.18314184
2021-01-31,0,0.9453086,0.080848,1.4248067,-0.35051975,-0.09400953,0.11854213,0.917335,1.205972,0.5306945,0.041463867
2021-02-28,0,0.8934469,0.05109405,1.4048918,-0.37392604,-0.49649218,-0.46830982,0.45220524,1.1590716,0.08001123,-0.13841054
2021-03-31,0,1.071806,0.37635732,1.4476608,-0.39806595,-0.78214425,-0.83408755,0.48506165,1.4230782,0.6631895,0.08749358
2021-04-30,0,1.0031172,0.2416027,1.3101109,-0.5536762,-0.92902535,-1.0704601,0.28776458,1.1774961,0.3059174,-0.097655885
2021-05-31,0,0.9907731,0.2239679,1.3111191,-0.55912703,-0.93093824,-1.050676,0.30802733,1.1887634,0.28664094,-0.11094959
2021-06-30,0,1.0025549,0.23435768,1.323941,-0.5648218,-0.9369185,-1.0498437,0.31942543,1.1963896,0.28901273,-0.10747107
2021-07-31,0,1.039288,0.2631364,1.3449235,-0.5613867,-0.941463,-1.0502871,0.33193186,1.2152815,0.31455052,-0.08469479
2021-08-31,0,1.0319691,0.25258714,1.3516917,-0.5637553,-0.9507828,-1.047087,0.33683667,1.2242521,0.30761194,-0.0888684
2021-09-30,0,1.0563902,0.2865763,1.372114,-0.548821,-0.9219334,-1.0174446,0.37516534,1.2394141,0.3360205,-0.061480388
2021-10-31,0,1.049229,0.3161017,1.2756085,-0.542825,-0.9531968,-0.9987244,0.30237508,1.0860342,0.20012201,-0.10000994
2021-11-30,0,0.77850235,-0.0023497436,1.1356778,-0.72961235,-1.1534535,-1.1096311,-0.09513413,0.78883445,-0.2783469,-0.4014784
2021-12-31,0,0.056867383,-0.4923152,0.5044369,-1.0214273,-1.2944031,-1.2877407,-0.5240286,0.23494337,-0.8062725,-0.8149534
2022-01-31,0,0.48281196,0.108017914,0.96966577,-0.13790171,-0.42010936,-0.70438373,-0.13753688,0.52744174,0.072455175,0.067944296
2022-02-28,0,0.8195874,0.15812898,1.2632318,-0.8720313,-1.5995715,-1.170157,-0.6168411,0.59707403,-0.48233438,-0.411116
2022-03-31,0,0.7775949,-0.08645066,1.2479864,-1.0369182,-1.7122613,-1.2227901,-0.51103055,0.48374304,-0.83881176,-0.6556867
2022-04-30,0,0.8175515,0.06351905,1.1131349,-0.9074375,-1.6194949,-1.2423198,-0.29709277,0.44112387,-0.6977004,-0.51978886
2022-05-31,0,0.78579384,0.015575022,1.0635211,-0.95018846,-1.6299742,-1.261179,-0.3752188,0.36488444,-0.7845921,-0.5794256
2022-06-30,0,0.8300374,0.062002182,1.0844393,-0.9076262,-1.5910361,-1.2385494,-0.3646237,0.38225314,-0.75436085,-0.53542095
2022-07-31,0,0.8103809,0.061763972,1.0849092,-0.9061531,-1.5885723,-1.2249448,-0.36163625,0.3829266,-0.7800733,-0.55297375
2022-08-31,0,0.8358421,0.098963514,1.1107305,-0.8738974,-1.5398889,-1.1894543,-0.33928677,0.40278342,-0.7590052,-0.519532
2022-09-30,0,0.84317845,0.12142379,1.1156983,-0.84726644,-1.4872725,-1.1553171,-0.2988352,0.39929137,-0.7313174,-0.48885864
2022-10-31,0,0.7642582,0.049299117,1.0176954,-0.88624775,-1.4719522,-1.1144745,-0.35015467,0.2540361,-0.76799315,-0.53227335
2022-11-30,0,0.8999025,0.17715818,1.1135665,-0.6533731,-1.0941939,-0.75110686,0.098881,0.385688,-0.50465906,-0.27637023
2022-12-31,0,0.908795,0.15637703,1.2740672,-0.65770483,-0.9777162,-0.6502112,0.18759173,0.46284127,-0.4471066,-0.27617237
